line,sid,msg,status,category,reason,rule
1,105,MALWARE-BACKDOOR - Dagger_1.4.0,included,"behavior_header,payload_positioned",combina cabecalho/fluxo com payload posicionado; todos os contents possuem offset/depth/distance/within,"alert tcp $HOME_NET 2589 -> $EXTERNAL_NET any ( msg:""MALWARE-BACKDOOR - Dagger_1.4.0""; flow:to_client,established; content:""2|00 00 00 06 00 00 00|Drives|24 00|"",depth 16; metadata:ruleset community; classtype:misc-activity; sid:105; rev:14; )"
4,115,MALWARE-BACKDOOR NetBus Pro 2.0 connection established,included,"behavior_header,payload_positioned",combina cabecalho/fluxo com payload posicionado; todos os contents possuem offset/depth/distance/within,"alert tcp $HOME_NET 20034 -> $EXTERNAL_NET any ( msg:""MALWARE-BACKDOOR NetBus Pro 2.0 connection established""; flow:to_client,established; flowbits:isset,backdoor.netbus_2.connect; content:""BN|10 00 02 00|"",depth 6; content:""|05 00|"",depth 2,offset 8; metadata:ruleset community; classtype:trojan-activity; sid:115; rev:15; )"
5,117,MALWARE-BACKDOOR Infector.1.x,included,"behavior_header,payload_positioned",combina cabecalho/fluxo com payload posicionado; todos os contents possuem offset/depth/distance/within,"alert tcp $HOME_NET any -> $EXTERNAL_NET any ( msg:""MALWARE-BACKDOOR Infector.1.x""; flow:to_client,established; content:""WHATISIT"",depth 9; metadata:impact_flag red,ruleset community; reference:nessus,11157; classtype:misc-activity; sid:117; rev:17; )"
6,118,MALWARE-BACKDOOR SatansBackdoor.2.0.Beta,included,"behavior_header,payload_positioned",combina cabecalho/fluxo com payload posicionado; todos os contents possuem offset/depth/distance/within,"alert tcp $HOME_NET 666 -> $EXTERNAL_NET any ( msg:""MALWARE-BACKDOOR SatansBackdoor.2.0.Beta""; flow:to_client,established; content:""Remote|3A| "",depth 11,nocase; content:""You are connected to me.|0D 0A|Remote|3A| Ready for commands"",distance 0,nocase; metadata:ruleset community; reference:url,www.megasecurity.org/trojans/s/satanzbackdoor/SBD2.0b.html; reference:url,www3.ca.com/securityadvisor/pest/pest.aspx?id=5260; classtype:trojan-activity; sid:118; rev:12; )"
7,119,MALWARE-BACKDOOR Doly 2.0 access,included,"behavior_header,payload_positioned",combina cabecalho/fluxo com payload posicionado; todos os contents possuem offset/depth/distance/within,"alert tcp $HOME_NET 6789 -> $EXTERNAL_NET any ( msg:""MALWARE-BACKDOOR Doly 2.0 access""; flow:to_client,established; content:""Wtzup Use"",depth 32; metadata:ruleset community; classtype:misc-activity; sid:119; rev:11; )"
19,185,MALWARE-BACKDOOR CDK,included,"behavior_header,payload_positioned",combina cabecalho/fluxo com payload posicionado; todos os contents possuem offset/depth/distance/within,"alert tcp $EXTERNAL_NET any -> $HOME_NET 79 ( msg:""MALWARE-BACKDOOR CDK""; flow:to_server,established; content:""ypi0ca"",depth 15,nocase; metadata:ruleset community; classtype:misc-activity; sid:185; rev:10; )"
21,208,MALWARE-BACKDOOR PhaseZero Server Active on Network,included,"behavior_header,payload_positioned",combina cabecalho/fluxo com payload posicionado; todos os contents possuem offset/depth/distance/within,"alert tcp $HOME_NET 555 -> $EXTERNAL_NET any ( msg:""MALWARE-BACKDOOR PhaseZero Server Active on Network""; flow:to_client,established; content:""phAse zero server"",depth 17,nocase; metadata:policy max-detect-ips drop,ruleset community; reference:url,www.megasecurity.org/trojans/p/phasezero/PhaseZero1.0b.html; reference:url,www3.ca.com/securityadvisor/pest/pest.aspx?id=4539; classtype:trojan-activity; sid:208; rev:13; )"
37,224,PROTOCOL-ICMP Stacheldraht server spoof,included,behavior_header,"usa apenas cabecalho, fluxo, flags ou metadados do pacote","alert icmp 3.3.3.3/32 any -> $EXTERNAL_NET any ( msg:""PROTOCOL-ICMP Stacheldraht server spoof""; icmp_id:666; itype:0; metadata:ruleset community; reference:cve,2000-0138; classtype:attempted-dos; sid:224; rev:10; )"
63,254,PROTOCOL-DNS SPOOF query response with TTL of 1 min. and no authority,included,"behavior_header,payload_positioned",combina cabecalho/fluxo com payload posicionado; todos os contents possuem offset/depth/distance/within,"alert udp $EXTERNAL_NET 53 -> $HOME_NET any ( msg:""PROTOCOL-DNS SPOOF query response with TTL of 1 min. and no authority""; flow:to_client; content:""|81 80|"",depth 4,offset 2,fast_pattern; byte_test:2,>,0,0,relative,big; byte_test:2,>,0,2,relative,big; content:""|00 00 00 00|"",within 4,distance 4; content:""|C0 0C 00 01 00 01|"",distance 0; byte_test:4,<,61,0,relative,big; byte_test:4,>,0,0,relative,big; metadata:ruleset community; service:dns; classtype:bad-unknown; gid:1; sid:254; rev:17; )"
65,256,PROTOCOL-DNS named authors attempt,included,"behavior_header,payload_positioned",combina cabecalho/fluxo com payload posicionado; todos os contents possuem offset/depth/distance/within,"alert udp $EXTERNAL_NET any -> $HOME_NET 53 ( msg:""PROTOCOL-DNS named authors attempt""; flow:to_server; content:""|07|authors"",offset 12,nocase; content:""|04|bind|00|"",offset 12,nocase; metadata:policy max-detect-ips drop,ruleset community; service:dns; reference:nessus,10728; classtype:attempted-recon; sid:256; rev:16; )"
66,257,PROTOCOL-DNS named version attempt,included,"behavior_header,payload_positioned",combina cabecalho/fluxo com payload posicionado; todos os contents possuem offset/depth/distance/within,"alert tcp $EXTERNAL_NET any -> $HOME_NET 53 ( msg:""PROTOCOL-DNS named version attempt""; flow:to_server,established; content:""|07|version"",offset 12,nocase; content:""|04|bind|00|"",offset 12,nocase; metadata:policy max-detect-ips drop,ruleset community; service:dns; reference:nessus,10028; classtype:attempted-recon; sid:257; rev:18; )"
76,271,SERVER-OTHER UDP echo+chargen bomb,included,behavior_header,"usa apenas cabecalho, fluxo, flags ou metadados do pacote","alert udp any 19 <> any 7 ( msg:""SERVER-OTHER UDP echo+chargen bomb""; flow:to_server; metadata:policy max-detect-ips drop,ruleset community; reference:cve,1999-0103; reference:cve,1999-0635; classtype:attempted-dos; sid:271; rev:12; )"
77,272,OS-WINDOWS Microsoft WIndows IGMP dos attack,included,behavior_header,"usa apenas cabecalho, fluxo, flags ou metadados do pacote","alert ip $EXTERNAL_NET any -> $HOME_NET any ( msg:""OS-WINDOWS Microsoft WIndows IGMP dos attack""; fragbits:M+; ip_proto:2; metadata:ruleset community; reference:bugtraq,514; reference:cve,1999-0918; reference:url,technet.microsoft.com/en-us/security/bulletin/MS99-034; classtype:attempted-dos; sid:272; rev:16; )"
82,279,SERVER-OTHER Bay/Nortel Nautica Marlin,included,behavior_header,"usa apenas cabecalho, fluxo, flags ou metadados do pacote","alert udp $EXTERNAL_NET any -> $HOME_NET 161 ( msg:""SERVER-OTHER Bay/Nortel Nautica Marlin""; flow:to_server; dsize:0; metadata:policy max-detect-ips drop,ruleset community; reference:bugtraq,1009; reference:cve,2000-0221; classtype:attempted-dos; sid:279; rev:11; )"
83,281,SERVER-OTHER Ascend Route,included,"behavior_header,payload_positioned",combina cabecalho/fluxo com payload posicionado; todos os contents possuem offset/depth/distance/within,"alert udp $EXTERNAL_NET any -> $HOME_NET 9 ( msg:""SERVER-OTHER Ascend Route""; flow:to_server; content:""NAMENAME"",depth 50,offset 25; metadata:policy max-detect-ips drop,ruleset community; reference:bugtraq,714; reference:cve,1999-0060; classtype:attempted-dos; sid:281; rev:13; )"
117,331,PROTOCOL-FINGER cybercop query,included,"behavior_header,payload_positioned",combina cabecalho/fluxo com payload posicionado; todos os contents possuem offset/depth/distance/within,"alert tcp $EXTERNAL_NET any -> $HOME_NET 79 ( msg:""PROTOCOL-FINGER cybercop query""; flow:to_server,established; content:""|0A|     "",depth 10; metadata:ruleset community; reference:cve,1999-0612; classtype:attempted-recon; sid:331; rev:16; )"
134,363,PROTOCOL-ICMP IRDP router advertisement,included,behavior_header,"usa apenas cabecalho, fluxo, flags ou metadados do pacote","alert icmp $EXTERNAL_NET any -> $HOME_NET any ( msg:""PROTOCOL-ICMP IRDP router advertisement""; itype:9; metadata:ruleset community; reference:bugtraq,578; reference:cve,1999-0875; classtype:misc-activity; sid:363; rev:11; )"
135,364,PROTOCOL-ICMP IRDP router selection,included,behavior_header,"usa apenas cabecalho, fluxo, flags ou metadados do pacote","alert icmp $EXTERNAL_NET any -> $HOME_NET any ( msg:""PROTOCOL-ICMP IRDP router selection""; itype:10; metadata:ruleset community; reference:bugtraq,578; reference:cve,1999-0875; classtype:misc-activity; sid:364; rev:11; )"
136,365,PROTOCOL-ICMP PING undefined code,included,behavior_header,"usa apenas cabecalho, fluxo, flags ou metadados do pacote","alert icmp $EXTERNAL_NET any -> $HOME_NET any ( msg:""PROTOCOL-ICMP PING undefined code""; icode:>0; itype:8; metadata:ruleset community; classtype:misc-activity; sid:365; rev:11; )"
137,366,PROTOCOL-ICMP PING Unix,included,"behavior_header,payload_positioned",combina cabecalho/fluxo com payload posicionado; todos os contents possuem offset/depth/distance/within,"alert icmp $EXTERNAL_NET any -> $HOME_NET any ( msg:""PROTOCOL-ICMP PING Unix""; itype:8; content:""|10 11 12 13 14 15 16 17 18 19 1A 1B 1C 1D 1E 1F|"",depth 32; metadata:ruleset community; classtype:misc-activity; sid:366; rev:11; )"
138,368,PROTOCOL-ICMP PING BSDtype,included,"behavior_header,payload_positioned",combina cabecalho/fluxo com payload posicionado; todos os contents possuem offset/depth/distance/within,"alert icmp $EXTERNAL_NET any -> $HOME_NET any ( msg:""PROTOCOL-ICMP PING BSDtype""; itype:8; content:""|08 09 0A 0B 0C 0D 0E 0F 10 11 12 13 14 15 16 17|"",depth 32; metadata:ruleset community; classtype:misc-activity; sid:368; rev:10; )"
139,369,PROTOCOL-ICMP PING BayRS Router,included,"behavior_header,payload_positioned",combina cabecalho/fluxo com payload posicionado; todos os contents possuem offset/depth/distance/within,"alert icmp $EXTERNAL_NET any -> $HOME_NET any ( msg:""PROTOCOL-ICMP PING BayRS Router""; itype:8; content:""|01 02 03 04 05 06 07 08 09 0A 0B 0C 0D 0E 0F|"",depth 32; metadata:ruleset community; classtype:misc-activity; sid:369; rev:10; )"
140,370,PROTOCOL-ICMP PING BeOS4.x,included,"behavior_header,payload_positioned",combina cabecalho/fluxo com payload posicionado; todos os contents possuem offset/depth/distance/within,"alert icmp $EXTERNAL_NET any -> $HOME_NET any ( msg:""PROTOCOL-ICMP PING BeOS4.x""; itype:8; content:""|00 00 00 00 00 00 00 00 00 00 00 00 08 09 0A 0B|"",depth 32; metadata:ruleset community; classtype:misc-activity; sid:370; rev:11; )"
141,371,PROTOCOL-ICMP PING Cisco Type.x,included,"behavior_header,payload_positioned",combina cabecalho/fluxo com payload posicionado; todos os contents possuem offset/depth/distance/within,"alert icmp $EXTERNAL_NET any -> $HOME_NET any ( msg:""PROTOCOL-ICMP PING Cisco Type.x""; itype:8; content:""|AB CD AB CD AB CD AB CD AB CD AB CD AB CD AB CD|"",depth 32; metadata:ruleset community; classtype:misc-activity; sid:371; rev:11; )"
142,372,PROTOCOL-ICMP PING Delphi-Piette Windows,included,"behavior_header,payload_positioned",combina cabecalho/fluxo com payload posicionado; todos os contents possuem offset/depth/distance/within,"alert icmp $EXTERNAL_NET any -> $HOME_NET any ( msg:""PROTOCOL-ICMP PING Delphi-Piette Windows""; itype:8; content:""Pinging from Del"",depth 32; metadata:ruleset community; classtype:misc-activity; sid:372; rev:11; )"
143,373,PROTOCOL-ICMP PING Flowpoint2200 or Network Management Software,included,"behavior_header,payload_positioned",combina cabecalho/fluxo com payload posicionado; todos os contents possuem offset/depth/distance/within,"alert icmp $EXTERNAL_NET any -> $HOME_NET any ( msg:""PROTOCOL-ICMP PING Flowpoint2200 or Network Management Software""; itype:8; content:""|01 02 03 04 05 06 07 08 09 0A 0B 0C 0D 0E 0F 10|"",depth 32; metadata:ruleset community; classtype:misc-activity; sid:373; rev:10; )"
144,374,PROTOCOL-ICMP PING IP NetMonitor Macintosh,included,"behavior_header,payload_positioned",combina cabecalho/fluxo com payload posicionado; todos os contents possuem offset/depth/distance/within,"alert icmp $EXTERNAL_NET any -> $HOME_NET any ( msg:""PROTOCOL-ICMP PING IP NetMonitor Macintosh""; itype:8; content:""|A9| Sustainable So"",depth 32; metadata:ruleset community; classtype:misc-activity; sid:374; rev:11; )"
145,375,PROTOCOL-ICMP PING LINUX/*BSD,included,behavior_header,"usa apenas cabecalho, fluxo, flags ou metadados do pacote","alert icmp $EXTERNAL_NET any -> $HOME_NET any ( msg:""PROTOCOL-ICMP PING LINUX/*BSD""; dsize:8; id:13170; itype:8; metadata:ruleset community; classtype:misc-activity; sid:375; rev:10; )"
146,376,PROTOCOL-ICMP PING Microsoft Windows,included,"behavior_header,payload_positioned",combina cabecalho/fluxo com payload posicionado; todos os contents possuem offset/depth/distance/within,"alert icmp $EXTERNAL_NET any -> $HOME_NET any ( msg:""PROTOCOL-ICMP PING Microsoft Windows""; itype:8; content:""0123456789abcdefghijklmnop"",depth 32; metadata:ruleset community; classtype:misc-activity; sid:376; rev:11; )"
147,377,PROTOCOL-ICMP PING Network Toolbox 3 Windows,included,"behavior_header,payload_positioned",combina cabecalho/fluxo com payload posicionado; todos os contents possuem offset/depth/distance/within,"alert icmp $EXTERNAL_NET any -> $HOME_NET any ( msg:""PROTOCOL-ICMP PING Network Toolbox 3 Windows""; itype:8; content:""================"",depth 32; metadata:ruleset community; classtype:misc-activity; sid:377; rev:11; )"
148,378,PROTOCOL-ICMP PING Ping-O-MeterWindows,included,"behavior_header,payload_positioned",combina cabecalho/fluxo com payload posicionado; todos os contents possuem offset/depth/distance/within,"alert icmp $EXTERNAL_NET any -> $HOME_NET any ( msg:""PROTOCOL-ICMP PING Ping-O-MeterWindows""; itype:8; content:""OMeterObeseArmad"",depth 32; metadata:ruleset community; classtype:misc-activity; sid:378; rev:11; )"
149,379,PROTOCOL-ICMP PING Pinger Windows,included,"behavior_header,payload_positioned",combina cabecalho/fluxo com payload posicionado; todos os contents possuem offset/depth/distance/within,"alert icmp $EXTERNAL_NET any -> $HOME_NET any ( msg:""PROTOCOL-ICMP PING Pinger Windows""; itype:8; content:""Data|00 00 00 00 00 00 00 00 00 00 00 00|"",depth 32; metadata:ruleset community; classtype:misc-activity; sid:379; rev:11; )"
150,380,PROTOCOL-ICMP PING Seer Windows,included,"behavior_header,payload_positioned",combina cabecalho/fluxo com payload posicionado; todos os contents possuem offset/depth/distance/within,"alert icmp $EXTERNAL_NET any -> $HOME_NET any ( msg:""PROTOCOL-ICMP PING Seer Windows""; itype:8; content:""|88 04|              "",depth 32; metadata:ruleset community; classtype:misc-activity; sid:380; rev:11; )"
151,381,PROTOCOL-ICMP PING Oracle Solaris,included,behavior_header,"usa apenas cabecalho, fluxo, flags ou metadados do pacote","alert icmp $EXTERNAL_NET any -> $HOME_NET any ( msg:""PROTOCOL-ICMP PING Oracle Solaris""; dsize:8; itype:8; metadata:ruleset community; classtype:misc-activity; sid:381; rev:11; )"
152,382,PROTOCOL-ICMP PING Windows,included,"behavior_header,payload_positioned",combina cabecalho/fluxo com payload posicionado; todos os contents possuem offset/depth/distance/within,"alert icmp $EXTERNAL_NET any -> $HOME_NET any ( msg:""PROTOCOL-ICMP PING Windows""; itype:8; content:""abcdefghijklmnop"",depth 16; metadata:ruleset community; classtype:misc-activity; sid:382; rev:11; )"
153,384,PROTOCOL-ICMP PING,included,behavior_header,"usa apenas cabecalho, fluxo, flags ou metadados do pacote","alert icmp $EXTERNAL_NET any -> $HOME_NET any ( msg:""PROTOCOL-ICMP PING""; icode:0; itype:8; metadata:ruleset community; classtype:misc-activity; sid:384; rev:8; )"
154,385,PROTOCOL-ICMP traceroute,included,behavior_header,"usa apenas cabecalho, fluxo, flags ou metadados do pacote","alert icmp $EXTERNAL_NET any -> $HOME_NET any ( msg:""PROTOCOL-ICMP traceroute""; itype:8; ttl:1; metadata:ruleset community; classtype:attempted-recon; sid:385; rev:8; )"
155,386,PROTOCOL-ICMP Address Mask Reply,included,behavior_header,"usa apenas cabecalho, fluxo, flags ou metadados do pacote","alert icmp $HOME_NET any -> $EXTERNAL_NET any ( msg:""PROTOCOL-ICMP Address Mask Reply""; icode:0; itype:18; metadata:ruleset community; classtype:misc-activity; sid:386; rev:8; )"
156,387,PROTOCOL-ICMP Address Mask Reply undefined code,included,behavior_header,"usa apenas cabecalho, fluxo, flags ou metadados do pacote","alert icmp $EXTERNAL_NET any -> $HOME_NET any ( msg:""PROTOCOL-ICMP Address Mask Reply undefined code""; icode:>0; itype:18; metadata:ruleset community; classtype:misc-activity; sid:387; rev:10; )"
157,388,PROTOCOL-ICMP Address Mask Request,included,behavior_header,"usa apenas cabecalho, fluxo, flags ou metadados do pacote","alert icmp $EXTERNAL_NET any -> $HOME_NET any ( msg:""PROTOCOL-ICMP Address Mask Request""; icode:0; itype:17; metadata:ruleset community; classtype:misc-activity; sid:388; rev:8; )"
158,389,PROTOCOL-ICMP Address Mask Request undefined code,included,behavior_header,"usa apenas cabecalho, fluxo, flags ou metadados do pacote","alert icmp $EXTERNAL_NET any -> $HOME_NET any ( msg:""PROTOCOL-ICMP Address Mask Request undefined code""; icode:>0; itype:17; metadata:ruleset community; classtype:misc-activity; sid:389; rev:10; )"
159,390,PROTOCOL-ICMP Alternate Host Address,included,behavior_header,"usa apenas cabecalho, fluxo, flags ou metadados do pacote","alert icmp $EXTERNAL_NET any -> $HOME_NET any ( msg:""PROTOCOL-ICMP Alternate Host Address""; icode:0; itype:6; metadata:ruleset community; classtype:misc-activity; sid:390; rev:8; )"
160,391,PROTOCOL-ICMP Alternate Host Address undefined code,included,behavior_header,"usa apenas cabecalho, fluxo, flags ou metadados do pacote","alert icmp $EXTERNAL_NET any -> $HOME_NET any ( msg:""PROTOCOL-ICMP Alternate Host Address undefined code""; icode:>0; itype:6; metadata:ruleset community; classtype:misc-activity; sid:391; rev:11; )"
161,392,PROTOCOL-ICMP Datagram Conversion Error,included,behavior_header,"usa apenas cabecalho, fluxo, flags ou metadados do pacote","alert icmp $EXTERNAL_NET any -> $HOME_NET any ( msg:""PROTOCOL-ICMP Datagram Conversion Error""; icode:0; itype:31; metadata:ruleset community; classtype:misc-activity; sid:392; rev:8; )"
162,393,PROTOCOL-ICMP Datagram Conversion Error undefined code,included,behavior_header,"usa apenas cabecalho, fluxo, flags ou metadados do pacote","alert icmp $EXTERNAL_NET any -> $HOME_NET any ( msg:""PROTOCOL-ICMP Datagram Conversion Error undefined code""; icode:>0; itype:31; metadata:ruleset community; classtype:misc-activity; sid:393; rev:11; )"
163,394,PROTOCOL-ICMP Destination Unreachable Destination Host Unknown,included,behavior_header,"usa apenas cabecalho, fluxo, flags ou metadados do pacote","alert icmp $EXTERNAL_NET any -> $HOME_NET any ( msg:""PROTOCOL-ICMP Destination Unreachable Destination Host Unknown""; icode:7; itype:3; metadata:ruleset community; classtype:misc-activity; sid:394; rev:9; )"
164,395,PROTOCOL-ICMP Destination Unreachable Destination Network Unknown,included,behavior_header,"usa apenas cabecalho, fluxo, flags ou metadados do pacote","alert icmp $EXTERNAL_NET any -> $HOME_NET any ( msg:""PROTOCOL-ICMP Destination Unreachable Destination Network Unknown""; icode:6; itype:3; metadata:ruleset community; classtype:misc-activity; sid:395; rev:9; )"
165,396,PROTOCOL-ICMP Destination Unreachable Fragmentation Needed and DF bit was set,included,behavior_header,"usa apenas cabecalho, fluxo, flags ou metadados do pacote","alert icmp $EXTERNAL_NET any -> $HOME_NET any ( msg:""PROTOCOL-ICMP Destination Unreachable Fragmentation Needed and DF bit was set""; icode:4; itype:3; metadata:policy max-detect-ips drop,ruleset community; reference:cve,2004-0790; reference:cve,2005-0068; reference:cve,2015-7759; classtype:misc-activity; sid:396; rev:12; )"
166,397,PROTOCOL-ICMP Destination Unreachable Host Precedence Violation,included,behavior_header,"usa apenas cabecalho, fluxo, flags ou metadados do pacote","alert icmp $EXTERNAL_NET any -> $HOME_NET any ( msg:""PROTOCOL-ICMP Destination Unreachable Host Precedence Violation""; icode:14; itype:3; metadata:ruleset community; classtype:misc-activity; sid:397; rev:9; )"
167,398,PROTOCOL-ICMP Destination Unreachable Host Unreachable for Type of Service,included,behavior_header,"usa apenas cabecalho, fluxo, flags ou metadados do pacote","alert icmp $EXTERNAL_NET any -> $HOME_NET any ( msg:""PROTOCOL-ICMP Destination Unreachable Host Unreachable for Type of Service""; icode:12; itype:3; metadata:ruleset community; classtype:misc-activity; sid:398; rev:9; )"
168,399,PROTOCOL-ICMP Destination Unreachable Host Unreachable,included,behavior_header,"usa apenas cabecalho, fluxo, flags ou metadados do pacote","alert icmp $EXTERNAL_NET any -> $HOME_NET any ( msg:""PROTOCOL-ICMP Destination Unreachable Host Unreachable""; icode:1; itype:3; metadata:ruleset community; classtype:misc-activity; sid:399; rev:9; )"
169,400,PROTOCOL-ICMP Destination Unreachable Network Unreachable for Type of Service,included,behavior_header,"usa apenas cabecalho, fluxo, flags ou metadados do pacote","alert icmp $EXTERNAL_NET any -> $HOME_NET any ( msg:""PROTOCOL-ICMP Destination Unreachable Network Unreachable for Type of Service""; icode:11; itype:3; metadata:ruleset community; classtype:misc-activity; sid:400; rev:10; )"
170,401,PROTOCOL-ICMP Destination Unreachable Network Unreachable,included,behavior_header,"usa apenas cabecalho, fluxo, flags ou metadados do pacote","alert icmp $EXTERNAL_NET any -> $HOME_NET any ( msg:""PROTOCOL-ICMP Destination Unreachable Network Unreachable""; icode:0; itype:3; metadata:ruleset community; classtype:misc-activity; sid:401; rev:9; )"
171,402,PROTOCOL-ICMP destination unreachable port unreachable packet detected,included,behavior_header,"usa apenas cabecalho, fluxo, flags ou metadados do pacote","alert icmp $EXTERNAL_NET any -> $HOME_NET any ( msg:""PROTOCOL-ICMP destination unreachable port unreachable packet detected""; icode:3; itype:3; metadata:policy max-detect-ips drop,ruleset community; reference:cve,2004-0790; reference:cve,2005-0068; classtype:misc-activity; sid:402; rev:16; )"
172,403,PROTOCOL-ICMP Destination Unreachable Precedence Cutoff in effect,included,behavior_header,"usa apenas cabecalho, fluxo, flags ou metadados do pacote","alert icmp $EXTERNAL_NET any -> $HOME_NET any ( msg:""PROTOCOL-ICMP Destination Unreachable Precedence Cutoff in effect""; icode:15; itype:3; metadata:ruleset community; classtype:misc-activity; sid:403; rev:9; )"
173,404,PROTOCOL-ICMP Destination Unreachable Protocol Unreachable,included,behavior_header,"usa apenas cabecalho, fluxo, flags ou metadados do pacote","alert icmp $EXTERNAL_NET any -> $HOME_NET any ( msg:""PROTOCOL-ICMP Destination Unreachable Protocol Unreachable""; icode:2; itype:3; metadata:policy max-detect-ips drop,ruleset community; reference:cve,2004-0790; reference:cve,2005-0068; classtype:misc-activity; sid:404; rev:14; )"
174,405,PROTOCOL-ICMP Destination Unreachable Source Host Isolated,included,behavior_header,"usa apenas cabecalho, fluxo, flags ou metadados do pacote","alert icmp $EXTERNAL_NET any -> $HOME_NET any ( msg:""PROTOCOL-ICMP Destination Unreachable Source Host Isolated""; icode:8; itype:3; metadata:ruleset community; classtype:misc-activity; sid:405; rev:9; )"
175,406,PROTOCOL-ICMP Destination Unreachable Source Route Failed,included,behavior_header,"usa apenas cabecalho, fluxo, flags ou metadados do pacote","alert icmp $EXTERNAL_NET any -> $HOME_NET any ( msg:""PROTOCOL-ICMP Destination Unreachable Source Route Failed""; icode:5; itype:3; metadata:ruleset community; classtype:misc-activity; sid:406; rev:9; )"
176,407,PROTOCOL-ICMP Destination Unreachable cndefined code,included,behavior_header,"usa apenas cabecalho, fluxo, flags ou metadados do pacote","alert icmp $EXTERNAL_NET any -> $HOME_NET any ( msg:""PROTOCOL-ICMP Destination Unreachable cndefined code""; icode:>15; itype:3; metadata:ruleset community; classtype:misc-activity; sid:407; rev:10; )"
177,408,PROTOCOL-ICMP Echo Reply,included,behavior_header,"usa apenas cabecalho, fluxo, flags ou metadados do pacote","alert icmp $EXTERNAL_NET any -> $HOME_NET any ( msg:""PROTOCOL-ICMP Echo Reply""; icode:0; itype:0; metadata:ruleset community; classtype:misc-activity; sid:408; rev:8; )"
178,409,PROTOCOL-ICMP Echo Reply undefined code,included,behavior_header,"usa apenas cabecalho, fluxo, flags ou metadados do pacote","alert icmp $EXTERNAL_NET any -> $HOME_NET any ( msg:""PROTOCOL-ICMP Echo Reply undefined code""; icode:>0; itype:0; metadata:ruleset community; classtype:misc-activity; sid:409; rev:10; )"
179,410,PROTOCOL-ICMP Fragment Reassembly Time Exceeded,included,behavior_header,"usa apenas cabecalho, fluxo, flags ou metadados do pacote","alert icmp $EXTERNAL_NET any -> $HOME_NET any ( msg:""PROTOCOL-ICMP Fragment Reassembly Time Exceeded""; icode:1; itype:11; metadata:ruleset community; classtype:misc-activity; sid:410; rev:8; )"
180,411,PROTOCOL-ICMP IPV6 I-Am-Here,included,behavior_header,"usa apenas cabecalho, fluxo, flags ou metadados do pacote","alert icmp $EXTERNAL_NET any -> $HOME_NET any ( msg:""PROTOCOL-ICMP IPV6 I-Am-Here""; icode:0; itype:34; metadata:ruleset community; classtype:misc-activity; sid:411; rev:8; )"
181,412,PROTOCOL-ICMP IPV6 I-Am-Here undefined code,included,behavior_header,"usa apenas cabecalho, fluxo, flags ou metadados do pacote","alert icmp $EXTERNAL_NET any -> $HOME_NET any ( msg:""PROTOCOL-ICMP IPV6 I-Am-Here undefined code""; icode:>0; itype:34; metadata:ruleset community; classtype:misc-activity; sid:412; rev:10; )"
182,413,PROTOCOL-ICMP IPV6 Where-Are-You,included,behavior_header,"usa apenas cabecalho, fluxo, flags ou metadados do pacote","alert icmp $EXTERNAL_NET any -> $HOME_NET any ( msg:""PROTOCOL-ICMP IPV6 Where-Are-You""; icode:0; itype:33; metadata:ruleset community; classtype:misc-activity; sid:413; rev:8; )"
183,414,PROTOCOL-ICMP IPV6 Where-Are-You undefined code,included,behavior_header,"usa apenas cabecalho, fluxo, flags ou metadados do pacote","alert icmp $EXTERNAL_NET any -> $HOME_NET any ( msg:""PROTOCOL-ICMP IPV6 Where-Are-You undefined code""; icode:>0; itype:33; metadata:ruleset community; classtype:misc-activity; sid:414; rev:10; )"
184,415,PROTOCOL-ICMP Information Reply,included,behavior_header,"usa apenas cabecalho, fluxo, flags ou metadados do pacote","alert icmp $HOME_NET any -> $EXTERNAL_NET any ( msg:""PROTOCOL-ICMP Information Reply""; icode:0; itype:16; metadata:ruleset community; classtype:misc-activity; sid:415; rev:8; )"
185,416,PROTOCOL-ICMP Information Reply undefined code,included,behavior_header,"usa apenas cabecalho, fluxo, flags ou metadados do pacote","alert icmp $HOME_NET any -> $EXTERNAL_NET any ( msg:""PROTOCOL-ICMP Information Reply undefined code""; icode:>0; itype:16; metadata:ruleset community; classtype:misc-activity; sid:416; rev:10; )"
186,417,PROTOCOL-ICMP Information Request,included,behavior_header,"usa apenas cabecalho, fluxo, flags ou metadados do pacote","alert icmp $EXTERNAL_NET any -> $HOME_NET any ( msg:""PROTOCOL-ICMP Information Request""; icode:0; itype:15; metadata:ruleset community; classtype:misc-activity; sid:417; rev:8; )"
187,418,PROTOCOL-ICMP Information Request undefined code,included,behavior_header,"usa apenas cabecalho, fluxo, flags ou metadados do pacote","alert icmp $EXTERNAL_NET any -> $HOME_NET any ( msg:""PROTOCOL-ICMP Information Request undefined code""; icode:>0; itype:15; metadata:ruleset community; classtype:misc-activity; sid:418; rev:10; )"
188,419,PROTOCOL-ICMP Mobile Host Redirect,included,behavior_header,"usa apenas cabecalho, fluxo, flags ou metadados do pacote","alert icmp $EXTERNAL_NET any -> $HOME_NET any ( msg:""PROTOCOL-ICMP Mobile Host Redirect""; icode:0; itype:32; metadata:ruleset community; classtype:misc-activity; sid:419; rev:8; )"
189,420,PROTOCOL-ICMP Mobile Host Redirect undefined code,included,behavior_header,"usa apenas cabecalho, fluxo, flags ou metadados do pacote","alert icmp $EXTERNAL_NET any -> $HOME_NET any ( msg:""PROTOCOL-ICMP Mobile Host Redirect undefined code""; icode:>0; itype:32; metadata:ruleset community; classtype:misc-activity; sid:420; rev:10; )"
190,421,PROTOCOL-ICMP Mobile Registration Reply,included,behavior_header,"usa apenas cabecalho, fluxo, flags ou metadados do pacote","alert icmp $EXTERNAL_NET any -> $HOME_NET any ( msg:""PROTOCOL-ICMP Mobile Registration Reply""; icode:0; itype:36; metadata:ruleset community; classtype:misc-activity; sid:421; rev:8; )"
191,422,PROTOCOL-ICMP Mobile Registration Reply undefined code,included,behavior_header,"usa apenas cabecalho, fluxo, flags ou metadados do pacote","alert icmp $EXTERNAL_NET any -> $HOME_NET any ( msg:""PROTOCOL-ICMP Mobile Registration Reply undefined code""; icode:>0; itype:36; metadata:ruleset community; classtype:misc-activity; sid:422; rev:10; )"
192,423,PROTOCOL-ICMP Mobile Registration Request,included,behavior_header,"usa apenas cabecalho, fluxo, flags ou metadados do pacote","alert icmp $EXTERNAL_NET any -> $HOME_NET any ( msg:""PROTOCOL-ICMP Mobile Registration Request""; icode:0; itype:35; metadata:ruleset community; classtype:misc-activity; sid:423; rev:8; )"
193,424,PROTOCOL-ICMP Mobile Registration Request undefined code,included,behavior_header,"usa apenas cabecalho, fluxo, flags ou metadados do pacote","alert icmp $EXTERNAL_NET any -> $HOME_NET any ( msg:""PROTOCOL-ICMP Mobile Registration Request undefined code""; icode:>0; itype:35; metadata:ruleset community; classtype:misc-activity; sid:424; rev:10; )"
194,425,PROTOCOL-ICMP Parameter Problem Bad Length,included,behavior_header,"usa apenas cabecalho, fluxo, flags ou metadados do pacote","alert icmp $EXTERNAL_NET any -> $HOME_NET any ( msg:""PROTOCOL-ICMP Parameter Problem Bad Length""; icode:2; itype:12; metadata:ruleset community; classtype:misc-activity; sid:425; rev:9; )"
195,426,PROTOCOL-ICMP Parameter Problem Missing a Required Option,included,behavior_header,"usa apenas cabecalho, fluxo, flags ou metadados do pacote","alert icmp $EXTERNAL_NET any -> $HOME_NET any ( msg:""PROTOCOL-ICMP Parameter Problem Missing a Required Option""; icode:1; itype:12; metadata:ruleset community; classtype:misc-activity; sid:426; rev:10; )"
196,427,PROTOCOL-ICMP Parameter Problem Unspecified Error,included,behavior_header,"usa apenas cabecalho, fluxo, flags ou metadados do pacote","alert icmp $EXTERNAL_NET any -> $HOME_NET any ( msg:""PROTOCOL-ICMP Parameter Problem Unspecified Error""; icode:0; itype:12; metadata:ruleset community; classtype:misc-activity; sid:427; rev:9; )"
197,428,PROTOCOL-ICMP Parameter Problem undefined Code,included,behavior_header,"usa apenas cabecalho, fluxo, flags ou metadados do pacote","alert icmp $EXTERNAL_NET any -> $HOME_NET any ( msg:""PROTOCOL-ICMP Parameter Problem undefined Code""; icode:>2; itype:12; metadata:ruleset community; classtype:misc-activity; sid:428; rev:10; )"
198,429,PROTOCOL-ICMP Photuris Reserved,included,behavior_header,"usa apenas cabecalho, fluxo, flags ou metadados do pacote","alert icmp $EXTERNAL_NET any -> $HOME_NET any ( msg:""PROTOCOL-ICMP Photuris Reserved""; icode:0; itype:40; metadata:ruleset community; classtype:misc-activity; sid:429; rev:9; )"
199,430,PROTOCOL-ICMP Photuris Unknown Security Parameters Index,included,behavior_header,"usa apenas cabecalho, fluxo, flags ou metadados do pacote","alert icmp $EXTERNAL_NET any -> $HOME_NET any ( msg:""PROTOCOL-ICMP Photuris Unknown Security Parameters Index""; icode:1; itype:40; metadata:ruleset community; classtype:misc-activity; sid:430; rev:9; )"
200,431,"PROTOCOL-ICMP Photuris Valid Security Parameters, But Authentication Failed",included,behavior_header,"usa apenas cabecalho, fluxo, flags ou metadados do pacote","alert icmp $EXTERNAL_NET any -> $HOME_NET any ( msg:""PROTOCOL-ICMP Photuris Valid Security Parameters, But Authentication Failed""; icode:2; itype:40; metadata:ruleset community; classtype:misc-activity; sid:431; rev:9; )"
201,432,"PROTOCOL-ICMP Photuris Valid Security Parameters, But Decryption Failed",included,behavior_header,"usa apenas cabecalho, fluxo, flags ou metadados do pacote","alert icmp $EXTERNAL_NET any -> $HOME_NET any ( msg:""PROTOCOL-ICMP Photuris Valid Security Parameters, But Decryption Failed""; icode:3; itype:40; metadata:ruleset community; classtype:misc-activity; sid:432; rev:9; )"
202,433,PROTOCOL-ICMP Photuris undefined code!,included,behavior_header,"usa apenas cabecalho, fluxo, flags ou metadados do pacote","alert icmp $EXTERNAL_NET any -> $HOME_NET any ( msg:""PROTOCOL-ICMP Photuris undefined code!""; icode:>3; itype:40; metadata:ruleset community; classtype:misc-activity; sid:433; rev:11; )"
203,436,PROTOCOL-ICMP Redirect for TOS and Host,included,behavior_header,"usa apenas cabecalho, fluxo, flags ou metadados do pacote","alert icmp $EXTERNAL_NET any -> $HOME_NET any ( msg:""PROTOCOL-ICMP Redirect for TOS and Host""; icode:3; itype:5; metadata:ruleset community; reference:cve,1999-0265; classtype:misc-activity; sid:436; rev:10; )"
204,437,PROTOCOL-ICMP Redirect for TOS and Network,included,behavior_header,"usa apenas cabecalho, fluxo, flags ou metadados do pacote","alert icmp $EXTERNAL_NET any -> $HOME_NET any ( msg:""PROTOCOL-ICMP Redirect for TOS and Network""; icode:2; itype:5; metadata:ruleset community; reference:cve,1999-0265; classtype:misc-activity; sid:437; rev:10; )"
205,438,PROTOCOL-ICMP Redirect undefined code,included,behavior_header,"usa apenas cabecalho, fluxo, flags ou metadados do pacote","alert icmp $EXTERNAL_NET any -> $HOME_NET any ( msg:""PROTOCOL-ICMP Redirect undefined code""; icode:>3; itype:5; metadata:ruleset community; reference:cve,1999-0265; classtype:misc-activity; sid:438; rev:13; )"
206,439,PROTOCOL-ICMP Reserved for Security Type 19,included,behavior_header,"usa apenas cabecalho, fluxo, flags ou metadados do pacote","alert icmp $EXTERNAL_NET any -> $HOME_NET any ( msg:""PROTOCOL-ICMP Reserved for Security Type 19""; icode:0; itype:19; metadata:ruleset community; classtype:misc-activity; sid:439; rev:9; )"
207,440,PROTOCOL-ICMP Reserved for Security Type 19 undefined code,included,behavior_header,"usa apenas cabecalho, fluxo, flags ou metadados do pacote","alert icmp $EXTERNAL_NET any -> $HOME_NET any ( msg:""PROTOCOL-ICMP Reserved for Security Type 19 undefined code""; icode:>0; itype:19; metadata:ruleset community; classtype:misc-activity; sid:440; rev:10; )"
208,441,PROTOCOL-ICMP Router Advertisement,included,behavior_header,"usa apenas cabecalho, fluxo, flags ou metadados do pacote","alert icmp $EXTERNAL_NET any -> $HOME_NET any ( msg:""PROTOCOL-ICMP Router Advertisement""; icode:0; itype:9; metadata:ruleset community; classtype:misc-activity; sid:441; rev:10; )"
209,443,PROTOCOL-ICMP Router Selection,included,behavior_header,"usa apenas cabecalho, fluxo, flags ou metadados do pacote","alert icmp $EXTERNAL_NET any -> $HOME_NET any ( msg:""PROTOCOL-ICMP Router Selection""; icode:0; itype:10; metadata:ruleset community; classtype:misc-activity; sid:443; rev:9; )"
210,445,PROTOCOL-ICMP SKIP,included,behavior_header,"usa apenas cabecalho, fluxo, flags ou metadados do pacote","alert icmp $EXTERNAL_NET any -> $HOME_NET any ( msg:""PROTOCOL-ICMP SKIP""; icode:0; itype:39; metadata:ruleset community; classtype:misc-activity; sid:445; rev:8; )"
211,446,PROTOCOL-ICMP SKIP undefined code,included,behavior_header,"usa apenas cabecalho, fluxo, flags ou metadados do pacote","alert icmp $EXTERNAL_NET any -> $HOME_NET any ( msg:""PROTOCOL-ICMP SKIP undefined code""; icode:>0; itype:39; metadata:ruleset community; classtype:misc-activity; sid:446; rev:10; )"
212,448,PROTOCOL-ICMP Source Quench undefined code,included,behavior_header,"usa apenas cabecalho, fluxo, flags ou metadados do pacote","alert icmp $EXTERNAL_NET any -> $HOME_NET any ( msg:""PROTOCOL-ICMP Source Quench undefined code""; icode:>0; itype:4; metadata:ruleset community; classtype:misc-activity; sid:448; rev:10; )"
213,449,PROTOCOL-ICMP Time-To-Live Exceeded in Transit,included,behavior_header,"usa apenas cabecalho, fluxo, flags ou metadados do pacote","alert icmp $HOME_NET any -> $EXTERNAL_NET any ( msg:""PROTOCOL-ICMP Time-To-Live Exceeded in Transit""; icode:0; itype:11; metadata:ruleset community; classtype:misc-activity; sid:449; rev:9; )"
214,450,PROTOCOL-ICMP Time-To-Live Exceeded in Transit undefined code,included,behavior_header,"usa apenas cabecalho, fluxo, flags ou metadados do pacote","alert icmp $HOME_NET any -> $EXTERNAL_NET any ( msg:""PROTOCOL-ICMP Time-To-Live Exceeded in Transit undefined code""; icode:>1; itype:11; metadata:ruleset community; classtype:misc-activity; sid:450; rev:11; )"
215,451,PROTOCOL-ICMP Timestamp Reply,included,behavior_header,"usa apenas cabecalho, fluxo, flags ou metadados do pacote","alert icmp $EXTERNAL_NET any -> $HOME_NET any ( msg:""PROTOCOL-ICMP Timestamp Reply""; icode:0; itype:14; metadata:ruleset community; classtype:misc-activity; sid:451; rev:8; )"
216,452,PROTOCOL-ICMP Timestamp Reply undefined code,included,behavior_header,"usa apenas cabecalho, fluxo, flags ou metadados do pacote","alert icmp $EXTERNAL_NET any -> $HOME_NET any ( msg:""PROTOCOL-ICMP Timestamp Reply undefined code""; icode:>0; itype:14; metadata:ruleset community; classtype:misc-activity; sid:452; rev:10; )"
217,453,PROTOCOL-ICMP Timestamp Request,included,behavior_header,"usa apenas cabecalho, fluxo, flags ou metadados do pacote","alert icmp $EXTERNAL_NET any -> $HOME_NET any ( msg:""PROTOCOL-ICMP Timestamp Request""; icode:0; itype:13; metadata:ruleset community; classtype:misc-activity; sid:453; rev:8; )"
218,454,PROTOCOL-ICMP Timestamp Request undefined code,included,behavior_header,"usa apenas cabecalho, fluxo, flags ou metadados do pacote","alert icmp $EXTERNAL_NET any -> $HOME_NET any ( msg:""PROTOCOL-ICMP Timestamp Request undefined code""; icode:>0; itype:13; metadata:ruleset community; classtype:misc-activity; sid:454; rev:10; )"
219,456,PROTOCOL-ICMP Traceroute,included,behavior_header,"usa apenas cabecalho, fluxo, flags ou metadados do pacote","alert icmp $EXTERNAL_NET any -> $HOME_NET any ( msg:""PROTOCOL-ICMP Traceroute""; icode:0; itype:30; metadata:ruleset community; classtype:misc-activity; sid:456; rev:8; )"
220,457,PROTOCOL-ICMP Traceroute undefined code,included,behavior_header,"usa apenas cabecalho, fluxo, flags ou metadados do pacote","alert icmp $EXTERNAL_NET any -> $HOME_NET any ( msg:""PROTOCOL-ICMP Traceroute undefined code""; icode:>0; itype:30; metadata:ruleset community; classtype:misc-activity; sid:457; rev:10; )"
221,458,PROTOCOL-ICMP unassigned type 1,included,behavior_header,"usa apenas cabecalho, fluxo, flags ou metadados do pacote","alert icmp $EXTERNAL_NET any -> $HOME_NET any ( msg:""PROTOCOL-ICMP unassigned type 1""; icode:0; itype:1; metadata:ruleset community; classtype:misc-activity; sid:458; rev:12; )"
222,459,PROTOCOL-ICMP unassigned type 1 undefined code,included,behavior_header,"usa apenas cabecalho, fluxo, flags ou metadados do pacote","alert icmp $EXTERNAL_NET any -> $HOME_NET any ( msg:""PROTOCOL-ICMP unassigned type 1 undefined code""; itype:1; metadata:ruleset community; classtype:misc-activity; sid:459; rev:12; )"
223,460,PROTOCOL-ICMP unassigned type 2,included,behavior_header,"usa apenas cabecalho, fluxo, flags ou metadados do pacote","alert icmp $EXTERNAL_NET any -> $HOME_NET any ( msg:""PROTOCOL-ICMP unassigned type 2""; icode:0; itype:2; metadata:ruleset community; classtype:misc-activity; sid:460; rev:12; )"
224,461,PROTOCOL-ICMP unassigned type 2 undefined code,included,behavior_header,"usa apenas cabecalho, fluxo, flags ou metadados do pacote","alert icmp $EXTERNAL_NET any -> $HOME_NET any ( msg:""PROTOCOL-ICMP unassigned type 2 undefined code""; itype:2; metadata:ruleset community; classtype:misc-activity; sid:461; rev:12; )"
225,462,PROTOCOL-ICMP unassigned type 7,included,behavior_header,"usa apenas cabecalho, fluxo, flags ou metadados do pacote","alert icmp $EXTERNAL_NET any -> $HOME_NET any ( msg:""PROTOCOL-ICMP unassigned type 7""; icode:0; itype:7; metadata:ruleset community; classtype:misc-activity; sid:462; rev:12; )"
226,463,PROTOCOL-ICMP unassigned type 7 undefined code,included,behavior_header,"usa apenas cabecalho, fluxo, flags ou metadados do pacote","alert icmp $EXTERNAL_NET any -> $HOME_NET any ( msg:""PROTOCOL-ICMP unassigned type 7 undefined code""; itype:7; metadata:ruleset community; reference:cve,1999-0454; classtype:misc-activity; sid:463; rev:14; )"
227,465,PROTOCOL-ICMP ISS Pinger,included,"behavior_header,payload_positioned",combina cabecalho/fluxo com payload posicionado; todos os contents possuem offset/depth/distance/within,"alert icmp $EXTERNAL_NET any -> $HOME_NET any ( msg:""PROTOCOL-ICMP ISS Pinger""; itype:8; content:""ISSPNGRQ"",depth 32; metadata:ruleset community; classtype:attempted-recon; sid:465; rev:8; )"
228,466,PROTOCOL-ICMP L3retriever Ping,included,"behavior_header,payload_positioned",combina cabecalho/fluxo com payload posicionado; todos os contents possuem offset/depth/distance/within,"alert icmp $EXTERNAL_NET any -> $HOME_NET any ( msg:""PROTOCOL-ICMP L3retriever Ping""; icode:0; itype:8; content:""ABCDEFGHIJKLMNOPQRSTUVWABCDEFGHI"",depth 32; metadata:ruleset community; classtype:attempted-recon; sid:466; rev:9; )"
232,480,PROTOCOL-ICMP PING speedera,included,"behavior_header,payload_positioned",combina cabecalho/fluxo com payload posicionado; todos os contents possuem offset/depth/distance/within,"alert icmp $EXTERNAL_NET any -> $HOME_NET any ( msg:""PROTOCOL-ICMP PING speedera""; itype:8; content:""89|3A 3B|<=>?"",depth 100; metadata:ruleset community; classtype:misc-activity; sid:480; rev:9; )"
233,481,PROTOCOL-ICMP TJPingPro1.1Build 2 Windows,included,"behavior_header,payload_positioned",combina cabecalho/fluxo com payload posicionado; todos os contents possuem offset/depth/distance/within,"alert icmp $EXTERNAL_NET any -> $HOME_NET any ( msg:""PROTOCOL-ICMP TJPingPro1.1Build 2 Windows""; itype:8; content:""TJPingPro by Jim"",depth 32; metadata:ruleset community; classtype:misc-activity; sid:481; rev:10; )"
234,482,PROTOCOL-ICMP PING WhatsupGold Windows,included,"behavior_header,payload_positioned",combina cabecalho/fluxo com payload posicionado; todos os contents possuem offset/depth/distance/within,"alert icmp $EXTERNAL_NET any -> $HOME_NET any ( msg:""PROTOCOL-ICMP PING WhatsupGold Windows""; itype:8; content:""WhatsUp - A Netw"",depth 32; metadata:ruleset community; classtype:misc-activity; sid:482; rev:10; )"
235,483,PROTOCOL-ICMP PING CyberKit 2.2 Windows,included,"behavior_header,payload_positioned",combina cabecalho/fluxo com payload posicionado; todos os contents possuem offset/depth/distance/within,"alert icmp $EXTERNAL_NET any -> $HOME_NET any ( msg:""PROTOCOL-ICMP PING CyberKit 2.2 Windows""; itype:8; content:""|AA AA AA AA AA AA AA AA AA AA AA AA AA AA AA AA|"",depth 32; metadata:ruleset community; classtype:misc-activity; sid:483; rev:10; )"
236,484,PROTOCOL-ICMP PING Sniffer Pro/NetXRay network scan,included,"behavior_header,payload_positioned",combina cabecalho/fluxo com payload posicionado; todos os contents possuem offset/depth/distance/within,"alert icmp $EXTERNAL_NET any -> $HOME_NET any ( msg:""PROTOCOL-ICMP PING Sniffer Pro/NetXRay network scan""; itype:8; content:""Cinco Network, Inc."",depth 32; metadata:ruleset community; classtype:misc-activity; sid:484; rev:8; )"
246,505,SERVER-OTHER Insecure TIMBUKTU Password,included,"behavior_header,payload_positioned",combina cabecalho/fluxo com payload posicionado; todos os contents possuem offset/depth/distance/within,"alert tcp $EXTERNAL_NET any -> $HOME_NET 1417 ( msg:""SERVER-OTHER Insecure TIMBUKTU Password""; flow:to_server,established; content:""|05 00|>"",depth 16; metadata:ruleset community; classtype:bad-unknown; sid:505; rev:9; )"
249,509,SERVER-WEBAPP PCCS mysql database admin tool access,included,"behavior_header,payload_positioned",combina cabecalho/fluxo com payload posicionado; todos os contents possuem offset/depth/distance/within,"alert tcp $EXTERNAL_NET any -> $HTTP_SERVERS $HTTP_PORTS ( msg:""SERVER-WEBAPP PCCS mysql database admin tool access""; flow:to_server,established; content:""pccsmysqladm/incs/dbconnect.inc"",depth 36,nocase; metadata:ruleset community; service:http; reference:bugtraq,1557; reference:cve,2000-0707; reference:nessus,10783; classtype:web-application-attack; sid:509; rev:18; )"
251,512,PUA-OTHER PCAnywhere Failed Login,included,"behavior_header,payload_positioned",combina cabecalho/fluxo com payload posicionado; todos os contents possuem offset/depth/distance/within,"alert tcp $HOME_NET 5631:5632 -> $EXTERNAL_NET any ( msg:""PUA-OTHER PCAnywhere Failed Login""; flow:to_client,established; content:""Invalid login"",depth 16; metadata:ruleset community; classtype:unsuccessful-user; sid:512; rev:9; )"
252,514,SERVER-OTHER ramen worm,included,"behavior_header,payload_positioned",combina cabecalho/fluxo com payload posicionado; todos os contents possuem offset/depth/distance/within,"alert tcp $HOME_NET any -> $EXTERNAL_NET 27374 ( msg:""SERVER-OTHER ramen worm""; flow:to_server,established; content:""GET "",depth 8,nocase; metadata:ruleset community; classtype:bad-unknown; sid:514; rev:9; )"
255,518,PROTOCOL-TFTP Put,included,"behavior_header,payload_positioned",combina cabecalho/fluxo com payload posicionado; todos os contents possuem offset/depth/distance/within,"alert udp $EXTERNAL_NET any -> $HOME_NET 69 ( msg:""PROTOCOL-TFTP Put""; flow:to_server; content:""|00 02|"",depth 2; metadata:policy max-detect-ips drop,ruleset community; reference:cve,1999-0183; reference:url,github.com/rapid7/metasploit-framework/blob/unstable/unstable-modules/auxiliary/d20tftpbd.rb; classtype:bad-unknown; sid:518; rev:16; )"
256,519,PROTOCOL-TFTP parent directory,included,"behavior_header,payload_positioned",combina cabecalho/fluxo com payload posicionado; todos os contents possuem offset/depth/distance/within,"alert udp $EXTERNAL_NET any -> $HOME_NET 69 ( msg:""PROTOCOL-TFTP parent directory""; flow:to_server; content:"".."",offset 2; metadata:policy max-detect-ips drop,ruleset community; reference:cve,1999-0183; reference:cve,2002-1209; reference:cve,2007-0888; reference:cve,2011-4722; classtype:bad-unknown; gid:1; sid:519; rev:16; )"
257,520,PROTOCOL-TFTP root directory,included,"behavior_header,payload_positioned",combina cabecalho/fluxo com payload posicionado; todos os contents possuem offset/depth/distance/within,"alert udp $EXTERNAL_NET any -> $HOME_NET 69 ( msg:""PROTOCOL-TFTP root directory""; flow:to_server; content:""|00 01|/"",depth 3; metadata:policy max-detect-ips drop,ruleset community; reference:cve,1999-0183; classtype:bad-unknown; sid:520; rev:13; )"
268,546,INDICATOR-COMPROMISE FTP 'CWD  ' possible warez site,included,"behavior_header,payload_positioned",combina cabecalho/fluxo com payload posicionado; todos os contents possuem offset/depth/distance/within,"alert tcp $EXTERNAL_NET any -> $HOME_NET 21 ( msg:""INDICATOR-COMPROMISE FTP 'CWD  ' possible warez site""; flow:to_server,established; content:""CWD  "",depth 5,nocase; metadata:ruleset community; service:ftp; classtype:misc-activity; sid:546; rev:10; )"
269,547,INDICATOR-COMPROMISE FTP 'MKD  ' possible warez site,included,"behavior_header,payload_positioned",combina cabecalho/fluxo com payload posicionado; todos os contents possuem offset/depth/distance/within,"alert tcp $EXTERNAL_NET any -> $HOME_NET 21 ( msg:""INDICATOR-COMPROMISE FTP 'MKD  ' possible warez site""; flow:to_server,established; content:""MKD  "",depth 5,nocase; metadata:ruleset community; service:ftp; classtype:misc-activity; sid:547; rev:11; )"
270,548,INDICATOR-COMPROMISE FTP 'MKD .' possible warez site,included,"behavior_header,payload_positioned",combina cabecalho/fluxo com payload posicionado; todos os contents possuem offset/depth/distance/within,"alert tcp $EXTERNAL_NET any -> $HOME_NET 21 ( msg:""INDICATOR-COMPROMISE FTP 'MKD .' possible warez site""; flow:to_server,established; content:""MKD ."",depth 5,nocase; metadata:ruleset community; service:ftp; classtype:misc-activity; sid:548; rev:10; )"
274,556,PUA-P2P Outbound GNUTella client request,included,"behavior_header,payload_positioned",combina cabecalho/fluxo com payload posicionado; todos os contents possuem offset/depth/distance/within,"alert tcp $HOME_NET any -> $EXTERNAL_NET any ( msg:""PUA-P2P Outbound GNUTella client request""; flow:to_server,established; content:""GNUTELLA CONNECT"",depth 40; metadata:ruleset community; classtype:policy-violation; sid:556; rev:10; )"
275,557,PUA-P2P GNUTella client request,included,"behavior_header,payload_positioned",combina cabecalho/fluxo com payload posicionado; todos os contents possuem offset/depth/distance/within,"alert tcp $HOME_NET any -> $EXTERNAL_NET any ( msg:""PUA-P2P GNUTella client request""; flow:to_server,established; content:""GNUTELLA OK"",depth 40; metadata:ruleset community; classtype:policy-violation; sid:557; rev:11; )"
276,560,APP-DETECT VNC server response,included,"behavior_header,payload_positioned",combina cabecalho/fluxo com payload posicionado; todos os contents possuem offset/depth/distance/within,"alert tcp $EXTERNAL_NET any -> $HOME_NET any ( msg:""APP-DETECT VNC server response""; flow:established; content:""RFB 0"",depth 5; content:"".0"",depth 2,offset 7; metadata:ruleset community; classtype:misc-activity; sid:560; rev:9; )"
278,567,SERVER-MAIL SMTP relaying denied,included,"behavior_header,payload_positioned",combina cabecalho/fluxo com payload posicionado; todos os contents possuem offset/depth/distance/within,"alert tcp $SMTP_SERVERS 25 -> $EXTERNAL_NET any ( msg:""SERVER-MAIL SMTP relaying denied""; flow:to_client,established; content:""550 5.7.1"",depth 70; metadata:ruleset community; service:smtp; reference:url,mail-abuse.org/tsi/ar-fix.html; classtype:misc-activity; sid:567; rev:17; )"
280,569,PROTOCOL-RPC snmpXdmi overflow attempt TCP,included,"behavior_header,payload_positioned",combina cabecalho/fluxo com payload posicionado; todos os contents possuem offset/depth/distance/within,"alert tcp $EXTERNAL_NET any -> $HOME_NET any ( msg:""PROTOCOL-RPC snmpXdmi overflow attempt TCP""; flow:to_server,established; content:""|00 01 87 99|"",depth 4,offset 16; content:""|00 00 01 01|"",within 4,distance 4; byte_jump:4,4,relative,align; byte_jump:4,4,relative,align; byte_test:4,>,1024,20,relative; content:""|00 00 00 00|"",depth 4,offset 8; metadata:policy max-detect-ips drop,ruleset community; service:sunrpc; reference:bugtraq,2417; reference:cve,2001-0236; reference:nessus,10659; reference:url,www.cert.org/advisories/CA-2001-05.html; classtype:attempted-admin; sid:569; rev:25; )"
281,572,PROTOCOL-RPC DOS ttdbserv Solaris,included,"behavior_header,payload_positioned",combina cabecalho/fluxo com payload posicionado; todos os contents possuem offset/depth/distance/within,"alert tcp $EXTERNAL_NET any -> $HOME_NET 32771:34000 ( msg:""PROTOCOL-RPC DOS ttdbserv Solaris""; flow:to_server,established; content:""|00 00 00 00|"",depth 4,offset 8; content:""|00 01 86 F3 00 00 00 01 00 00 00 0F 00 00 00 01|"",depth 32,offset 16; metadata:ruleset community; reference:bugtraq,122; reference:cve,1999-0003; classtype:attempted-dos; sid:572; rev:14; )"
282,574,PROTOCOL-RPC mountd TCP export request,included,"behavior_header,payload_positioned",combina cabecalho/fluxo com payload posicionado; todos os contents possuem offset/depth/distance/within,"alert tcp $EXTERNAL_NET any -> $HOME_NET any ( msg:""PROTOCOL-RPC mountd TCP export request""; flow:to_server,established; content:""|00 01 86 A5|"",depth 4,offset 16; content:""|00 00 00 05|"",within 4,distance 4; content:""|00 00 00 00|"",depth 4,offset 8; metadata:ruleset community; classtype:attempted-recon; sid:574; rev:14; )"
283,575,PROTOCOL-RPC portmap admind request UDP,included,"behavior_header,payload_positioned",combina cabecalho/fluxo com payload posicionado; todos os contents possuem offset/depth/distance/within,"alert udp $EXTERNAL_NET any -> $HOME_NET 111 ( msg:""PROTOCOL-RPC portmap admind request UDP""; flow:to_server; content:""|00 01 86 A0|"",depth 4,offset 12; content:""|00 00 00 03|"",within 4,distance 4; byte_jump:4,4,relative,align; byte_jump:4,4,relative,align; content:""|00 01 86 F7|"",within 4; content:""|00 00 00 00|"",depth 4,offset 4; metadata:policy max-detect-ips drop,ruleset community; service:sunrpc; classtype:rpc-portmap-decode; sid:575; rev:17; )"
284,576,PROTOCOL-RPC portmap amountd request UDP,included,"behavior_header,payload_positioned",combina cabecalho/fluxo com payload posicionado; todos os contents possuem offset/depth/distance/within,"alert udp $EXTERNAL_NET any -> $HOME_NET 111 ( msg:""PROTOCOL-RPC portmap amountd request UDP""; flow:to_server; content:""|00 01 86 A0|"",depth 4,offset 12; content:""|00 00 00 03|"",within 4,distance 4; byte_jump:4,4,relative,align; byte_jump:4,4,relative,align; content:""|00 01 87 03|"",within 4; content:""|00 00 00 00|"",depth 4,offset 4; metadata:policy max-detect-ips drop,ruleset community; service:sunrpc; reference:bugtraq,205; reference:bugtraq,235; reference:bugtraq,450; reference:bugtraq,614; reference:cve,1999-0088; reference:cve,1999-0210; reference:cve,1999-0493; reference:cve,1999-0704; classtype:rpc-portmap-decode; sid:576; rev:17; )"
285,577,PROTOCOL-RPC portmap bootparam request UDP,included,"behavior_header,payload_positioned",combina cabecalho/fluxo com payload posicionado; todos os contents possuem offset/depth/distance/within,"alert udp $EXTERNAL_NET any -> $HOME_NET 111 ( msg:""PROTOCOL-RPC portmap bootparam request UDP""; flow:to_server; content:""|00 01 86 A0|"",depth 4,offset 12; content:""|00 00 00 03|"",within 4,distance 4; byte_jump:4,4,relative,align; byte_jump:4,4,relative,align; content:""|00 01 86 BA|"",within 4; content:""|00 00 00 00|"",depth 4,offset 4; metadata:policy max-detect-ips drop,ruleset community; service:sunrpc; classtype:rpc-portmap-decode; sid:577; rev:23; )"
286,578,PROTOCOL-RPC portmap cmsd request UDP,included,"behavior_header,payload_positioned",combina cabecalho/fluxo com payload posicionado; todos os contents possuem offset/depth/distance/within,"alert udp $EXTERNAL_NET any -> $HOME_NET 111 ( msg:""PROTOCOL-RPC portmap cmsd request UDP""; flow:to_server; content:""|00 01 86 A0|"",depth 4,offset 12; content:""|00 00 00 03|"",within 4,distance 4; byte_jump:4,4,relative,align; byte_jump:4,4,relative,align; content:""|00 01 86 E4|"",within 4; content:""|00 00 00 00|"",depth 4,offset 4; metadata:policy max-detect-ips drop,ruleset community; service:sunrpc; classtype:rpc-portmap-decode; sid:578; rev:17; )"
287,579,PROTOCOL-RPC portmap mountd request UDP,included,"behavior_header,payload_positioned",combina cabecalho/fluxo com payload posicionado; todos os contents possuem offset/depth/distance/within,"alert udp $EXTERNAL_NET any -> $HOME_NET 111 ( msg:""PROTOCOL-RPC portmap mountd request UDP""; flow:to_server; content:""|00 01 86 A0|"",depth 4,offset 12; content:""|00 00 00 03|"",within 4,distance 4; byte_jump:4,4,relative,align; byte_jump:4,4,relative,align; content:""|00 01 86 A5|"",within 4; content:""|00 00 00 00|"",depth 4,offset 4; metadata:policy max-detect-ips drop,ruleset community; service:sunrpc; classtype:rpc-portmap-decode; sid:579; rev:17; )"
288,580,PROTOCOL-RPC portmap nisd request UDP,included,"behavior_header,payload_positioned",combina cabecalho/fluxo com payload posicionado; todos os contents possuem offset/depth/distance/within,"alert udp $EXTERNAL_NET any -> $HOME_NET 111 ( msg:""PROTOCOL-RPC portmap nisd request UDP""; flow:to_server; content:""|00 01 86 A0|"",depth 4,offset 12; content:""|00 00 00 03|"",within 4,distance 4; byte_jump:4,4,relative,align; byte_jump:4,4,relative,align; content:""|00 01 87 CC|"",within 4; content:""|00 00 00 00|"",depth 4,offset 4; metadata:policy max-detect-ips drop,ruleset community; service:sunrpc; reference:cve,1999-0008; classtype:rpc-portmap-decode; sid:580; rev:21; )"
289,581,PROTOCOL-RPC portmap pcnfsd request UDP,included,"behavior_header,payload_positioned",combina cabecalho/fluxo com payload posicionado; todos os contents possuem offset/depth/distance/within,"alert udp $EXTERNAL_NET any -> $HOME_NET 111 ( msg:""PROTOCOL-RPC portmap pcnfsd request UDP""; flow:to_server; content:""|00 01 86 A0|"",depth 4,offset 12; content:""|00 00 00 03|"",within 4,distance 4; byte_jump:4,4,relative,align; byte_jump:4,4,relative,align; content:""|00 02|I|F1|"",within 4; content:""|00 00 00 00|"",depth 4,offset 4; metadata:policy max-detect-ips drop,ruleset community; service:sunrpc; reference:bugtraq,205; reference:bugtraq,4816; reference:cve,1999-0078; reference:cve,1999-0353; reference:cve,2002-0910; classtype:rpc-portmap-decode; sid:581; rev:18; )"
290,582,PROTOCOL-RPC portmap rexd request UDP,included,"behavior_header,payload_positioned",combina cabecalho/fluxo com payload posicionado; todos os contents possuem offset/depth/distance/within,"alert udp $EXTERNAL_NET any -> $HOME_NET 111 ( msg:""PROTOCOL-RPC portmap rexd request UDP""; flow:to_server; content:""|00 01 86 A0|"",depth 4,offset 12; content:""|00 00 00 03|"",within 4,distance 4; byte_jump:4,4,relative,align; byte_jump:4,4,relative,align; content:""|00 01 86 B1|"",within 4; content:""|00 00 00 00|"",depth 4,offset 4; metadata:policy max-detect-ips drop,ruleset community; service:sunrpc; classtype:rpc-portmap-decode; sid:582; rev:17; )"
291,583,PROTOCOL-RPC portmap rstatd request UDP,included,"behavior_header,payload_positioned",combina cabecalho/fluxo com payload posicionado; todos os contents possuem offset/depth/distance/within,"alert udp $EXTERNAL_NET any -> $HOME_NET 111 ( msg:""PROTOCOL-RPC portmap rstatd request UDP""; flow:to_server; content:""|00 01 86 A0|"",depth 4,offset 12; content:""|00 00 00 03|"",within 4,distance 4; byte_jump:4,4,relative,align; byte_jump:4,4,relative,align; content:""|00 01 86 A1|"",within 4; content:""|00 00 00 00|"",depth 4,offset 4; metadata:policy max-detect-ips drop,ruleset community; service:sunrpc; classtype:rpc-portmap-decode; sid:583; rev:18; )"
292,584,PROTOCOL-RPC portmap rusers request UDP,included,"behavior_header,payload_positioned",combina cabecalho/fluxo com payload posicionado; todos os contents possuem offset/depth/distance/within,"alert udp $EXTERNAL_NET any -> $HOME_NET 111 ( msg:""PROTOCOL-RPC portmap rusers request UDP""; flow:to_server; content:""|00 01 86 A0|"",depth 4,offset 12; content:""|00 00 00 03|"",within 4,distance 4; byte_jump:4,4,relative,align; byte_jump:4,4,relative,align; content:""|00 01 86 A2|"",within 4; content:""|00 00 00 00|"",depth 4,offset 4; metadata:policy max-detect-ips drop,ruleset community; service:sunrpc; reference:cve,1999-0626; classtype:rpc-portmap-decode; sid:584; rev:20; )"
293,585,PROTOCOL-RPC Solaris UDP portmap sadmin port query request attempt,included,"behavior_header,payload_positioned",combina cabecalho/fluxo com payload posicionado; todos os contents possuem offset/depth/distance/within,"alert udp $EXTERNAL_NET any -> $HOME_NET 111 ( msg:""PROTOCOL-RPC Solaris UDP portmap sadmin port query request attempt""; flow:to_server; content:""|00 01 86 A0|"",depth 4,offset 12; content:""|00 00 00 03|"",within 4,distance 4; byte_jump:4,4,relative,align; byte_jump:4,4,relative,align; content:""|00 01 87 88|"",within 4; content:""|00 00 00 00|"",depth 4,offset 4; metadata:policy max-detect-ips drop,ruleset community; service:sunrpc; reference:bugtraq,8615; reference:cve,2003-0722; classtype:rpc-portmap-decode; sid:585; rev:18; )"
294,586,PROTOCOL-RPC portmap selection_svc request UDP,included,"behavior_header,payload_positioned",combina cabecalho/fluxo com payload posicionado; todos os contents possuem offset/depth/distance/within,"alert udp $EXTERNAL_NET any -> $HOME_NET 111 ( msg:""PROTOCOL-RPC portmap selection_svc request UDP""; flow:to_server; content:""|00 01 86 A0|"",depth 4,offset 12; content:""|00 00 00 03|"",within 4,distance 4; byte_jump:4,4,relative,align; byte_jump:4,4,relative,align; content:""|00 01 86 AF|"",within 4; content:""|00 00 00 00|"",depth 4,offset 4; metadata:policy max-detect-ips drop,ruleset community; service:sunrpc; reference:bugtraq,8; reference:cve,1999-0209; classtype:rpc-portmap-decode; sid:586; rev:18; )"
295,587,PROTOCOL-RPC portmap status request UDP,included,"behavior_header,payload_positioned",combina cabecalho/fluxo com payload posicionado; todos os contents possuem offset/depth/distance/within,"alert udp $EXTERNAL_NET any -> $HOME_NET 111 ( msg:""PROTOCOL-RPC portmap status request UDP""; flow:to_server; content:""|00 01 86 A0|"",depth 4,offset 12; content:""|00 00 00 03|"",within 4,distance 4; byte_jump:4,4,relative,align; byte_jump:4,4,relative,align; content:""|00 01 86 B8|"",within 4; content:""|00 00 00 00|"",depth 4,offset 4; metadata:policy max-detect-ips drop,ruleset community; service:sunrpc; classtype:rpc-portmap-decode; sid:587; rev:17; )"
298,590,PROTOCOL-RPC portmap ypserv request UDP,included,"behavior_header,payload_positioned",combina cabecalho/fluxo com payload posicionado; todos os contents possuem offset/depth/distance/within,"alert udp $EXTERNAL_NET any -> $HOME_NET 111 ( msg:""PROTOCOL-RPC portmap ypserv request UDP""; flow:to_server; content:""|00 01 86 A0|"",depth 4,offset 12; content:""|00 00 00 03|"",within 4,distance 4; byte_jump:4,4,relative,align; byte_jump:4,4,relative,align; content:""|00 01 86 A4|"",within 4; content:""|00 00 00 00|"",depth 4,offset 4; metadata:policy max-detect-ips drop,ruleset community; service:sunrpc; reference:bugtraq,5914; reference:bugtraq,6016; reference:cve,2000-1042; reference:cve,2000-1043; reference:cve,2002-1232; classtype:rpc-portmap-decode; sid:590; rev:22; )"
299,591,PROTOCOL-RPC portmap ypupdated request TCP,included,"behavior_header,payload_positioned",combina cabecalho/fluxo com payload posicionado; todos os contents possuem offset/depth/distance/within,"alert tcp $EXTERNAL_NET any -> $HOME_NET 111 ( msg:""PROTOCOL-RPC portmap ypupdated request TCP""; flow:to_server,established; content:""|00 01 86 A0|"",depth 4,offset 16; content:""|00 00 00 03|"",within 4,distance 4; byte_jump:4,4,relative,align; byte_jump:4,4,relative,align; content:""|00 01 86 BC|"",within 4; content:""|00 00 00 00|"",depth 4,offset 8; metadata:policy max-detect-ips drop,policy security-ips drop,ruleset community; service:sunrpc; reference:bugtraq,1749; reference:cve,1999-0208; classtype:rpc-portmap-decode; sid:591; rev:22; )"
300,593,PROTOCOL-RPC portmap snmpXdmi request TCP,included,"behavior_header,payload_positioned",combina cabecalho/fluxo com payload posicionado; todos os contents possuem offset/depth/distance/within,"alert tcp $EXTERNAL_NET any -> $HOME_NET 111 ( msg:""PROTOCOL-RPC portmap snmpXdmi request TCP""; flow:to_server,established; content:""|00 01 86 A0|"",depth 4,offset 16; content:""|00 00 00 03|"",within 4,distance 4; byte_jump:4,4,relative,align; byte_jump:4,4,relative,align; content:""|00 01 87 99|"",within 4; content:""|00 00 00 00|"",depth 4,offset 8; metadata:policy max-detect-ips drop,ruleset community; service:sunrpc; reference:bugtraq,2417; reference:cve,2001-0236; reference:nessus,10659; reference:url,www.cert.org/advisories/CA-2001-05.html; classtype:rpc-portmap-decode; sid:593; rev:31; )"
301,595,PROTOCOL-RPC portmap espd request TCP,included,"behavior_header,payload_positioned",combina cabecalho/fluxo com payload posicionado; todos os contents possuem offset/depth/distance/within,"alert tcp $EXTERNAL_NET any -> $HOME_NET 111 ( msg:""PROTOCOL-RPC portmap espd request TCP""; flow:to_server,established; content:""|00 01 86 A0|"",depth 4,offset 16; content:""|00 00 00 03|"",within 4,distance 4; byte_jump:4,4,relative,align; byte_jump:4,4,relative,align; content:""|00 05 F7|u"",within 4; content:""|00 00 00 00|"",depth 4,offset 8; metadata:ruleset community; service:sunrpc; reference:bugtraq,2714; reference:cve,2001-0331; classtype:rpc-portmap-decode; sid:595; rev:22; )"
302,598,PROTOCOL-RPC portmap listing TCP 111,included,"behavior_header,payload_positioned",combina cabecalho/fluxo com payload posicionado; todos os contents possuem offset/depth/distance/within,"alert tcp $EXTERNAL_NET any -> $HOME_NET 111 ( msg:""PROTOCOL-RPC portmap listing TCP 111""; flow:to_server,established; content:""|00 01 86 A0|"",depth 4,offset 16; content:""|00 00 00 04|"",within 4,distance 4; content:""|00 00 00 00|"",depth 4,offset 8; metadata:policy max-detect-ips drop,ruleset community; service:sunrpc; classtype:rpc-portmap-decode; sid:598; rev:23; )"
303,599,PROTOCOL-RPC portmap listing TCP 32771,included,"behavior_header,payload_positioned",combina cabecalho/fluxo com payload posicionado; todos os contents possuem offset/depth/distance/within,"alert tcp $EXTERNAL_NET any -> $HOME_NET 32771 ( msg:""PROTOCOL-RPC portmap listing TCP 32771""; flow:to_server,established; content:""|00 01 86 A0|"",depth 4,offset 16; content:""|00 00 00 04|"",within 4,distance 4; content:""|00 00 00 00|"",depth 4,offset 8; metadata:ruleset community; classtype:rpc-portmap-decode; sid:599; rev:17; )"
309,606,PROTOCOL-SERVICES rlogin root,included,"behavior_header,payload_positioned",combina cabecalho/fluxo com payload posicionado; todos os contents possuem offset/depth/distance/within,"alert tcp $EXTERNAL_NET any -> $HOME_NET 513 ( msg:""PROTOCOL-SERVICES rlogin root""; flow:to_server,established; content:""root|00|root|00|"",depth 11; stream_size:1,to_client; metadata:policy max-detect-ips drop,policy security-ips drop,ruleset community; classtype:attempted-admin; gid:1; sid:606; rev:13; )"
316,613,INDICATOR-SCAN myscan,included,behavior_header,"usa apenas cabecalho, fluxo, flags ou metadados do pacote","alert tcp $EXTERNAL_NET 10101 -> $HOME_NET any ( msg:""INDICATOR-SCAN myscan""; flow:stateless; ack:0; flags:S; ttl:>220; metadata:ruleset community; reference:url,attack.mitre.org/techniques/T1018; reference:url,attack.mitre.org/techniques/T1040; reference:url,attack.mitre.org/techniques/T1046; classtype:attempted-recon; sid:613; rev:11; )"
317,614,MALWARE-BACKDOOR hack-a-tack attempt,included,"behavior_header,payload_positioned",combina cabecalho/fluxo com payload posicionado; todos os contents possuem offset/depth/distance/within,"alert tcp $EXTERNAL_NET 31790 -> $HOME_NET 31789 ( msg:""MALWARE-BACKDOOR hack-a-tack attempt""; flow:stateless; flags:A+; content:""A"",depth 1; metadata:ruleset community; classtype:attempted-recon; sid:614; rev:13; )"
318,616,INDICATOR-SCAN ident version request,included,"behavior_header,payload_positioned",combina cabecalho/fluxo com payload posicionado; todos os contents possuem offset/depth/distance/within,"alert tcp $EXTERNAL_NET any -> $HOME_NET 113 ( msg:""INDICATOR-SCAN ident version request""; flow:to_server,established; content:""VERSION|0A|"",depth 16; metadata:ruleset community; reference:url,attack.mitre.org/techniques/T1018; reference:url,attack.mitre.org/techniques/T1040; reference:url,attack.mitre.org/techniques/T1046; classtype:attempted-recon; sid:616; rev:9; )"
320,622,INDICATOR-SCAN ipEye SYN scan,included,behavior_header,"usa apenas cabecalho, fluxo, flags ou metadados do pacote","alert tcp $EXTERNAL_NET any -> $HOME_NET any ( msg:""INDICATOR-SCAN ipEye SYN scan""; flow:stateless; flags:S; seq:1958810375; metadata:ruleset community; reference:url,attack.mitre.org/techniques/T1018; reference:url,attack.mitre.org/techniques/T1040; reference:url,attack.mitre.org/techniques/T1046; classtype:attempted-recon; sid:622; rev:12; )"
321,626,INDICATOR-SCAN cybercop os PA12 attempt,included,"behavior_header,payload_positioned",combina cabecalho/fluxo com payload posicionado; todos os contents possuem offset/depth/distance/within,"alert tcp $EXTERNAL_NET any -> $HOME_NET any ( msg:""INDICATOR-SCAN cybercop os PA12 attempt""; flow:stateless; flags:12AP; content:""AAAAAAAAAAAAAAAA"",depth 16; metadata:ruleset community; reference:url,attack.mitre.org/techniques/T1018; reference:url,attack.mitre.org/techniques/T1040; reference:url,attack.mitre.org/techniques/T1046; classtype:attempted-recon; sid:626; rev:13; )"
322,627,INDICATOR-SCAN cybercop os SFU12 probe,included,"behavior_header,payload_positioned",combina cabecalho/fluxo com payload posicionado; todos os contents possuem offset/depth/distance/within,"alert tcp $EXTERNAL_NET any -> $HOME_NET any ( msg:""INDICATOR-SCAN cybercop os SFU12 probe""; flow:stateless; ack:0; flags:12FSU; content:""AAAAAAAAAAAAAAAA"",depth 16; metadata:ruleset community; reference:url,attack.mitre.org/techniques/T1018; reference:url,attack.mitre.org/techniques/T1040; reference:url,attack.mitre.org/techniques/T1046; classtype:attempted-recon; sid:627; rev:13; )"
323,630,INDICATOR-SCAN synscan portscan,included,behavior_header,"usa apenas cabecalho, fluxo, flags ou metadados do pacote","alert tcp $EXTERNAL_NET any -> $HOME_NET any ( msg:""INDICATOR-SCAN synscan portscan""; flow:stateless; flags:FS; id:39426; metadata:ruleset community; reference:url,attack.mitre.org/techniques/T1018; reference:url,attack.mitre.org/techniques/T1040; reference:url,attack.mitre.org/techniques/T1046; classtype:attempted-recon; sid:630; rev:11; )"
362,676,SQL sp_start_job - program execution,included,"behavior_header,payload_positioned",combina cabecalho/fluxo com payload posicionado; todos os contents possuem offset/depth/distance/within,"alert tcp $EXTERNAL_NET any -> $SQL_SERVERS 139 ( msg:""SQL sp_start_job - program execution""; flow:to_server,established; content:""s|00|p|00|_|00|s|00|t|00|a|00|r|00|t|00|_|00|j|00|o|00|b|00|"",depth 32,offset 32,nocase; metadata:ruleset community; classtype:attempted-user; sid:676; rev:9; )"
365,679,SQL sp_adduser database user creation,included,"behavior_header,payload_positioned",combina cabecalho/fluxo com payload posicionado; todos os contents possuem offset/depth/distance/within,"alert tcp $EXTERNAL_NET any -> $SQL_SERVERS 139 ( msg:""SQL sp_adduser database user creation""; flow:to_server,established; content:""s|00|p|00|_|00|a|00|d|00|d|00|u|00|s|00|e|00|r|00|"",depth 32,offset 32,nocase; metadata:ruleset community; classtype:attempted-user; sid:679; rev:9; )"
366,681,SQL xp_cmdshell program execution,included,"behavior_header,payload_positioned",combina cabecalho/fluxo com payload posicionado; todos os contents possuem offset/depth/distance/within,"alert tcp $EXTERNAL_NET any -> $SQL_SERVERS 139 ( msg:""SQL xp_cmdshell program execution""; flow:to_server,established; content:""x|00|p|00|_|00|c|00|m|00|d|00|s|00|h|00|e|00|l|00|l|00|"",offset 32,nocase; metadata:ruleset community; reference:bugtraq,5309; classtype:attempted-user; sid:681; rev:10; )"
373,689,SERVER-MSSQL xp_reg* registry access,included,"behavior_header,payload_positioned",combina cabecalho/fluxo com payload posicionado; todos os contents possuem offset/depth/distance/within,"alert tcp $EXTERNAL_NET any -> $SQL_SERVERS 139 ( msg:""SERVER-MSSQL xp_reg* registry access""; flow:to_server,established; content:""x|00|p|00|_|00|r|00|e|00|g|00|"",depth 32,offset 32,nocase; metadata:ruleset community; reference:bugtraq,5205; reference:cve,2002-0642; reference:nessus,10642; reference:url,technet.microsoft.com/en-us/security/bulletin/MS02-034; classtype:attempted-user; sid:689; rev:16; )"
378,695,SERVER-MSSQL xp_sprintf possible buffer overflow,included,"behavior_header,payload_positioned",combina cabecalho/fluxo com payload posicionado; todos os contents possuem offset/depth/distance/within,"alert tcp $EXTERNAL_NET any -> $SQL_SERVERS 139 ( msg:""SERVER-MSSQL xp_sprintf possible buffer overflow""; flow:to_server,established; content:""x|00|p|00|_|00|s|00|p|00|r|00|i|00|n|00|t|00|f|00|"",offset 32,nocase; metadata:ruleset community; reference:bugtraq,1204; reference:url,technet.microsoft.com/en-us/security/bulletin/MS01-060; classtype:attempted-user; sid:695; rev:14; )"
542,969,SERVER-IIS WebDAV file lock attempt,included,"behavior_header,payload_positioned",combina cabecalho/fluxo com payload posicionado; todos os contents possuem offset/depth/distance/within,"alert tcp $EXTERNAL_NET any -> $HTTP_SERVERS $HTTP_PORTS ( msg:""SERVER-IIS WebDAV file lock attempt""; flow:to_server,established; content:""LOCK "",depth 5; metadata:ruleset community; service:http; reference:bugtraq,2736; reference:nessus,10732; classtype:web-application-activity; sid:969; rev:13; )"
612,1047,SERVER-WEBAPP Netscape Enterprise DOS,included,"behavior_header,payload_positioned",combina cabecalho/fluxo com payload posicionado; todos os contents possuem offset/depth/distance/within,"alert tcp $EXTERNAL_NET any -> $HTTP_SERVERS $HTTP_PORTS ( msg:""SERVER-WEBAPP Netscape Enterprise DOS""; flow:to_server,established; content:""REVLOG / "",depth 9; metadata:ruleset community; service:http; reference:bugtraq,2294; reference:cve,2001-0251; classtype:web-application-attack; sid:1047; rev:15; )"
613,1048,SERVER-WEBAPP Netscape Enterprise directory listing attempt,included,"behavior_header,payload_positioned",combina cabecalho/fluxo com payload posicionado; todos os contents possuem offset/depth/distance/within,"alert tcp $EXTERNAL_NET any -> $HTTP_SERVERS $HTTP_PORTS ( msg:""SERVER-WEBAPP Netscape Enterprise directory listing attempt""; flow:to_server,established; content:""INDEX "",depth 6; metadata:ruleset community; service:http; reference:bugtraq,2285; reference:cve,2001-0250; reference:nessus,10691; classtype:web-application-attack; sid:1048; rev:16; )"
614,1050,SERVER-WEBAPP iPlanet GETPROPERTIES attempt,included,"behavior_header,payload_positioned",combina cabecalho/fluxo com payload posicionado; todos os contents possuem offset/depth/distance/within,"alert tcp $EXTERNAL_NET any -> $HTTP_SERVERS $HTTP_PORTS ( msg:""SERVER-WEBAPP iPlanet GETPROPERTIES attempt""; flow:to_server,established; content:""GETPROPERTIES"",depth 13; metadata:ruleset community; service:http; reference:bugtraq,2732; reference:cve,2001-0746; classtype:web-application-attack; sid:1050; rev:17; )"
632,1070,SERVER-WEBAPP WebDAV search access,included,"behavior_header,payload_positioned",combina cabecalho/fluxo com payload posicionado; todos os contents possuem offset/depth/distance/within,"alert tcp $EXTERNAL_NET any -> $HTTP_SERVERS $HTTP_PORTS ( msg:""SERVER-WEBAPP WebDAV search access""; flow:to_server,established; content:""SEARCH "",depth 8,nocase; metadata:ruleset community; service:http; reference:bugtraq,1756; reference:cve,2000-0951; classtype:web-application-activity; sid:1070; rev:16; )"
661,1102,SERVER-WEBAPP nessus 1.X 404 probe,included,"behavior_header,payload_positioned",combina cabecalho/fluxo com payload posicionado; todos os contents possuem offset/depth/distance/within,"alert tcp $EXTERNAL_NET any -> $HTTP_SERVERS $HTTP_PORTS ( msg:""SERVER-WEBAPP nessus 1.X 404 probe""; flow:to_server,established; http_uri; content:""/nessus_is_probing_you_"",depth 32; metadata:ruleset community; service:http; classtype:web-application-attack; sid:1102; rev:16; )"
687,1133,INDICATOR-SCAN cybercop os probe,included,"behavior_header,payload_positioned",combina cabecalho/fluxo com payload posicionado; todos os contents possuem offset/depth/distance/within,"alert tcp $EXTERNAL_NET any -> $HTTP_SERVERS $HTTP_PORTS ( msg:""INDICATOR-SCAN cybercop os probe""; flow:stateless; ack:0; flags:FPS; content:""AAAAAAAAAAAAAAAA"",depth 16; metadata:ruleset community; service:http; reference:url,attack.mitre.org/techniques/T1018; reference:url,attack.mitre.org/techniques/T1040; reference:url,attack.mitre.org/techniques/T1046; classtype:attempted-recon; sid:1133; rev:18; )"
786,1253,PROTOCOL-TELNET bsd exploit client finishing,included,"behavior_header,payload_positioned",combina cabecalho/fluxo com payload posicionado; todos os contents possuem offset/depth/distance/within,"alert tcp $EXTERNAL_NET any -> $TELNET_SERVERS 23 ( msg:""PROTOCOL-TELNET bsd exploit client finishing""; flow:to_server,established; isdataat:200; raw_data; content:""|FF F6 FF F6 FF FB 08 FF F6|"",depth 50,offset 200; metadata:ruleset community; service:telnet; reference:bugtraq,3064; reference:cve,2001-0554; reference:nessus,10709; classtype:successful-admin; sid:1253; rev:24; )"
790,1257,SERVER-OTHER Winnuke attack,included,behavior_header,"usa apenas cabecalho, fluxo, flags ou metadados do pacote","alert tcp $EXTERNAL_NET any -> $HOME_NET 135:139 ( msg:""SERVER-OTHER Winnuke attack""; flow:stateless; flags:U+; metadata:ruleset community; reference:bugtraq,2010; reference:cve,1999-0153; classtype:attempted-dos; sid:1257; rev:15; )"
793,1262,PROTOCOL-RPC portmap admind request TCP,included,"behavior_header,payload_positioned",combina cabecalho/fluxo com payload posicionado; todos os contents possuem offset/depth/distance/within,"alert tcp $EXTERNAL_NET any -> $HOME_NET 111 ( msg:""PROTOCOL-RPC portmap admind request TCP""; flow:to_server,established; content:""|00 01 86 A0|"",depth 4,offset 16; content:""|00 00 00 03|"",within 4,distance 4; byte_jump:4,4,relative,align; byte_jump:4,4,relative,align; content:""|00 01 86 F7|"",within 4; content:""|00 00 00 00|"",depth 4,offset 8; metadata:ruleset community; service:sunrpc; classtype:rpc-portmap-decode; sid:1262; rev:16; )"
794,1263,PROTOCOL-RPC portmap amountd request TCP,included,"behavior_header,payload_positioned",combina cabecalho/fluxo com payload posicionado; todos os contents possuem offset/depth/distance/within,"alert tcp $EXTERNAL_NET any -> $HOME_NET 111 ( msg:""PROTOCOL-RPC portmap amountd request TCP""; flow:to_server,established; content:""|00 01 86 A0|"",depth 4,offset 16; content:""|00 00 00 03|"",within 4,distance 4; byte_jump:4,4,relative,align; byte_jump:4,4,relative,align; content:""|00 01 87 03|"",within 4; content:""|00 00 00 00|"",depth 4,offset 8; metadata:ruleset community; service:sunrpc; reference:bugtraq,205; reference:bugtraq,235; reference:bugtraq,450; reference:bugtraq,614; reference:cve,1999-0088; reference:cve,1999-0210; reference:cve,1999-0493; reference:cve,1999-0704; classtype:rpc-portmap-decode; sid:1263; rev:18; )"
795,1264,PROTOCOL-RPC portmap bootparam request TCP,included,"behavior_header,payload_positioned",combina cabecalho/fluxo com payload posicionado; todos os contents possuem offset/depth/distance/within,"alert tcp $EXTERNAL_NET any -> $HOME_NET 111 ( msg:""PROTOCOL-RPC portmap bootparam request TCP""; flow:to_server,established; content:""|00 01 86 A0|"",depth 4,offset 16; content:""|00 00 00 03|"",within 4,distance 4; byte_jump:4,4,relative,align; byte_jump:4,4,relative,align; content:""|00 01 86 BA|"",within 4; content:""|00 00 00 00|"",depth 4,offset 8; metadata:ruleset community; service:sunrpc; classtype:rpc-portmap-decode; sid:1264; rev:21; )"
796,1265,PROTOCOL-RPC portmap cmsd request TCP,included,"behavior_header,payload_positioned",combina cabecalho/fluxo com payload posicionado; todos os contents possuem offset/depth/distance/within,"alert tcp $EXTERNAL_NET any -> $HOME_NET 111 ( msg:""PROTOCOL-RPC portmap cmsd request TCP""; flow:to_server,established; content:""|00 01 86 A0|"",depth 4,offset 16; content:""|00 00 00 03|"",within 4,distance 4; byte_jump:4,4,relative,align; byte_jump:4,4,relative,align; content:""|00 01 86 E4|"",within 4; content:""|00 00 00 00|"",depth 4,offset 8; metadata:ruleset community; service:sunrpc; classtype:rpc-portmap-decode; sid:1265; rev:16; )"
797,1267,PROTOCOL-RPC portmap nisd request TCP,included,"behavior_header,payload_positioned",combina cabecalho/fluxo com payload posicionado; todos os contents possuem offset/depth/distance/within,"alert tcp $EXTERNAL_NET any -> $HOME_NET 111 ( msg:""PROTOCOL-RPC portmap nisd request TCP""; flow:to_server,established; content:""|00 01 86 A0|"",depth 4,offset 16; content:""|00 00 00 03|"",within 4,distance 4; byte_jump:4,4,relative,align; byte_jump:4,4,relative,align; content:""|00 01 87 CC|"",within 4; content:""|00 00 00 00|"",depth 4,offset 8; metadata:ruleset community; service:sunrpc; classtype:rpc-portmap-decode; sid:1267; rev:18; )"
798,1268,PROTOCOL-RPC portmap pcnfsd request TCP,included,"behavior_header,payload_positioned",combina cabecalho/fluxo com payload posicionado; todos os contents possuem offset/depth/distance/within,"alert tcp $EXTERNAL_NET any -> $HOME_NET 111 ( msg:""PROTOCOL-RPC portmap pcnfsd request TCP""; flow:to_server,established; content:""|00 01 86 A0|"",depth 4,offset 16; content:""|00 00 00 03|"",within 4,distance 4; byte_jump:4,4,relative,align; byte_jump:4,4,relative,align; content:""|00 02|I|F1|"",within 4; content:""|00 00 00 00|"",depth 4,offset 8; metadata:ruleset community; service:sunrpc; reference:bugtraq,205; reference:bugtraq,4816; reference:cve,1999-0078; reference:cve,1999-0353; reference:cve,2002-0910; classtype:rpc-portmap-decode; sid:1268; rev:19; )"
799,1269,PROTOCOL-RPC portmap rexd request TCP,included,"behavior_header,payload_positioned",combina cabecalho/fluxo com payload posicionado; todos os contents possuem offset/depth/distance/within,"alert tcp $EXTERNAL_NET any -> $HOME_NET 111 ( msg:""PROTOCOL-RPC portmap rexd request TCP""; flow:to_server,established; content:""|00 01 86 A0|"",depth 4,offset 16; content:""|00 00 00 03|"",within 4,distance 4; byte_jump:4,4,relative,align; byte_jump:4,4,relative,align; content:""|00 01 86 B1|"",within 4; content:""|00 00 00 00|"",depth 4,offset 8; metadata:ruleset community; service:sunrpc; classtype:rpc-portmap-decode; sid:1269; rev:17; )"
800,1270,PROTOCOL-RPC portmap rstatd request TCP,included,"behavior_header,payload_positioned",combina cabecalho/fluxo com payload posicionado; todos os contents possuem offset/depth/distance/within,"alert tcp $EXTERNAL_NET any -> $HOME_NET 111 ( msg:""PROTOCOL-RPC portmap rstatd request TCP""; flow:to_server,established; content:""|00 01 86 A0|"",depth 4,offset 16; content:""|00 00 00 03|"",within 4,distance 4; byte_jump:4,4,relative,align; byte_jump:4,4,relative,align; content:""|00 01 86 A1|"",within 4; content:""|00 00 00 00|"",depth 4,offset 8; metadata:ruleset community; service:sunrpc; classtype:rpc-portmap-decode; sid:1270; rev:18; )"
801,1271,PROTOCOL-RPC portmap rusers request TCP,included,"behavior_header,payload_positioned",combina cabecalho/fluxo com payload posicionado; todos os contents possuem offset/depth/distance/within,"alert tcp $EXTERNAL_NET any -> $HOME_NET 111 ( msg:""PROTOCOL-RPC portmap rusers request TCP""; flow:to_server,established; content:""|00 01 86 A0|"",depth 4,offset 16; content:""|00 00 00 03|"",within 4,distance 4; byte_jump:4,4,relative,align; byte_jump:4,4,relative,align; content:""|00 01 86 A2|"",within 4; content:""|00 00 00 00|"",depth 4,offset 8; metadata:ruleset community; service:sunrpc; reference:cve,1999-0626; classtype:rpc-portmap-decode; sid:1271; rev:21; )"
802,1272,PROTOCOL-RPC portmap sadmind request TCP,included,"behavior_header,payload_positioned",combina cabecalho/fluxo com payload posicionado; todos os contents possuem offset/depth/distance/within,"alert tcp $EXTERNAL_NET any -> $HOME_NET 111 ( msg:""PROTOCOL-RPC portmap sadmind request TCP""; flow:to_server,established; content:""|00 01 86 A0|"",depth 4,offset 16; content:""|00 00 00 03|"",within 4,distance 4; byte_jump:4,4,relative,align; byte_jump:4,4,relative,align; content:""|00 01 87 88|"",within 4; content:""|00 00 00 00|"",depth 4,offset 8; metadata:ruleset community; service:sunrpc; classtype:rpc-portmap-decode; sid:1272; rev:17; )"
803,1273,PROTOCOL-RPC portmap selection_svc request TCP,included,"behavior_header,payload_positioned",combina cabecalho/fluxo com payload posicionado; todos os contents possuem offset/depth/distance/within,"alert tcp $EXTERNAL_NET any -> $HOME_NET 111 ( msg:""PROTOCOL-RPC portmap selection_svc request TCP""; flow:to_server,established; content:""|00 01 86 A0|"",depth 4,offset 16; content:""|00 00 00 03|"",within 4,distance 4; byte_jump:4,4,relative,align; byte_jump:4,4,relative,align; content:""|00 01 86 AF|"",within 4; content:""|00 00 00 00|"",depth 4,offset 8; metadata:ruleset community; service:sunrpc; reference:bugtraq,205; reference:cve,1999-0209; classtype:rpc-portmap-decode; sid:1273; rev:17; )"
804,1274,PROTOCOL-RPC portmap ttdbserv request TCP,included,"behavior_header,payload_positioned",combina cabecalho/fluxo com payload posicionado; todos os contents possuem offset/depth/distance/within,"alert tcp $EXTERNAL_NET any -> $HOME_NET 111 ( msg:""PROTOCOL-RPC portmap ttdbserv request TCP""; flow:to_server,established; content:""|00 01 86 A0|"",depth 4,offset 16; content:""|00 00 00 03|"",within 4,distance 4; byte_jump:4,4,relative,align; byte_jump:4,4,relative,align; content:""|00 01 86 F3|"",within 4; content:""|00 00 00 00|"",depth 4,offset 8; metadata:ruleset community; service:sunrpc; reference:bugtraq,122; reference:bugtraq,3382; reference:cve,1999-0003; reference:cve,1999-0687; reference:cve,1999-1075; reference:cve,2001-0717; reference:url,www.cert.org/advisories/CA-2001-05.html; classtype:rpc-portmap-decode; sid:1274; rev:26; )"
805,1275,PROTOCOL-RPC portmap yppasswd request TCP,included,"behavior_header,payload_positioned",combina cabecalho/fluxo com payload posicionado; todos os contents possuem offset/depth/distance/within,"alert tcp $EXTERNAL_NET any -> $HOME_NET 111 ( msg:""PROTOCOL-RPC portmap yppasswd request TCP""; flow:to_server,established; content:""|00 01 86 A0|"",depth 4,offset 16; content:""|00 00 00 03|"",within 4,distance 4; byte_jump:4,4,relative,align; byte_jump:4,4,relative,align; content:""|00 01 86 A9|"",within 4; content:""|00 00 00 00|"",depth 4,offset 8; metadata:ruleset community; service:sunrpc; classtype:rpc-portmap-decode; sid:1275; rev:17; )"
806,1276,PROTOCOL-RPC portmap ypserv request TCP,included,"behavior_header,payload_positioned",combina cabecalho/fluxo com payload posicionado; todos os contents possuem offset/depth/distance/within,"alert tcp $EXTERNAL_NET any -> $HOME_NET 111 ( msg:""PROTOCOL-RPC portmap ypserv request TCP""; flow:to_server,established; content:""|00 01 86 A0|"",depth 4,offset 16; content:""|00 00 00 03|"",within 4,distance 4; byte_jump:4,4,relative,align; byte_jump:4,4,relative,align; content:""|00 01 86 A4|"",within 4; content:""|00 00 00 00|"",depth 4,offset 8; metadata:ruleset community; service:sunrpc; reference:bugtraq,5914; reference:bugtraq,6016; reference:cve,2000-1042; reference:cve,2000-1043; reference:cve,2002-1232; classtype:rpc-portmap-decode; sid:1276; rev:21; )"
807,1277,PROTOCOL-RPC portmap ypupdated request UDP,included,"behavior_header,payload_positioned",combina cabecalho/fluxo com payload posicionado; todos os contents possuem offset/depth/distance/within,"alert udp $EXTERNAL_NET any -> $HOME_NET 111 ( msg:""PROTOCOL-RPC portmap ypupdated request UDP""; flow:to_server; content:""|00 01 86 A0|"",depth 4,offset 12; content:""|00 00 00 03|"",within 4,distance 4; byte_jump:4,4,relative,align; byte_jump:4,4,relative,align; content:""|00 01 86 BC|"",within 4; content:""|00 00 00 00|"",depth 4,offset 4; metadata:policy max-detect-ips drop,policy security-ips drop,ruleset community; service:sunrpc; reference:bugtraq,1749; reference:bugtraq,28383; reference:cve,1999-0208; classtype:rpc-portmap-decode; sid:1277; rev:23; )"
808,1279,PROTOCOL-RPC portmap snmpXdmi request UDP,included,"behavior_header,payload_positioned",combina cabecalho/fluxo com payload posicionado; todos os contents possuem offset/depth/distance/within,"alert udp $EXTERNAL_NET any -> $HOME_NET 111 ( msg:""PROTOCOL-RPC portmap snmpXdmi request UDP""; flow:to_server; content:""|00 01 86 A0|"",depth 4,offset 12; content:""|00 00 00 03|"",within 4,distance 4; byte_jump:4,4,relative,align; byte_jump:4,4,relative,align; content:""|00 01 87 99|"",within 4; content:""|00 00 00 00|"",depth 4,offset 4; metadata:policy max-detect-ips drop,ruleset community; service:sunrpc; reference:bugtraq,2417; reference:cve,2001-0236; reference:nessus,10659; reference:url,www.cert.org/advisories/CA-2001-05.html; classtype:rpc-portmap-decode; sid:1279; rev:28; )"
809,1280,PROTOCOL-RPC portmap listing UDP 111,included,"behavior_header,payload_positioned",combina cabecalho/fluxo com payload posicionado; todos os contents possuem offset/depth/distance/within,"alert udp $EXTERNAL_NET any -> $HOME_NET 111 ( msg:""PROTOCOL-RPC portmap listing UDP 111""; flow:to_server; content:""|00 01 86 A0|"",depth 4,offset 12; content:""|00 00 00 04|"",within 4,distance 4; content:""|00 00 00 00|"",depth 4,offset 4; metadata:policy max-detect-ips drop,ruleset community; service:sunrpc; classtype:rpc-portmap-decode; sid:1280; rev:18; )"
810,1281,PROTOCOL-RPC portmap listing UDP 32771,included,"behavior_header,payload_positioned",combina cabecalho/fluxo com payload posicionado; todos os contents possuem offset/depth/distance/within,"alert udp $EXTERNAL_NET any -> $HOME_NET 32771 ( msg:""PROTOCOL-RPC portmap listing UDP 32771""; flow:to_server; content:""|00 01 86 A0|"",depth 4,offset 12; content:""|00 00 00 04|"",within 4,distance 4; content:""|00 00 00 00|"",depth 4,offset 4; metadata:policy max-detect-ips drop,ruleset community; classtype:rpc-portmap-decode; sid:1281; rev:15; )"
816,1289,PROTOCOL-TFTP GET Admin.dll,included,"behavior_header,payload_positioned",combina cabecalho/fluxo com payload posicionado; todos os contents possuem offset/depth/distance/within,"alert udp any any -> any 69 ( msg:""PROTOCOL-TFTP GET Admin.dll""; flow:to_server; content:""|00 01|"",depth 2; content:""admin.dll"",offset 2,nocase; metadata:policy max-detect-ips drop,ruleset community; reference:url,www.cert.org/advisories/CA-2001-26.html; classtype:successful-admin; sid:1289; rev:11; )"
834,1327,INDICATOR-SHELLCODE ssh CRC32 overflow,included,"behavior_header,payload_positioned",combina cabecalho/fluxo com payload posicionado; todos os contents possuem offset/depth/distance/within,"alert tcp $EXTERNAL_NET any -> $HOME_NET $SSH_PORTS ( msg:""INDICATOR-SHELLCODE ssh CRC32 overflow""; flow:to_server,established; content:""|00 01|W|00 00 00 18|"",depth 7; content:""|FF FF FF FF 00 00|"",depth 14,offset 8; metadata:ruleset community; reference:bugtraq,2347; reference:cve,2001-0144; reference:cve,2001-0572; reference:nessus,10607; classtype:shellcode-detect; sid:1327; rev:14; )"
836,1375,SERVER-WEBAPP sadmind worm access,included,"behavior_header,payload_positioned",combina cabecalho/fluxo com payload posicionado; todos os contents possuem offset/depth/distance/within,"alert tcp $EXTERNAL_NET any -> $HTTP_SERVERS $HTTP_PORTS ( msg:""SERVER-WEBAPP sadmind worm access""; flow:to_server,established; content:""GET x HTTP/1.0"",depth 15; metadata:ruleset community; service:http; reference:url,www.cert.org/advisories/CA-2001-11.html; classtype:attempted-recon; sid:1375; rev:12; )"
846,1386,SERVER-MSSQL raiserror possible buffer overflow,included,"behavior_header,payload_positioned",combina cabecalho/fluxo com payload posicionado; todos os contents possuem offset/depth/distance/within,"alert tcp $EXTERNAL_NET any -> $SQL_SERVERS 139 ( msg:""SERVER-MSSQL raiserror possible buffer overflow""; flow:to_server,established; content:""r|00|a|00|i|00|s|00|e|00|r|00|r|00|o|00|r|00|"",offset 32,nocase; metadata:ruleset community; reference:bugtraq,3733; reference:cve,2001-0542; reference:url,technet.microsoft.com/en-us/security/bulletin/MS01-060; classtype:attempted-user; sid:1386; rev:15; )"
855,1398,SERVER-OTHER CDE dtspcd exploit attempt,included,"behavior_header,payload_positioned",combina cabecalho/fluxo com payload posicionado; todos os contents possuem offset/depth/distance/within,"alert tcp $EXTERNAL_NET any -> $HOME_NET 6112 ( msg:""SERVER-OTHER CDE dtspcd exploit attempt""; flow:to_server,established; content:""1"",depth 1,offset 10; content:!""000"",depth 3,offset 11; metadata:ruleset community; reference:bugtraq,3517; reference:cve,2001-0803; reference:nessus,10833; reference:url,www.cert.org/advisories/CA-2002-01.html; classtype:misc-attack; sid:1398; rev:14; )"
864,1409,PROTOCOL-SNMP community string buffer overflow attempt,included,"behavior_header,payload_positioned",combina cabecalho/fluxo com payload posicionado; todos os contents possuem offset/depth/distance/within,"alert udp $EXTERNAL_NET any -> $HOME_NET 161:162 ( msg:""PROTOCOL-SNMP community string buffer overflow attempt""; flow:to_server; content:""|02 01 00 04 82 01 00|"",offset 4; metadata:policy max-detect-ips drop,policy security-ips drop,ruleset community; service:snmp; reference:bugtraq,4088; reference:bugtraq,4089; reference:cve,2002-0012; reference:cve,2002-0013; reference:url,www.cert.org/advisories/CA-2002-03.html; classtype:misc-attack; sid:1409; rev:21; )"
870,1415,PROTOCOL-SNMP Broadcast request,included,behavior_header,"usa apenas cabecalho, fluxo, flags ou metadados do pacote","alert udp any any -> 255.255.255.255 161 ( msg:""PROTOCOL-SNMP Broadcast request""; flow:to_server; metadata:policy max-detect-ips drop,ruleset community; service:snmp; reference:bugtraq,4088; reference:bugtraq,4089; reference:bugtraq,4132; reference:cve,2002-0012; reference:cve,2002-0013; classtype:attempted-recon; sid:1415; rev:18; )"
871,1416,PROTOCOL-SNMP broadcast trap,included,behavior_header,"usa apenas cabecalho, fluxo, flags ou metadados do pacote","alert udp any any -> 255.255.255.255 162 ( msg:""PROTOCOL-SNMP broadcast trap""; flow:to_server; metadata:policy max-detect-ips drop,ruleset community; service:snmp; reference:bugtraq,4088; reference:bugtraq,4089; reference:bugtraq,4132; reference:cve,2002-0012; reference:cve,2002-0013; classtype:attempted-recon; sid:1416; rev:18; )"
872,1417,PROTOCOL-SNMP request udp,included,behavior_header,"usa apenas cabecalho, fluxo, flags ou metadados do pacote","alert udp $EXTERNAL_NET any -> $HOME_NET 161 ( msg:""PROTOCOL-SNMP request udp""; flow:to_server; metadata:policy max-detect-ips drop,ruleset community; service:snmp; reference:bugtraq,4088; reference:bugtraq,4089; reference:bugtraq,4132; reference:cve,2002-0012; reference:cve,2002-0013; classtype:attempted-recon; sid:1417; rev:18; )"
873,1418,PROTOCOL-SNMP request tcp,included,behavior_header,"usa apenas cabecalho, fluxo, flags ou metadados do pacote","alert tcp $EXTERNAL_NET any -> $HOME_NET 161 ( msg:""PROTOCOL-SNMP request tcp""; flow:stateless; metadata:policy max-detect-ips drop,ruleset community; service:snmp; reference:bugtraq,4088; reference:bugtraq,4089; reference:bugtraq,4132; reference:cve,2002-0012; reference:cve,2002-0013; classtype:attempted-recon; sid:1418; rev:19; )"
874,1419,PROTOCOL-SNMP trap udp,included,behavior_header,"usa apenas cabecalho, fluxo, flags ou metadados do pacote","alert udp $EXTERNAL_NET any -> $HOME_NET 162 ( msg:""PROTOCOL-SNMP trap udp""; flow:to_server; metadata:policy max-detect-ips drop,ruleset community; service:snmp; reference:bugtraq,4088; reference:bugtraq,4089; reference:bugtraq,4132; reference:cve,2002-0012; reference:cve,2002-0013; classtype:attempted-recon; sid:1419; rev:18; )"
875,1420,PROTOCOL-SNMP trap tcp,included,behavior_header,"usa apenas cabecalho, fluxo, flags ou metadados do pacote","alert tcp $EXTERNAL_NET any -> $HOME_NET 162 ( msg:""PROTOCOL-SNMP trap tcp""; flow:stateless; metadata:policy max-detect-ips drop,ruleset community; service:snmp; reference:bugtraq,4088; reference:bugtraq,4089; reference:bugtraq,4132; reference:cve,2002-0012; reference:cve,2002-0013; classtype:attempted-recon; sid:1420; rev:19; )"
876,1421,PROTOCOL-SNMP AgentX/tcp request,included,behavior_header,"usa apenas cabecalho, fluxo, flags ou metadados do pacote","alert tcp $EXTERNAL_NET any -> $HOME_NET 705 ( msg:""PROTOCOL-SNMP AgentX/tcp request""; flow:stateless; metadata:policy max-detect-ips drop,ruleset community; service:snmp; reference:bugtraq,4088; reference:bugtraq,4089; reference:bugtraq,4132; reference:cve,2002-0012; reference:cve,2002-0013; classtype:attempted-recon; sid:1421; rev:19; )"
877,1422,PROTOCOL-SNMP community string buffer overflow attempt with evasion,included,"behavior_header,payload_positioned",combina cabecalho/fluxo com payload posicionado; todos os contents possuem offset/depth/distance/within,"alert udp $EXTERNAL_NET any -> $HOME_NET 161:162 ( msg:""PROTOCOL-SNMP community string buffer overflow attempt with evasion""; flow:to_server; content:"" |04 82 01 00|"",depth 5,offset 7; metadata:policy max-detect-ips drop,policy security-ips drop,ruleset community; service:snmp; reference:bugtraq,4088; reference:bugtraq,4089; reference:cve,2002-0012; reference:cve,2002-0013; reference:url,www.cert.org/advisories/CA-2002-03.html; classtype:misc-attack; sid:1422; rev:21; )"
882,1428,POLICY-MULTIMEDIA audio galaxy keepalive,included,"behavior_header,payload_positioned",combina cabecalho/fluxo com payload posicionado; todos os contents possuem offset/depth/distance/within,"alert tcp $HOME_NET any -> 64.245.58.0/23 any ( msg:""POLICY-MULTIMEDIA audio galaxy keepalive""; flow:established; content:""E_|00 03 05|"",depth 5; metadata:ruleset community; classtype:misc-activity; sid:1428; rev:8; )"
883,1432,PUA-P2P GNUTella client request,included,"behavior_header,payload_positioned",combina cabecalho/fluxo com payload posicionado; todos os contents possuem offset/depth/distance/within,"alert tcp $HOME_NET any -> $EXTERNAL_NET any ( msg:""PUA-P2P GNUTella client request""; flow:to_server,established; content:""GNUTELLA"",depth 8; metadata:ruleset community; classtype:policy-violation; sid:1432; rev:11; )"
886,1435,PROTOCOL-DNS named authors attempt,included,"behavior_header,payload_positioned",combina cabecalho/fluxo com payload posicionado; todos os contents possuem offset/depth/distance/within,"alert tcp $EXTERNAL_NET any -> $HOME_NET 53 ( msg:""PROTOCOL-DNS named authors attempt""; flow:to_server,established; content:""|07|authors"",offset 12,nocase; content:""|04|bind|00|"",offset 12,nocase; metadata:policy max-detect-ips drop,ruleset community; service:dns; reference:nessus,10728; classtype:attempted-recon; sid:1435; rev:16; )"
891,1441,PROTOCOL-TFTP GET nc.exe,included,"behavior_header,payload_positioned",combina cabecalho/fluxo com payload posicionado; todos os contents possuem offset/depth/distance/within,"alert udp any any -> any 69 ( msg:""PROTOCOL-TFTP GET nc.exe""; flow:to_server; content:""|00 01|"",depth 2; content:""nc.exe"",offset 2,nocase; metadata:policy max-detect-ips drop,ruleset community; classtype:successful-admin; sid:1441; rev:11; )"
892,1442,PROTOCOL-TFTP GET shadow,included,"behavior_header,payload_positioned",combina cabecalho/fluxo com payload posicionado; todos os contents possuem offset/depth/distance/within,"alert udp any any -> any 69 ( msg:""PROTOCOL-TFTP GET shadow""; flow:to_server; content:""|00 01|"",depth 2; content:""shadow"",offset 2,nocase; metadata:policy max-detect-ips drop,ruleset community; classtype:successful-admin; sid:1442; rev:11; )"
893,1443,PROTOCOL-TFTP GET passwd,included,"behavior_header,payload_positioned",combina cabecalho/fluxo com payload posicionado; todos os contents possuem offset/depth/distance/within,"alert udp any any -> any 69 ( msg:""PROTOCOL-TFTP GET passwd""; flow:to_server; content:""|00 01|"",depth 2; content:""passwd"",offset 2,nocase; metadata:policy max-detect-ips drop,ruleset community; reference:cve,2021-1437; reference:url,tools.cisco.com/security/center/content/CiscoSecurityAdvisory/cisco-sa-aironet-info-disc-BfWqghj; classtype:successful-admin; sid:1443; rev:12; )"
894,1444,PROTOCOL-TFTP Get,included,"behavior_header,payload_positioned",combina cabecalho/fluxo com payload posicionado; todos os contents possuem offset/depth/distance/within,"alert udp $EXTERNAL_NET any -> $HOME_NET 69 ( msg:""PROTOCOL-TFTP Get""; flow:to_server; content:""|00 01|"",depth 2; metadata:policy max-detect-ips drop,ruleset community; classtype:bad-unknown; sid:1444; rev:10; )"
897,1447,POLICY-OTHER Microsoft Windows Terminal server RDP attempt,included,"behavior_header,payload_positioned",combina cabecalho/fluxo com payload posicionado; todos os contents possuem offset/depth/distance/within,"alert tcp $EXTERNAL_NET any -> $HOME_NET 3389 ( msg:""POLICY-OTHER Microsoft Windows Terminal server RDP attempt""; flow:to_server,established; content:""|03 00 00 0B 06 E0 00 00 00 00 00|"",depth 11; metadata:ruleset community; service:rdp; reference:bugtraq,3099; reference:cve,2001-0540; reference:cve,2001-0663; reference:nessus,10940; reference:url,technet.microsoft.com/en-us/security/bulletin/MS01-040; reference:url,technet.microsoft.com/en-us/security/bulletin/MS01-052; classtype:protocol-command-decode; sid:1447; rev:20; )"
898,1448,POLICY-OTHER Microsoft Windows Terminal server request attempt,included,"behavior_header,payload_positioned",combina cabecalho/fluxo com payload posicionado; todos os contents possuem offset/depth/distance/within,"alert tcp $EXTERNAL_NET any -> $HOME_NET 3389 ( msg:""POLICY-OTHER Microsoft Windows Terminal server request attempt""; flow:to_server,established; content:""|03 00 00|"",depth 3; content:""|E0 00 00 00 00 00|"",depth 6,offset 5; metadata:ruleset community; service:rdp; reference:bugtraq,3099; reference:cve,2001-0540; reference:cve,2001-0663; reference:nessus,10940; reference:url,technet.microsoft.com/en-us/security/bulletin/MS01-040; reference:url,technet.microsoft.com/en-us/security/bulletin/MS01-052; classtype:protocol-command-decode; sid:1448; rev:20; )"
1044,1603,SERVER-WEBAPP DELETE attempt,included,"behavior_header,payload_positioned",combina cabecalho/fluxo com payload posicionado; todos os contents possuem offset/depth/distance/within,"alert tcp $EXTERNAL_NET any -> $HTTP_SERVERS $HTTP_PORTS ( msg:""SERVER-WEBAPP DELETE attempt""; flow:to_server,established; content:""DELETE "",depth 7,nocase; metadata:ruleset community; service:http; reference:nessus,10498; classtype:web-application-activity; sid:1603; rev:13; )"
1056,1616,PROTOCOL-DNS named version attempt,included,"behavior_header,payload_positioned",combina cabecalho/fluxo com payload posicionado; todos os contents possuem offset/depth/distance/within,"alert udp $EXTERNAL_NET any -> $HOME_NET 53 ( msg:""PROTOCOL-DNS named version attempt""; flow:to_server; content:""|07|version"",offset 12,nocase; content:""|04|bind|00|"",offset 12,nocase; metadata:policy max-detect-ips drop,ruleset community; service:dns; reference:nessus,10028; classtype:attempted-recon; sid:1616; rev:17; )"
1158,1732,PROTOCOL-RPC portmap rwalld request UDP,included,"behavior_header,payload_positioned",combina cabecalho/fluxo com payload posicionado; todos os contents possuem offset/depth/distance/within,"alert udp $EXTERNAL_NET any -> $HOME_NET 111 ( msg:""PROTOCOL-RPC portmap rwalld request UDP""; flow:to_server; content:""|00 01 86 A0|"",depth 4,offset 12; content:""|00 00 00 03|"",within 4,distance 4; byte_jump:4,4,relative,align; byte_jump:4,4,relative,align; content:""|00 01 86 A8|"",within 4; content:""|00 00 00 00|"",depth 4,offset 4; metadata:policy max-detect-ips drop,ruleset community; service:sunrpc; reference:bugtraq,205; reference:cve,1999-0181; classtype:rpc-portmap-decode; sid:1732; rev:18; )"
1159,1733,PROTOCOL-RPC portmap rwalld request TCP,included,"behavior_header,payload_positioned",combina cabecalho/fluxo com payload posicionado; todos os contents possuem offset/depth/distance/within,"alert tcp $EXTERNAL_NET any -> $HOME_NET 111 ( msg:""PROTOCOL-RPC portmap rwalld request TCP""; flow:to_server,established; content:""|00 01 86 A0|"",depth 4,offset 16; content:""|00 00 00 03|"",within 4,distance 4; byte_jump:4,4,relative,align; byte_jump:4,4,relative,align; content:""|00 01 86 A8|"",within 4; content:""|00 00 00 00|"",depth 4,offset 8; metadata:ruleset community; service:sunrpc; reference:bugtraq,205; reference:cve,1999-0181; classtype:rpc-portmap-decode; sid:1733; rev:16; )"
1172,1746,PROTOCOL-RPC portmap cachefsd request UDP,included,"behavior_header,payload_positioned",combina cabecalho/fluxo com payload posicionado; todos os contents possuem offset/depth/distance/within,"alert udp $EXTERNAL_NET any -> $HOME_NET 111 ( msg:""PROTOCOL-RPC portmap cachefsd request UDP""; flow:to_server; content:""|00 01 86 A0|"",depth 4,offset 12; content:""|00 00 00 03|"",within 4,distance 4; byte_jump:4,4,relative,align; byte_jump:4,4,relative,align; content:""|00 01 87 8B|"",within 4; content:""|00 00 00 00|"",depth 4,offset 4; metadata:policy max-detect-ips drop,ruleset community; service:sunrpc; reference:bugtraq,4674; reference:cve,2002-0033; reference:cve,2002-0084; reference:nessus,10951; classtype:rpc-portmap-decode; sid:1746; rev:20; )"
1173,1747,PROTOCOL-RPC portmap cachefsd request TCP,included,"behavior_header,payload_positioned",combina cabecalho/fluxo com payload posicionado; todos os contents possuem offset/depth/distance/within,"alert tcp $EXTERNAL_NET any -> $HOME_NET 111 ( msg:""PROTOCOL-RPC portmap cachefsd request TCP""; flow:to_server,established; content:""|00 01 86 A0|"",depth 4,offset 16; content:""|00 00 00 03|"",within 4,distance 4; byte_jump:4,4,relative,align; byte_jump:4,4,relative,align; content:""|00 01 87 8B|"",within 4; content:""|00 00 00 00|"",depth 4,offset 8; metadata:ruleset community; service:sunrpc; reference:bugtraq,4674; reference:cve,2002-0033; reference:cve,2002-0084; reference:nessus,10951; classtype:rpc-portmap-decode; sid:1747; rev:18; )"
1220,1819,SERVER-OTHER Alcatel PABX 4400 connection attempt,included,"behavior_header,payload_positioned",combina cabecalho/fluxo com payload posicionado; todos os contents possuem offset/depth/distance/within,"alert tcp $EXTERNAL_NET any -> $HOME_NET 2533 ( msg:""SERVER-OTHER Alcatel PABX 4400 connection attempt""; flow:to_server,established; content:""|00 01|C"",depth 3; metadata:ruleset community; reference:nessus,11019; classtype:misc-activity; sid:1819; rev:9; )"
1241,1843,MALWARE-BACKDOOR trinity connection attempt,included,"behavior_header,payload_positioned",combina cabecalho/fluxo com payload posicionado; todos os contents possuem offset/depth/distance/within,"alert tcp $EXTERNAL_NET any -> $HOME_NET 33270 ( msg:""MALWARE-BACKDOOR trinity connection attempt""; flow:to_server,established; content:""!@|23|"",depth 3; metadata:ruleset community; reference:cve,2000-0138; reference:nessus,10501; classtype:attempted-admin; sid:1843; rev:11; )"
1251,1853,MALWARE-BACKDOOR win-trin00 connection attempt,included,"behavior_header,payload_positioned",combina cabecalho/fluxo com payload posicionado; todos os contents possuem offset/depth/distance/within,"alert udp $EXTERNAL_NET any -> $HOME_NET 35555 ( msg:""MALWARE-BACKDOOR win-trin00 connection attempt""; flow:to_server; content:""png []..Ks l44"",depth 14; metadata:ruleset community; reference:cve,2000-0138; reference:nessus,10307; classtype:attempted-admin; sid:1853; rev:12; )"
1278,1881,SERVER-WEBAPP bad HTTP 1.1 request - potential worm attack,included,"behavior_header,payload_positioned",combina cabecalho/fluxo com payload posicionado; todos os contents possuem offset/depth/distance/within,"alert tcp $EXTERNAL_NET any -> $HTTP_SERVERS $HTTP_PORTS ( msg:""SERVER-WEBAPP bad HTTP 1.1 request - potential worm attack""; flow:to_server,established; content:""GET / HTTP/1.1|0D 0A 0D 0A|"",depth 18; metadata:ruleset community; service:http; reference:url,securityresponse.symantec.com/avcenter/security/Content/2002.09.13.html; classtype:web-application-activity; sid:1881; rev:13; )"
1283,1890,PROTOCOL-RPC status GHBN format string attack,included,"behavior_header,payload_positioned",combina cabecalho/fluxo com payload posicionado; todos os contents possuem offset/depth/distance/within,"alert udp $EXTERNAL_NET any -> $HOME_NET 1024: ( msg:""PROTOCOL-RPC status GHBN format string attack""; flow:to_server; content:""|00 01 86 B8|"",depth 4,offset 12; content:""|00 00 00 02|"",within 4,distance 4; byte_jump:4,4,relative,align; byte_jump:4,4,relative,align; content:""%x %x"",within 256; content:""|00 00 00 00|"",depth 4,offset 4; metadata:policy max-detect-ips drop,ruleset community; reference:bugtraq,1480; reference:cve,2000-0666; reference:nessus,10544; classtype:misc-attack; sid:1890; rev:18; )"
1284,1891,PROTOCOL-RPC status GHBN format string attack,included,"behavior_header,payload_positioned",combina cabecalho/fluxo com payload posicionado; todos os contents possuem offset/depth/distance/within,"alert tcp $EXTERNAL_NET any -> $HOME_NET 1024: ( msg:""PROTOCOL-RPC status GHBN format string attack""; flow:to_server,established; content:""|00 01 86 B8|"",depth 4,offset 16; content:""|00 00 00 02|"",within 4,distance 4; byte_jump:4,4,relative,align; byte_jump:4,4,relative,align; content:""%x %x"",within 256; content:""|00 00 00 00|"",depth 4,offset 8; metadata:ruleset community; reference:bugtraq,1480; reference:cve,2000-0666; reference:nessus,10544; classtype:misc-attack; sid:1891; rev:17; )"
1293,1900,SERVER-OTHER successful kadmind buffer overflow attempt,included,"behavior_header,payload_positioned",combina cabecalho/fluxo com payload posicionado; todos os contents possuem offset/depth/distance/within,"alert tcp $HOME_NET 749 -> $EXTERNAL_NET any ( msg:""SERVER-OTHER successful kadmind buffer overflow attempt""; flow:to_client,established; content:""*GOBBLE*"",depth 8; metadata:ruleset community; reference:bugtraq,5731; reference:bugtraq,6024; reference:cve,2002-1226; reference:cve,2002-1235; reference:url,www.kb.cert.org/vuls/id/875073; classtype:successful-admin; sid:1900; rev:15; )"
1294,1901,SERVER-OTHER successful kadmind buffer overflow attempt,included,"behavior_header,payload_positioned",combina cabecalho/fluxo com payload posicionado; todos os contents possuem offset/depth/distance/within,"alert tcp $HOME_NET 751 -> $EXTERNAL_NET any ( msg:""SERVER-OTHER successful kadmind buffer overflow attempt""; flow:to_client,established; content:""*GOBBLE*"",depth 8; metadata:ruleset community; reference:bugtraq,5731; reference:bugtraq,6024; reference:cve,2002-1226; reference:cve,2002-1235; reference:url,www.kb.cert.org/vuls/id/875073; classtype:successful-admin; sid:1901; rev:16; )"
1298,1905,PROTOCOL-RPC AMD UDP amqproc_mount plog overflow attempt,included,"behavior_header,payload_positioned",combina cabecalho/fluxo com payload posicionado; todos os contents possuem offset/depth/distance/within,"alert udp $EXTERNAL_NET any -> $HOME_NET 500: ( msg:""PROTOCOL-RPC AMD UDP amqproc_mount plog overflow attempt""; flow:to_server; content:""|00 04 93 F3|"",depth 4,offset 12; content:""|00 00 00 07|"",within 4,distance 4; byte_jump:4,4,relative,align; byte_jump:4,4,relative,align; byte_test:4,>,512,0,relative; content:""|00 00 00 00|"",depth 4,offset 4; metadata:policy max-detect-ips drop,ruleset community; reference:bugtraq,614; reference:cve,1999-0704; classtype:misc-attack; sid:1905; rev:15; )"
1299,1906,PROTOCOL-RPC AMD TCP amqproc_mount plog overflow attempt,included,"behavior_header,payload_positioned",combina cabecalho/fluxo com payload posicionado; todos os contents possuem offset/depth/distance/within,"alert tcp $EXTERNAL_NET any -> $HOME_NET 500: ( msg:""PROTOCOL-RPC AMD TCP amqproc_mount plog overflow attempt""; flow:to_server,established; content:""|00 04 93 F3|"",depth 4,offset 16; content:""|00 00 00 07|"",within 4,distance 4; byte_jump:4,4,relative,align; byte_jump:4,4,relative,align; byte_test:4,>,512,0,relative; content:""|00 00 00 00|"",depth 4,offset 8; metadata:ruleset community; reference:bugtraq,614; reference:cve,1999-0704; classtype:misc-attack; sid:1906; rev:13; )"
1300,1907,PROTOCOL-RPC CMSD UDP CMSD_CREATE buffer overflow attempt,included,"behavior_header,payload_positioned",combina cabecalho/fluxo com payload posicionado; todos os contents possuem offset/depth/distance/within,"alert udp $EXTERNAL_NET any -> $HOME_NET any ( msg:""PROTOCOL-RPC CMSD UDP CMSD_CREATE buffer overflow attempt""; flow:to_server; content:""|00 01 86 E4|"",depth 4,offset 12; content:""|00 00 00 15|"",within 4,distance 4; byte_jump:4,4,relative,align; byte_jump:4,4,relative,align; byte_test:4,>,1024,0,relative; content:""|00 00 00 00|"",depth 4,offset 4; metadata:policy max-detect-ips drop,ruleset community; service:sunrpc; reference:bugtraq,36615; reference:bugtraq,524; reference:cve,1999-0696; reference:cve,2009-3699; classtype:attempted-admin; sid:1907; rev:18; )"
1301,1908,PROTOCOL-RPC CMSD TCP CMSD_CREATE buffer overflow attempt,included,"behavior_header,payload_positioned",combina cabecalho/fluxo com payload posicionado; todos os contents possuem offset/depth/distance/within,"alert tcp $EXTERNAL_NET any -> $HOME_NET any ( msg:""PROTOCOL-RPC CMSD TCP CMSD_CREATE buffer overflow attempt""; flow:to_server,established; content:""|00 01 86 E4|"",depth 4,offset 16; content:""|00 00 00 15|"",within 4,distance 4; byte_jump:4,4,relative,align; byte_jump:4,4,relative,align; byte_test:4,>,1024,0,relative; content:""|00 00 00 00|"",depth 4,offset 8; metadata:ruleset community; reference:bugtraq,524; reference:cve,1999-0696; classtype:attempted-admin; sid:1908; rev:14; )"
1302,1909,PROTOCOL-RPC CMSD TCP CMSD_INSERT buffer overflow attempt,included,"behavior_header,payload_positioned",combina cabecalho/fluxo com payload posicionado; todos os contents possuem offset/depth/distance/within,"alert tcp $EXTERNAL_NET any -> $HOME_NET any ( msg:""PROTOCOL-RPC CMSD TCP CMSD_INSERT buffer overflow attempt""; flow:to_server,established; content:""|00 01 86 E4|"",depth 4,offset 16; content:""|00 00 00 06|"",within 4,distance 4; byte_jump:4,4,relative,align; byte_jump:4,4,relative,align; byte_jump:4,0,relative,align; byte_test:4,>,1000,28,relative; content:""|00 00 00 00|"",depth 4,offset 8; metadata:ruleset community; reference:bugtraq,524; reference:cve,1999-0696; reference:url,www.cert.org/advisories/CA-99-08-cmsd.html; classtype:misc-attack; sid:1909; rev:17; )"
1303,1910,PROTOCOL-RPC CMSD udp CMSD_INSERT buffer overflow attempt,included,"behavior_header,payload_positioned",combina cabecalho/fluxo com payload posicionado; todos os contents possuem offset/depth/distance/within,"alert udp $EXTERNAL_NET any -> $HOME_NET any ( msg:""PROTOCOL-RPC CMSD udp CMSD_INSERT buffer overflow attempt""; flow:to_server; content:""|00 01 86 E4|"",depth 4,offset 12; content:""|00 00 00 06|"",within 4,distance 4; byte_jump:4,4,relative,align; byte_jump:4,4,relative,align; byte_jump:4,0,relative,align; byte_test:4,>,1000,28,relative; content:""|00 00 00 00|"",depth 4,offset 4; metadata:policy max-detect-ips drop,ruleset community; reference:cve,1999-0696; reference:url,www.cert.org/advisories/CA-99-08-cmsd.html; classtype:misc-attack; sid:1910; rev:17; )"
1304,1911,PROTOCOL-RPC sadmind UDP NETMGT_PROC_SERVICE CLIENT_DOMAIN overflow attempt,included,"behavior_header,payload_positioned",combina cabecalho/fluxo com payload posicionado; todos os contents possuem offset/depth/distance/within,"alert udp $EXTERNAL_NET any -> $HOME_NET any ( msg:""PROTOCOL-RPC sadmind UDP NETMGT_PROC_SERVICE CLIENT_DOMAIN overflow attempt""; flow:to_server; content:""|00 01 87 88|"",depth 4,offset 12; content:""|00 00 00 01|"",within 4,distance 4; byte_jump:4,4,relative,align; byte_jump:4,4,relative,align; byte_jump:4,124,relative,align; byte_jump:4,20,relative,align; byte_test:4,>,512,4,relative; content:""|00 00 00 00|"",depth 4,offset 4; metadata:policy max-detect-ips drop,ruleset community; reference:bugtraq,866; reference:cve,1999-0977; classtype:attempted-admin; sid:1911; rev:20; )"
1305,1912,PROTOCOL-RPC sadmind TCP NETMGT_PROC_SERVICE CLIENT_DOMAIN overflow attempt,included,"behavior_header,payload_positioned",combina cabecalho/fluxo com payload posicionado; todos os contents possuem offset/depth/distance/within,"alert tcp $EXTERNAL_NET any -> $HOME_NET any ( msg:""PROTOCOL-RPC sadmind TCP NETMGT_PROC_SERVICE CLIENT_DOMAIN overflow attempt""; flow:to_server,established; content:""|00 01 87 88|"",depth 4,offset 16; content:""|00 00 00 01|"",within 4,distance 4; byte_jump:4,4,relative,align; byte_jump:4,4,relative,align; byte_jump:4,124,relative,align; byte_jump:4,20,relative,align; byte_test:4,>,512,4,relative; content:""|00 00 00 00|"",depth 4,offset 8; metadata:ruleset community; reference:bugtraq,0866; reference:bugtraq,866; reference:cve,1999-0977; classtype:attempted-admin; sid:1912; rev:16; )"
1306,1913,PROTOCOL-RPC STATD UDP stat mon_name format string exploit attempt,included,"behavior_header,payload_positioned",combina cabecalho/fluxo com payload posicionado; todos os contents possuem offset/depth/distance/within,"alert udp $EXTERNAL_NET any -> $HOME_NET any ( msg:""PROTOCOL-RPC STATD UDP stat mon_name format string exploit attempt""; flow:to_server; content:""|00 01 86 B8|"",depth 4,offset 12; content:""|00 00 00 01|"",within 4,distance 4; byte_jump:4,4,relative,align; byte_jump:4,4,relative,align; byte_test:4,>,100,0,relative; content:""|00 00 00 00|"",depth 4,offset 4; metadata:policy max-detect-ips drop,ruleset community; reference:bugtraq,1480; reference:cve,2000-0666; reference:nessus,10544; classtype:attempted-admin; sid:1913; rev:20; )"
1307,1914,PROTOCOL-RPC STATD TCP stat mon_name format string exploit attempt,included,"behavior_header,payload_positioned",combina cabecalho/fluxo com payload posicionado; todos os contents possuem offset/depth/distance/within,"alert tcp $EXTERNAL_NET any -> $HOME_NET any ( msg:""PROTOCOL-RPC STATD TCP stat mon_name format string exploit attempt""; flow:to_server,established; content:""|00 01 86 B8|"",depth 4,offset 16; content:""|00 00 00 01|"",within 4,distance 4; byte_jump:4,4,relative,align; byte_jump:4,4,relative,align; byte_test:4,>,100,0,relative; content:""|00 00 00 00|"",depth 4,offset 8; metadata:ruleset community; reference:bugtraq,1480; reference:cve,2000-0666; reference:nessus,10544; classtype:attempted-admin; sid:1914; rev:18; )"
1308,1915,PROTOCOL-RPC STATD UDP monitor mon_name format string exploit attempt,included,"behavior_header,payload_positioned",combina cabecalho/fluxo com payload posicionado; todos os contents possuem offset/depth/distance/within,"alert udp $EXTERNAL_NET any -> $HOME_NET any ( msg:""PROTOCOL-RPC STATD UDP monitor mon_name format string exploit attempt""; flow:to_server; content:""|00 01 86 B8|"",depth 4,offset 12; content:""|00 00 00 02|"",within 4,distance 4; byte_jump:4,4,relative,align; byte_jump:4,4,relative,align; byte_test:4,>,100,0,relative; content:""|00 00 00 00|"",depth 4,offset 4; metadata:policy max-detect-ips drop,ruleset community; reference:bugtraq,1480; reference:cve,2000-0666; reference:nessus,10544; classtype:attempted-admin; sid:1915; rev:19; )"
1309,1916,PROTOCOL-RPC STATD TCP monitor mon_name format string exploit attempt,included,"behavior_header,payload_positioned",combina cabecalho/fluxo com payload posicionado; todos os contents possuem offset/depth/distance/within,"alert tcp $EXTERNAL_NET any -> $HOME_NET any ( msg:""PROTOCOL-RPC STATD TCP monitor mon_name format string exploit attempt""; flow:to_server,established; content:""|00 01 86 B8|"",depth 4,offset 16; content:""|00 00 00 02|"",within 4,distance 4; byte_jump:4,4,relative,align; byte_jump:4,4,relative,align; byte_test:4,>,100,0,relative; content:""|00 00 00 00|"",depth 4,offset 8; metadata:ruleset community; reference:bugtraq,1480; reference:cve,2000-0666; reference:nessus,10544; classtype:attempted-admin; sid:1916; rev:17; )"
1315,1922,PROTOCOL-RPC portmap proxy attempt TCP,included,"behavior_header,payload_positioned",combina cabecalho/fluxo com payload posicionado; todos os contents possuem offset/depth/distance/within,"alert tcp $EXTERNAL_NET any -> $HOME_NET 111 ( msg:""PROTOCOL-RPC portmap proxy attempt TCP""; flow:to_server,established; content:""|00 01 86 A0|"",depth 4,offset 16; content:""|00 00 00 05|"",within 4,distance 4; content:""|00 00 00 00|"",depth 4,offset 8; metadata:ruleset community; service:sunrpc; classtype:rpc-portmap-decode; sid:1922; rev:12; )"
1316,1923,PROTOCOL-RPC portmap proxy attempt UDP,included,"behavior_header,payload_positioned",combina cabecalho/fluxo com payload posicionado; todos os contents possuem offset/depth/distance/within,"alert udp $EXTERNAL_NET any -> $HOME_NET 111 ( msg:""PROTOCOL-RPC portmap proxy attempt UDP""; flow:to_server; content:""|00 01 86 A0|"",depth 4,offset 12; content:""|00 00 00 05|"",within 4,distance 4; content:""|00 00 00 00|"",depth 4,offset 4; metadata:policy max-detect-ips drop,ruleset community; service:sunrpc; classtype:rpc-portmap-decode; sid:1923; rev:14; )"
1317,1924,PROTOCOL-RPC mountd UDP export request,included,"behavior_header,payload_positioned",combina cabecalho/fluxo com payload posicionado; todos os contents possuem offset/depth/distance/within,"alert udp $EXTERNAL_NET any -> $HOME_NET any ( msg:""PROTOCOL-RPC mountd UDP export request""; flow:to_server; content:""|00 01 86 A5|"",depth 4,offset 12; content:""|00 00 00 05|"",within 4,distance 4; content:""|00 00 00 00|"",depth 4,offset 4; metadata:policy max-detect-ips drop,ruleset community; classtype:attempted-recon; sid:1924; rev:14; )"
1318,1925,PROTOCOL-RPC mountd TCP exportall request,included,"behavior_header,payload_positioned",combina cabecalho/fluxo com payload posicionado; todos os contents possuem offset/depth/distance/within,"alert tcp $EXTERNAL_NET any -> $HOME_NET any ( msg:""PROTOCOL-RPC mountd TCP exportall request""; flow:to_server,established; content:""|00 01 86 A5|"",depth 4,offset 16; content:""|00 00 00 06|"",within 4,distance 4; content:""|00 00 00 00|"",depth 4,offset 8; metadata:ruleset community; classtype:attempted-recon; sid:1925; rev:12; )"
1319,1926,PROTOCOL-RPC mountd UDP exportall request,included,"behavior_header,payload_positioned",combina cabecalho/fluxo com payload posicionado; todos os contents possuem offset/depth/distance/within,"alert udp $EXTERNAL_NET any -> $HOME_NET any ( msg:""PROTOCOL-RPC mountd UDP exportall request""; flow:to_server; content:""|00 01 86 A5|"",depth 4,offset 12; content:""|00 00 00 06|"",within 4,distance 4; content:""|00 00 00 00|"",depth 4,offset 4; metadata:policy max-detect-ips drop,ruleset community; classtype:attempted-recon; sid:1926; rev:14; )"
1329,1939,SERVER-OTHER bootp hardware address length overflow,included,"behavior_header,payload_positioned",combina cabecalho/fluxo com payload posicionado; todos os contents possuem offset/depth/distance/within,"alert udp $EXTERNAL_NET any -> $HOME_NET 67 ( msg:""SERVER-OTHER bootp hardware address length overflow""; flow:to_server; content:""|01|"",depth 1; byte_test:1,>,6,2; metadata:policy max-detect-ips drop,ruleset community; reference:cve,1999-0798; classtype:misc-activity; sid:1939; rev:10; )"
1330,1940,SERVER-OTHER bootp invalid hardware type,included,"behavior_header,payload_positioned",combina cabecalho/fluxo com payload posicionado; todos os contents possuem offset/depth/distance/within,"alert udp $EXTERNAL_NET any -> $HOME_NET 67 ( msg:""SERVER-OTHER bootp invalid hardware type""; flow:to_server; content:""|01|"",depth 1; byte_test:1,>,7,1; metadata:policy max-detect-ips drop,ruleset community; reference:cve,1999-0798; classtype:misc-activity; sid:1940; rev:9; )"
1331,1941,PROTOCOL-TFTP GET filename overflow attempt,included,"behavior_header,payload_positioned",combina cabecalho/fluxo com payload posicionado; todos os contents possuem offset/depth/distance/within,"alert udp any any -> any 69 ( msg:""PROTOCOL-TFTP GET filename overflow attempt""; flow:to_server; content:""|00 01|"",depth 2; isdataat:100,relative; content:!""|00|"",within 100; metadata:policy max-detect-ips drop,ruleset community; service:tftp; reference:bugtraq,20131; reference:bugtraq,22923; reference:bugtraq,36121; reference:bugtraq,5328; reference:cve,2002-0813; reference:cve,2006-4948; reference:cve,2007-1435; reference:cve,2009-2957; reference:cve,2009-2958; reference:nessus,18264; classtype:attempted-admin; sid:1941; rev:24; )"
1338,1949,PROTOCOL-RPC portmap SET attempt TCP 111,included,"behavior_header,payload_positioned",combina cabecalho/fluxo com payload posicionado; todos os contents possuem offset/depth/distance/within,"alert tcp $EXTERNAL_NET any -> $HOME_NET 111 ( msg:""PROTOCOL-RPC portmap SET attempt TCP 111""; flow:to_server,established; content:""|00 01 86 A0|"",depth 4,offset 16; content:""|00 00 00 01|"",within 4,distance 4; content:""|00 00 00 00|"",depth 4,offset 8; metadata:ruleset community; service:sunrpc; classtype:rpc-portmap-decode; sid:1949; rev:11; )"
1339,1950,PROTOCOL-RPC portmap SET attempt UDP 111,included,"behavior_header,payload_positioned",combina cabecalho/fluxo com payload posicionado; todos os contents possuem offset/depth/distance/within,"alert udp $EXTERNAL_NET any -> $HOME_NET 111 ( msg:""PROTOCOL-RPC portmap SET attempt UDP 111""; flow:to_server; content:""|00 01 86 A0|"",depth 4,offset 12; content:""|00 00 00 01|"",within 4,distance 4; content:""|00 00 00 00|"",depth 4,offset 4; metadata:policy max-detect-ips drop,ruleset community; service:sunrpc; classtype:rpc-portmap-decode; sid:1950; rev:13; )"
1340,1951,PROTOCOL-RPC mountd TCP mount request,included,"behavior_header,payload_positioned",combina cabecalho/fluxo com payload posicionado; todos os contents possuem offset/depth/distance/within,"alert tcp $EXTERNAL_NET any -> $HOME_NET any ( msg:""PROTOCOL-RPC mountd TCP mount request""; flow:to_server,established; content:""|00 01 86 A5|"",depth 4,offset 16; content:""|00 00 00 01|"",within 4,distance 4; content:""|00 00 00 00|"",depth 4,offset 8; metadata:ruleset community; reference:cve,1999-0210; classtype:attempted-recon; sid:1951; rev:11; )"
1341,1952,PROTOCOL-RPC mountd UDP mount request,included,"behavior_header,payload_positioned",combina cabecalho/fluxo com payload posicionado; todos os contents possuem offset/depth/distance/within,"alert udp $EXTERNAL_NET any -> $HOME_NET any ( msg:""PROTOCOL-RPC mountd UDP mount request""; flow:to_server; content:""|00 01 86 A5|"",depth 4,offset 12; content:""|00 00 00 01|"",within 4,distance 4; content:""|00 00 00 00|"",depth 4,offset 4; metadata:policy max-detect-ips drop,ruleset community; classtype:attempted-recon; sid:1952; rev:15; )"
1342,1953,PROTOCOL-RPC AMD TCP pid request,included,"behavior_header,payload_positioned",combina cabecalho/fluxo com payload posicionado; todos os contents possuem offset/depth/distance/within,"alert tcp $EXTERNAL_NET any -> $HOME_NET 500: ( msg:""PROTOCOL-RPC AMD TCP pid request""; flow:to_server,established; content:""|00 04 93 F3|"",depth 4,offset 16; content:""|00 00 00 09|"",within 4,distance 4; content:""|00 00 00 00|"",depth 4,offset 8; metadata:ruleset community; classtype:rpc-portmap-decode; sid:1953; rev:10; )"
1343,1954,PROTOCOL-RPC AMD UDP pid request,included,"behavior_header,payload_positioned",combina cabecalho/fluxo com payload posicionado; todos os contents possuem offset/depth/distance/within,"alert udp $EXTERNAL_NET any -> $HOME_NET 500: ( msg:""PROTOCOL-RPC AMD UDP pid request""; flow:to_server; content:""|00 04 93 F3|"",depth 4,offset 12; content:""|00 00 00 09|"",within 4,distance 4; content:""|00 00 00 00|"",depth 4,offset 4; metadata:policy max-detect-ips drop,ruleset community; classtype:rpc-portmap-decode; sid:1954; rev:12; )"
1344,1955,PROTOCOL-RPC AMD TCP version request,included,"behavior_header,payload_positioned",combina cabecalho/fluxo com payload posicionado; todos os contents possuem offset/depth/distance/within,"alert tcp $EXTERNAL_NET any -> $HOME_NET 500: ( msg:""PROTOCOL-RPC AMD TCP version request""; flow:to_server,established; content:""|00 04 93 F3|"",depth 4,offset 16; content:""|00 00 00 08|"",within 4,distance 4; content:""|00 00 00 00|"",depth 4,offset 8; metadata:ruleset community; classtype:rpc-portmap-decode; sid:1955; rev:11; )"
1345,1956,PROTOCOL-RPC AMD UDP version request,included,"behavior_header,payload_positioned",combina cabecalho/fluxo com payload posicionado; todos os contents possuem offset/depth/distance/within,"alert udp $EXTERNAL_NET any -> $HOME_NET 500: ( msg:""PROTOCOL-RPC AMD UDP version request""; flow:to_server; content:""|00 04 93 F3|"",depth 4,offset 12; content:""|00 00 00 08|"",within 4,distance 4; content:""|00 00 00 00|"",depth 4,offset 4; metadata:policy max-detect-ips drop,ruleset community; reference:bugtraq,1554; reference:cve,2000-0696; classtype:rpc-portmap-decode; sid:1956; rev:15; )"
1347,1958,PROTOCOL-RPC sadmind TCP PING,included,"behavior_header,payload_positioned",combina cabecalho/fluxo com payload posicionado; todos os contents possuem offset/depth/distance/within,"alert tcp $EXTERNAL_NET any -> $HOME_NET any ( msg:""PROTOCOL-RPC sadmind TCP PING""; flow:to_server,established; content:""|00 01 87 88|"",depth 4,offset 16; content:""|00 00 00 00|"",within 4,distance 4; content:""|00 00 00 00|"",depth 4,offset 8; metadata:ruleset community; reference:bugtraq,866; reference:cve,1999-0977; reference:nessus,10229; classtype:protocol-command-decode; sid:1958; rev:15; )"
1349,1960,PROTOCOL-RPC portmap NFS request TCP,included,"behavior_header,payload_positioned",combina cabecalho/fluxo com payload posicionado; todos os contents possuem offset/depth/distance/within,"alert tcp $EXTERNAL_NET any -> $HOME_NET 111 ( msg:""PROTOCOL-RPC portmap NFS request TCP""; flow:to_server,established; content:""|00 01 86 A0|"",depth 4,offset 16; content:""|00 00 00 03|"",within 4,distance 4; byte_jump:4,4,relative,align; byte_jump:4,4,relative,align; content:""|00 01 86 A3|"",within 4; content:""|00 00 00 00|"",depth 4,offset 8; metadata:ruleset community; service:sunrpc; classtype:rpc-portmap-decode; sid:1960; rev:13; )"
1351,1962,PROTOCOL-RPC portmap RQUOTA request TCP,included,"behavior_header,payload_positioned",combina cabecalho/fluxo com payload posicionado; todos os contents possuem offset/depth/distance/within,"alert tcp $EXTERNAL_NET any -> $HOME_NET 111 ( msg:""PROTOCOL-RPC portmap RQUOTA request TCP""; flow:to_server,established; content:""|00 01 86 A0|"",depth 4,offset 16; content:""|00 00 00 03|"",within 4,distance 4; byte_jump:4,4,relative,align; byte_jump:4,4,relative,align; content:""|00 01 86 AB|"",within 4; content:""|00 00 00 00|"",depth 4,offset 8; metadata:ruleset community; service:sunrpc; classtype:rpc-portmap-decode; sid:1962; rev:13; )"
1353,1964,PROTOCOL-RPC tooltalk UDP overflow attempt,included,"behavior_header,payload_positioned",combina cabecalho/fluxo com payload posicionado; todos os contents possuem offset/depth/distance/within,"alert udp $EXTERNAL_NET any -> $HOME_NET any ( msg:""PROTOCOL-RPC tooltalk UDP overflow attempt""; flow:to_server; content:""|00 01 86 F3|"",depth 4,offset 12; content:""|00 00 00 07|"",within 4,distance 4; byte_jump:4,4,relative,align; byte_jump:4,4,relative,align; byte_test:4,>,128,0,relative; content:""|00 00 00 00|"",depth 4,offset 4; metadata:policy max-detect-ips drop,ruleset community; reference:bugtraq,122; reference:cve,1999-0003; classtype:attempted-admin; sid:1964; rev:18; )"
1354,1965,PROTOCOL-RPC tooltalk TCP overflow attempt,included,"behavior_header,payload_positioned",combina cabecalho/fluxo com payload posicionado; todos os contents possuem offset/depth/distance/within,"alert tcp $EXTERNAL_NET any -> $HOME_NET any ( msg:""PROTOCOL-RPC tooltalk TCP overflow attempt""; flow:to_server,established; content:""|00 01 86 F3|"",depth 4,offset 16; content:""|00 00 00 07|"",within 4,distance 4; byte_jump:4,4,relative,align; byte_jump:4,4,relative,align; byte_test:4,>,128,0,relative; content:""|00 00 00 00|"",depth 4,offset 8; metadata:ruleset community; reference:bugtraq,122; reference:cve,1999-0003; reference:cve,2001-0717; classtype:attempted-admin; sid:1965; rev:17; )"
1369,1980,MALWARE-BACKDOOR DeepThroat 3.1 Connection,included,"behavior_header,payload_positioned",combina cabecalho/fluxo com payload posicionado; todos os contents possuem offset/depth/distance/within,"alert udp $EXTERNAL_NET any -> $HOME_NET 2140 ( msg:""MALWARE-BACKDOOR DeepThroat 3.1 Connection""; flow:to_server; content:""00"",depth 2; metadata:policy max-detect-ips drop,ruleset community; reference:nessus,10053; classtype:trojan-activity; sid:1980; rev:13; )"
1370,1981,MALWARE-BACKDOOR DeepThroat 3.1 Connection attempt on port 3150,included,"behavior_header,payload_positioned",combina cabecalho/fluxo com payload posicionado; todos os contents possuem offset/depth/distance/within,"alert udp $EXTERNAL_NET any -> $HOME_NET 3150 ( msg:""MALWARE-BACKDOOR DeepThroat 3.1 Connection attempt on port 3150""; flow:to_server; content:""00"",depth 2; metadata:ruleset community; reference:nessus,10053; classtype:trojan-activity; sid:1981; rev:12; )"
1372,1983,MALWARE-BACKDOOR DeepThroat 3.1 Connection attempt on port 4120,included,"behavior_header,payload_positioned",combina cabecalho/fluxo com payload posicionado; todos os contents possuem offset/depth/distance/within,"alert udp $EXTERNAL_NET any -> $HOME_NET 4120 ( msg:""MALWARE-BACKDOOR DeepThroat 3.1 Connection attempt on port 4120""; flow:to_server; content:""00"",depth 2; metadata:ruleset community; reference:nessus,10053; classtype:trojan-activity; sid:1983; rev:11; )"
1376,1987,SERVER-OTHER xfs overflow attempt,included,"behavior_header,payload_positioned",combina cabecalho/fluxo com payload posicionado; todos os contents possuem offset/depth/distance/within,"alert tcp $EXTERNAL_NET any -> $HOME_NET 7100 ( msg:""SERVER-OTHER xfs overflow attempt""; flow:to_server,established; isdataat:512; content:""B|00 02|"",depth 3; metadata:ruleset community; reference:bugtraq,6241; reference:cve,2002-1317; reference:nessus,11188; classtype:misc-activity; sid:1987; rev:11; )"
1377,1988,POLICY-SOCIAL Microsoft MSN outbound file transfer accept,included,"behavior_header,payload_positioned",combina cabecalho/fluxo com payload posicionado; todos os contents possuem offset/depth/distance/within,"alert tcp $EXTERNAL_NET 1863 -> $HOME_NET any ( msg:""POLICY-SOCIAL Microsoft MSN outbound file transfer accept""; flow:established; content:""MSG "",depth 4; content:""Content-Type|3A| application/x-msnmsgrp2p"",distance 0,nocase; content:""MSNSLP/1.0 200 OK"",distance 0,nocase; metadata:ruleset community; classtype:policy-violation; sid:1988; rev:11; )"
1378,1989,POLICY-SOCIAL Microsoft MSN outbound file transfer rejected,included,"behavior_header,payload_positioned",combina cabecalho/fluxo com payload posicionado; todos os contents possuem offset/depth/distance/within,"alert tcp $EXTERNAL_NET 1863 -> $HOME_NET any ( msg:""POLICY-SOCIAL Microsoft MSN outbound file transfer rejected""; flow:established; content:""MSG "",depth 4; content:""Content-Type|3A| application/x-msnmsgrp2p"",distance 0,nocase; content:""MSNSLP/1.0 603 Decline"",distance 0,nocase; metadata:ruleset community; classtype:policy-violation; sid:1989; rev:12; )"
1379,1990,POLICY-SOCIAL Microsoft MSN user search,included,"behavior_header,payload_positioned",combina cabecalho/fluxo com payload posicionado; todos os contents possuem offset/depth/distance/within,"alert tcp $HOME_NET any -> $EXTERNAL_NET 1863 ( msg:""POLICY-SOCIAL Microsoft MSN user search""; flow:to_server,established; content:""CAL "",depth 4,nocase; metadata:ruleset community; classtype:policy-violation; sid:1990; rev:7; )"
1380,1991,POLICY-SOCIAL Microsoft MSN login attempt,included,"behavior_header,payload_positioned",combina cabecalho/fluxo com payload posicionado; todos os contents possuem offset/depth/distance/within,"alert tcp $HOME_NET any -> $EXTERNAL_NET 1863 ( msg:""POLICY-SOCIAL Microsoft MSN login attempt""; flow:to_server,established; content:""USR "",depth 4,nocase; content:"" TWN "",distance 1,nocase; metadata:ruleset community; classtype:policy-violation; sid:1991; rev:9; )"
1394,2005,PROTOCOL-RPC portmap kcms_server request UDP,included,"behavior_header,payload_positioned",combina cabecalho/fluxo com payload posicionado; todos os contents possuem offset/depth/distance/within,"alert udp $EXTERNAL_NET any -> $HOME_NET 111 ( msg:""PROTOCOL-RPC portmap kcms_server request UDP""; flow:to_server; content:""|00 01 86 A0|"",depth 4,offset 12; content:""|00 00 00 03|"",within 4,distance 4; byte_jump:4,4,relative,align; byte_jump:4,4,relative,align; content:""|00 01 87|}"",within 4; content:""|00 00 00 00|"",depth 4,offset 4; metadata:policy max-detect-ips drop,ruleset community; service:sunrpc; reference:bugtraq,6665; reference:cve,2003-0027; reference:url,www.kb.cert.org/vuls/id/850785; classtype:rpc-portmap-decode; sid:2005; rev:22; )"
1395,2006,PROTOCOL-RPC portmap kcms_server request TCP,included,"behavior_header,payload_positioned",combina cabecalho/fluxo com payload posicionado; todos os contents possuem offset/depth/distance/within,"alert tcp $EXTERNAL_NET any -> $HOME_NET 111 ( msg:""PROTOCOL-RPC portmap kcms_server request TCP""; flow:to_server,established; content:""|00 01 86 A0|"",depth 4,offset 16; content:""|00 00 00 03|"",within 4,distance 4; byte_jump:4,4,relative,align; byte_jump:4,4,relative,align; content:""|00 01 87|}"",within 4; content:""|00 00 00 00|"",depth 4,offset 8; metadata:ruleset community; service:sunrpc; reference:bugtraq,6665; reference:cve,2003-0027; reference:url,www.kb.cert.org/vuls/id/850785; classtype:rpc-portmap-decode; sid:2006; rev:18; )"
1396,2007,PROTOCOL-RPC kcms_server directory traversal attempt,included,"behavior_header,payload_positioned",combina cabecalho/fluxo com payload posicionado; todos os contents possuem offset/depth/distance/within,"alert tcp $EXTERNAL_NET any -> $HOME_NET 32771:34000 ( msg:""PROTOCOL-RPC kcms_server directory traversal attempt""; flow:to_server,established; content:""|00 01 87|}"",depth 4,offset 16; byte_jump:4,20,relative,align; byte_jump:4,4,relative,align; content:""/../"",distance 0; content:""|00 00 00 00|"",depth 4,offset 8; metadata:ruleset community; service:sunrpc; reference:bugtraq,6665; reference:cve,2003-0027; reference:url,www.kb.cert.org/vuls/id/850785; classtype:misc-attack; sid:2007; rev:16; )"
1403,2014,PROTOCOL-RPC portmap UNSET attempt TCP 111,included,"behavior_header,payload_positioned",combina cabecalho/fluxo com payload posicionado; todos os contents possuem offset/depth/distance/within,"alert tcp $EXTERNAL_NET any -> $HOME_NET 111 ( msg:""PROTOCOL-RPC portmap UNSET attempt TCP 111""; flow:to_server,established; content:""|00 01 86 A0|"",depth 4,offset 16; content:""|00 00 00 02|"",within 4,distance 4; content:""|00 00 00 00|"",depth 4,offset 8; metadata:ruleset community; service:sunrpc; reference:bugtraq,1892; classtype:rpc-portmap-decode; sid:2014; rev:11; )"
1404,2015,PROTOCOL-RPC portmap UNSET attempt UDP 111,included,"behavior_header,payload_positioned",combina cabecalho/fluxo com payload posicionado; todos os contents possuem offset/depth/distance/within,"alert udp $EXTERNAL_NET any -> $HOME_NET 111 ( msg:""PROTOCOL-RPC portmap UNSET attempt UDP 111""; flow:to_server; content:""|00 01 86 A0|"",depth 4,offset 12; content:""|00 00 00 02|"",within 4,distance 4; content:""|00 00 00 00|"",depth 4,offset 4; metadata:policy max-detect-ips drop,ruleset community; service:sunrpc; reference:bugtraq,1892; reference:cve,2011-0321; classtype:rpc-portmap-decode; sid:2015; rev:14; )"
1405,2016,PROTOCOL-RPC portmap status request TCP,included,"behavior_header,payload_positioned",combina cabecalho/fluxo com payload posicionado; todos os contents possuem offset/depth/distance/within,"alert tcp $EXTERNAL_NET any -> $HOME_NET 111 ( msg:""PROTOCOL-RPC portmap status request TCP""; flow:to_server,established; content:""|00 01 86 A0|"",depth 4,offset 16; content:""|00 00 00 03|"",within 4,distance 4; byte_jump:4,4,relative,align; byte_jump:4,4,relative,align; content:""|00 01 86 B8|"",within 4; content:""|00 00 00 00|"",depth 4,offset 8; metadata:ruleset community; service:sunrpc; classtype:rpc-portmap-decode; sid:2016; rev:13; )"
1406,2017,PROTOCOL-RPC portmap espd request UDP,included,"behavior_header,payload_positioned",combina cabecalho/fluxo com payload posicionado; todos os contents possuem offset/depth/distance/within,"alert udp $EXTERNAL_NET any -> $HOME_NET 111 ( msg:""PROTOCOL-RPC portmap espd request UDP""; flow:to_server; content:""|00 01 86 A0|"",depth 4,offset 12; content:""|00 00 00 03|"",within 4,distance 4; byte_jump:4,4,relative,align; byte_jump:4,4,relative,align; content:""|00 05 F7|u"",within 4; content:""|00 00 00 00|"",depth 4,offset 4; metadata:policy max-detect-ips drop,ruleset community; service:sunrpc; reference:bugtraq,2714; reference:cve,2001-0331; classtype:rpc-portmap-decode; sid:2017; rev:20; )"
1407,2018,PROTOCOL-RPC mountd TCP dump request,included,"behavior_header,payload_positioned",combina cabecalho/fluxo com payload posicionado; todos os contents possuem offset/depth/distance/within,"alert tcp $EXTERNAL_NET any -> $HOME_NET any ( msg:""PROTOCOL-RPC mountd TCP dump request""; flow:to_server,established; content:""|00 01 86 A5|"",depth 4,offset 16; content:""|00 00 00 02|"",within 4,distance 4; content:""|00 00 00 00|"",depth 4,offset 8; metadata:ruleset community; classtype:attempted-recon; sid:2018; rev:9; )"
1408,2019,PROTOCOL-RPC mountd UDP dump request,included,"behavior_header,payload_positioned",combina cabecalho/fluxo com payload posicionado; todos os contents possuem offset/depth/distance/within,"alert udp $EXTERNAL_NET any -> $HOME_NET any ( msg:""PROTOCOL-RPC mountd UDP dump request""; flow:to_server; content:""|00 01 86 A5|"",depth 4,offset 12; content:""|00 00 00 02|"",within 4,distance 4; content:""|00 00 00 00|"",depth 4,offset 4; metadata:policy max-detect-ips drop,ruleset community; classtype:attempted-recon; sid:2019; rev:11; )"
1409,2020,PROTOCOL-RPC mountd TCP unmount request,included,"behavior_header,payload_positioned",combina cabecalho/fluxo com payload posicionado; todos os contents possuem offset/depth/distance/within,"alert tcp $EXTERNAL_NET any -> $HOME_NET any ( msg:""PROTOCOL-RPC mountd TCP unmount request""; flow:to_server,established; content:""|00 01 86 A5|"",depth 4,offset 16; content:""|00 00 00 03|"",within 4,distance 4; content:""|00 00 00 00|"",depth 4,offset 8; metadata:ruleset community; classtype:attempted-recon; sid:2020; rev:9; )"
1410,2021,PROTOCOL-RPC mountd UDP unmount request,included,"behavior_header,payload_positioned",combina cabecalho/fluxo com payload posicionado; todos os contents possuem offset/depth/distance/within,"alert udp $EXTERNAL_NET any -> $HOME_NET any ( msg:""PROTOCOL-RPC mountd UDP unmount request""; flow:to_server; content:""|00 01 86 A5|"",depth 4,offset 12; content:""|00 00 00 03|"",within 4,distance 4; content:""|00 00 00 00|"",depth 4,offset 4; metadata:policy max-detect-ips drop,ruleset community; classtype:attempted-recon; sid:2021; rev:11; )"
1411,2022,PROTOCOL-RPC mountd TCP unmountall request,included,"behavior_header,payload_positioned",combina cabecalho/fluxo com payload posicionado; todos os contents possuem offset/depth/distance/within,"alert tcp $EXTERNAL_NET any -> $HOME_NET any ( msg:""PROTOCOL-RPC mountd TCP unmountall request""; flow:to_server,established; content:""|00 01 86 A5|"",depth 4,offset 16; content:""|00 00 00 04|"",within 4,distance 4; content:""|00 00 00 00|"",depth 4,offset 8; metadata:ruleset community; classtype:attempted-recon; sid:2022; rev:9; )"
1412,2023,PROTOCOL-RPC mountd UDP unmountall request,included,"behavior_header,payload_positioned",combina cabecalho/fluxo com payload posicionado; todos os contents possuem offset/depth/distance/within,"alert udp $EXTERNAL_NET any -> $HOME_NET any ( msg:""PROTOCOL-RPC mountd UDP unmountall request""; flow:to_server; content:""|00 01 86 A5|"",depth 4,offset 12; content:""|00 00 00 04|"",within 4,distance 4; content:""|00 00 00 00|"",depth 4,offset 4; metadata:policy max-detect-ips drop,ruleset community; classtype:attempted-recon; sid:2023; rev:11; )"
1413,2024,PROTOCOL-RPC RQUOTA getquota overflow attempt TCP,included,"behavior_header,payload_positioned",combina cabecalho/fluxo com payload posicionado; todos os contents possuem offset/depth/distance/within,"alert tcp $EXTERNAL_NET any -> $HOME_NET any ( msg:""PROTOCOL-RPC RQUOTA getquota overflow attempt TCP""; flow:to_server,established; content:""|00 01 86 AB|"",depth 4,offset 16; content:""|00 00 00 01|"",within 4,distance 4; byte_jump:4,4,relative,align; byte_jump:4,4,relative,align; byte_test:4,>,128,0,relative; content:""|00 00 00 00|"",depth 4,offset 8; metadata:ruleset community; reference:bugtraq,864; reference:cve,1999-0974; classtype:misc-attack; sid:2024; rev:13; )"
1414,2025,PROTOCOL-RPC yppasswd username overflow attempt UDP,included,"behavior_header,payload_positioned",combina cabecalho/fluxo com payload posicionado; todos os contents possuem offset/depth/distance/within,"alert udp $EXTERNAL_NET any -> $HOME_NET any ( msg:""PROTOCOL-RPC yppasswd username overflow attempt UDP""; flow:to_server; content:""|00 01 86 A9|"",depth 4,offset 12; content:""|00 00 00 01|"",within 4,distance 4; byte_jump:4,4,relative,align; byte_jump:4,4,relative,align; byte_jump:4,0,relative,align; byte_test:4,>,64,0,relative; content:""|00 00 00 00|"",depth 4,offset 4; metadata:policy max-detect-ips drop,ruleset community; reference:bugtraq,2763; reference:cve,2001-0779; reference:nessus,10684; classtype:rpc-portmap-decode; sid:2025; rev:17; )"
1415,2026,PROTOCOL-RPC yppasswd username overflow attempt TCP,included,"behavior_header,payload_positioned",combina cabecalho/fluxo com payload posicionado; todos os contents possuem offset/depth/distance/within,"alert tcp $EXTERNAL_NET any -> $HOME_NET any ( msg:""PROTOCOL-RPC yppasswd username overflow attempt TCP""; flow:to_server,established; content:""|00 01 86 A9|"",depth 4,offset 16; content:""|00 00 00 01|"",within 4,distance 4; byte_jump:4,4,relative,align; byte_jump:4,4,relative,align; byte_jump:4,0,relative,align; byte_test:4,>,64,0,relative; content:""|00 00 00 00|"",depth 4,offset 8; metadata:ruleset community; reference:bugtraq,2763; reference:cve,2001-0779; reference:nessus,10684; classtype:rpc-portmap-decode; sid:2026; rev:15; )"
1416,2027,PROTOCOL-RPC yppasswd old password overflow attempt UDP,included,"behavior_header,payload_positioned",combina cabecalho/fluxo com payload posicionado; todos os contents possuem offset/depth/distance/within,"alert udp $EXTERNAL_NET any -> $HOME_NET any ( msg:""PROTOCOL-RPC yppasswd old password overflow attempt UDP""; flow:to_server; content:""|00 01 86 A9|"",depth 4,offset 12; content:""|00 00 00 01|"",within 4,distance 4; byte_jump:4,4,relative,align; byte_jump:4,4,relative,align; byte_test:4,>,64,0,relative; content:""|00 00 00 00|"",depth 4,offset 4; metadata:policy max-detect-ips drop,ruleset community; reference:bugtraq,2763; reference:cve,2001-0779; classtype:rpc-portmap-decode; sid:2027; rev:13; )"
1417,2028,PROTOCOL-RPC yppasswd old password overflow attempt TCP,included,"behavior_header,payload_positioned",combina cabecalho/fluxo com payload posicionado; todos os contents possuem offset/depth/distance/within,"alert tcp $EXTERNAL_NET any -> $HOME_NET any ( msg:""PROTOCOL-RPC yppasswd old password overflow attempt TCP""; flow:to_server,established; content:""|00 01 86 A9|"",depth 4,offset 16; content:""|00 00 00 01|"",within 4,distance 4; byte_jump:4,4,relative,align; byte_jump:4,4,relative,align; byte_test:4,>,64,0,relative; content:""|00 00 00 00|"",depth 4,offset 8; metadata:ruleset community; reference:bugtraq,2763; reference:cve,2001-0779; classtype:rpc-portmap-decode; sid:2028; rev:11; )"
1418,2029,PROTOCOL-RPC yppasswd new password overflow attempt UDP,included,"behavior_header,payload_positioned",combina cabecalho/fluxo com payload posicionado; todos os contents possuem offset/depth/distance/within,"alert udp $EXTERNAL_NET any -> $HOME_NET any ( msg:""PROTOCOL-RPC yppasswd new password overflow attempt UDP""; flow:to_server; content:""|00 01 86 A9|"",depth 4,offset 12; content:""|00 00 00 01|"",within 4,distance 4; byte_jump:4,4,relative,align; byte_jump:4,4,relative,align; byte_jump:4,0,relative,align; byte_jump:4,0,relative,align; byte_test:4,>,64,0,relative; content:""|00 00 00 00|"",depth 4,offset 4; metadata:policy max-detect-ips drop,ruleset community; reference:bugtraq,2763; reference:cve,2001-0779; classtype:rpc-portmap-decode; sid:2029; rev:13; )"
1419,2030,PROTOCOL-RPC yppasswd new password overflow attempt TCP,included,"behavior_header,payload_positioned",combina cabecalho/fluxo com payload posicionado; todos os contents possuem offset/depth/distance/within,"alert tcp $EXTERNAL_NET any -> $HOME_NET any ( msg:""PROTOCOL-RPC yppasswd new password overflow attempt TCP""; flow:to_server,established; content:""|00 01 86 A9|"",depth 4,offset 16; content:""|00 00 00 01|"",within 4,distance 4; byte_jump:4,4,relative,align; byte_jump:4,4,relative,align; byte_jump:4,0,relative,align; byte_jump:4,0,relative,align; byte_test:4,>,64,0,relative; content:""|00 00 00 00|"",depth 4,offset 8; metadata:ruleset community; reference:bugtraq,2763; reference:cve,2001-0779; classtype:rpc-portmap-decode; sid:2030; rev:12; )"
1420,2031,PROTOCOL-RPC yppasswd user update UDP,included,"behavior_header,payload_positioned",combina cabecalho/fluxo com payload posicionado; todos os contents possuem offset/depth/distance/within,"alert udp $EXTERNAL_NET any -> $HOME_NET any ( msg:""PROTOCOL-RPC yppasswd user update UDP""; flow:to_server; content:""|00 01 86 A9|"",depth 4,offset 12; content:""|00 00 00 01|"",within 4,distance 4; content:""|00 00 00 00|"",depth 4,offset 4; metadata:policy max-detect-ips drop,ruleset community; reference:bugtraq,2763; reference:cve,2001-0779; classtype:rpc-portmap-decode; sid:2031; rev:14; )"
1421,2032,PROTOCOL-RPC yppasswd user update TCP,included,"behavior_header,payload_positioned",combina cabecalho/fluxo com payload posicionado; todos os contents possuem offset/depth/distance/within,"alert tcp $EXTERNAL_NET any -> $HOME_NET any ( msg:""PROTOCOL-RPC yppasswd user update TCP""; flow:to_server,established; content:""|00 01 86 A9|"",depth 4,offset 16; content:""|00 00 00 01|"",within 4,distance 4; content:""|00 00 00 00|"",depth 4,offset 8; metadata:ruleset community; reference:bugtraq,2763; reference:cve,2001-0779; classtype:rpc-portmap-decode; sid:2032; rev:11; )"
1422,2033,PROTOCOL-RPC ypserv maplist request UDP,included,"behavior_header,payload_positioned",combina cabecalho/fluxo com payload posicionado; todos os contents possuem offset/depth/distance/within,"alert udp $EXTERNAL_NET any -> $HOME_NET any ( msg:""PROTOCOL-RPC ypserv maplist request UDP""; flow:to_server; content:""|00 01 86 A4|"",depth 4,offset 12; content:""|00 00 00 0B|"",within 4,distance 4; content:""|00 00 00 00|"",depth 4,offset 4; metadata:policy max-detect-ips drop,ruleset community; reference:bugtraq,5914; reference:bugtraq,6016; reference:cve,2002-1232; reference:nessus,13976; classtype:rpc-portmap-decode; sid:2033; rev:16; )"
1423,2034,PROTOCOL-RPC ypserv maplist request TCP,included,"behavior_header,payload_positioned",combina cabecalho/fluxo com payload posicionado; todos os contents possuem offset/depth/distance/within,"alert tcp $EXTERNAL_NET any -> $HOME_NET any ( msg:""PROTOCOL-RPC ypserv maplist request TCP""; flow:to_server,established; content:""|00 01 86 A4|"",depth 4,offset 16; content:""|00 00 00 0B|"",within 4,distance 4; content:""|00 00 00 00|"",depth 4,offset 8; metadata:ruleset community; reference:bugtraq,5914; reference:bugtraq,6016; reference:cve,2002-1232; classtype:rpc-portmap-decode; sid:2034; rev:13; )"
1424,2035,PROTOCOL-RPC portmap network-status-monitor request UDP,included,"behavior_header,payload_positioned",combina cabecalho/fluxo com payload posicionado; todos os contents possuem offset/depth/distance/within,"alert udp $EXTERNAL_NET any -> $HOME_NET 111 ( msg:""PROTOCOL-RPC portmap network-status-monitor request UDP""; flow:to_server; content:""|00 01 86 A0|"",depth 4,offset 12; content:""|00 00 00 03|"",within 4,distance 4; byte_jump:4,4,relative,align; byte_jump:4,4,relative,align; content:""|00 03 0D|p"",within 4; content:""|00 00 00 00|"",depth 4,offset 4; metadata:policy max-detect-ips drop,ruleset community; service:sunrpc; classtype:rpc-portmap-decode; sid:2035; rev:14; )"
1425,2036,PROTOCOL-RPC portmap network-status-monitor request TCP,included,"behavior_header,payload_positioned",combina cabecalho/fluxo com payload posicionado; todos os contents possuem offset/depth/distance/within,"alert tcp $EXTERNAL_NET any -> $HOME_NET 111 ( msg:""PROTOCOL-RPC portmap network-status-monitor request TCP""; flow:to_server,established; content:""|00 01 86 A0|"",depth 4,offset 16; content:""|00 00 00 03|"",within 4,distance 4; byte_jump:4,4,relative,align; byte_jump:4,4,relative,align; content:""|00 03 0D|p"",within 4; content:""|00 00 00 00|"",depth 4,offset 8; metadata:ruleset community; service:sunrpc; classtype:rpc-portmap-decode; sid:2036; rev:12; )"
1426,2037,PROTOCOL-RPC network-status-monitor mon-callback request UDP,included,"behavior_header,payload_positioned",combina cabecalho/fluxo com payload posicionado; todos os contents possuem offset/depth/distance/within,"alert udp $EXTERNAL_NET any -> $HOME_NET any ( msg:""PROTOCOL-RPC network-status-monitor mon-callback request UDP""; flow:to_server; content:""|00 03 0D|p"",depth 4,offset 12; content:""|00 00 00 01|"",within 4,distance 4; content:""|00 00 00 00|"",depth 4,offset 4; metadata:policy max-detect-ips drop,ruleset community; classtype:rpc-portmap-decode; sid:2037; rev:12; )"
1427,2038,PROTOCOL-RPC network-status-monitor mon-callback request TCP,included,"behavior_header,payload_positioned",combina cabecalho/fluxo com payload posicionado; todos os contents possuem offset/depth/distance/within,"alert tcp $EXTERNAL_NET any -> $HOME_NET any ( msg:""PROTOCOL-RPC network-status-monitor mon-callback request TCP""; flow:to_server,established; content:""|00 03 0D|p"",depth 4,offset 16; content:""|00 00 00 01|"",within 4,distance 4; content:""|00 00 00 00|"",depth 4,offset 8; metadata:ruleset community; classtype:rpc-portmap-decode; sid:2038; rev:10; )"
1428,2039,SERVER-OTHER bootp hostname format string attempt,included,"behavior_header,payload_positioned",combina cabecalho/fluxo com payload posicionado; todos os contents possuem offset/depth/distance/within,"alert udp $EXTERNAL_NET any -> $HOME_NET 67 ( msg:""SERVER-OTHER bootp hostname format string attempt""; flow:to_server; content:""|01|"",depth 1; content:""|0C|"",distance 240; content:""%"",distance 0; content:""%"",within 8,distance 1; content:""%"",within 8,distance 1; metadata:policy max-detect-ips drop,ruleset community; reference:bugtraq,4701; reference:cve,2002-0702; reference:nessus,11312; classtype:misc-attack; sid:2039; rev:12; )"
1429,2040,POLICY-OTHER xtacacs login attempt,included,"behavior_header,payload_positioned",combina cabecalho/fluxo com payload posicionado; todos os contents possuem offset/depth/distance/within,"alert udp $EXTERNAL_NET any -> $HOME_NET 49 ( msg:""POLICY-OTHER xtacacs login attempt""; flow:to_server; content:""|80 01|"",depth 2; content:""|00|"",distance 4; metadata:ruleset community; classtype:misc-activity; sid:2040; rev:9; )"
1430,2041,INDICATOR-SCAN xtacacs failed login response,included,"behavior_header,payload_positioned",combina cabecalho/fluxo com payload posicionado; todos os contents possuem offset/depth/distance/within,"alert udp $HOME_NET 49 -> $EXTERNAL_NET any ( msg:""INDICATOR-SCAN xtacacs failed login response""; flow:to_client; content:""|80 02|"",depth 2; content:""|02|"",distance 4; metadata:policy max-detect-ips drop,ruleset community; reference:url,attack.mitre.org/techniques/T1018; reference:url,attack.mitre.org/techniques/T1040; reference:url,attack.mitre.org/techniques/T1046; classtype:misc-activity; sid:2041; rev:9; )"
1431,2042,POLICY-OTHER xtacacs accepted login response,included,"behavior_header,payload_positioned",combina cabecalho/fluxo com payload posicionado; todos os contents possuem offset/depth/distance/within,"alert udp $HOME_NET 49 -> $EXTERNAL_NET any ( msg:""POLICY-OTHER xtacacs accepted login response""; flow:to_client; content:""|80 02|"",depth 2; content:""|01|"",distance 4; metadata:ruleset community; classtype:misc-activity; sid:2042; rev:9; )"
1433,2044,POLICY-OTHER PPTP Start Control Request attempt,included,"behavior_header,payload_positioned",combina cabecalho/fluxo com payload posicionado; todos os contents possuem offset/depth/distance/within,"alert tcp $EXTERNAL_NET any -> $HOME_NET 1723 ( msg:""POLICY-OTHER PPTP Start Control Request attempt""; flow:to_server,established,no_stream; content:""|00 01|"",depth 2,offset 2; content:""|00 01|"",depth 2,offset 8; metadata:ruleset community; classtype:attempted-admin; sid:2044; rev:8; )"
1434,2045,PROTOCOL-RPC snmpXdmi overflow attempt UDP,included,"behavior_header,payload_positioned",combina cabecalho/fluxo com payload posicionado; todos os contents possuem offset/depth/distance/within,"alert udp $EXTERNAL_NET any -> $HOME_NET any ( msg:""PROTOCOL-RPC snmpXdmi overflow attempt UDP""; flow:to_server; content:""|00 01 87 99|"",depth 4,offset 12; content:""|00 00 01 01|"",within 4,distance 4; byte_jump:4,4,relative,align; byte_jump:4,4,relative,align; byte_test:4,>,1024,20,relative; content:""|00 00 00 00|"",depth 4,offset 4; metadata:policy max-detect-ips drop,ruleset community; reference:bugtraq,2417; reference:cve,2001-0236; reference:nessus,10659; reference:url,www.cert.org/advisories/CA-2001-05.html; classtype:attempted-admin; sid:2045; rev:21; )"
1436,2047,SERVER-OTHER rsyncd module list access,included,"behavior_header,payload_positioned",combina cabecalho/fluxo com payload posicionado; todos os contents possuem offset/depth/distance/within,"alert tcp $EXTERNAL_NET any -> $HOME_NET 873 ( msg:""SERVER-OTHER rsyncd module list access""; flow:to_server,established; content:""|23|list"",depth 5; metadata:ruleset community; classtype:misc-activity; sid:2047; rev:5; )"
1437,2049,SQL ping attempt,included,"behavior_header,payload_positioned",combina cabecalho/fluxo com payload posicionado; todos os contents possuem offset/depth/distance/within,"alert udp $EXTERNAL_NET any -> $HOME_NET 1434 ( msg:""SQL ping attempt""; flow:to_server; content:""|02|"",depth 1; metadata:policy max-detect-ips drop,ruleset community; reference:nessus,10674; classtype:misc-activity; sid:2049; rev:9; )"
1438,2050,SERVER-MSSQL version overflow attempt,included,"behavior_header,payload_positioned",combina cabecalho/fluxo com payload posicionado; todos os contents possuem offset/depth/distance/within,"alert udp $EXTERNAL_NET any -> $HOME_NET 1434 ( msg:""SERVER-MSSQL version overflow attempt""; flow:to_server; dsize:>100; content:""|04|"",depth 1; metadata:policy max-detect-ips drop,ruleset community; reference:bugtraq,5310; reference:cve,2002-0649; reference:nessus,10674; reference:url,technet.microsoft.com/en-us/security/bulletin/MS02-039; classtype:attempted-admin; sid:2050; rev:19; )"
1444,2056,SERVER-WEBAPP TRACE attempt,included,"behavior_header,payload_positioned",combina cabecalho/fluxo com payload posicionado; todos os contents possuem offset/depth/distance/within,"alert tcp $EXTERNAL_NET any -> $HOME_NET $HTTP_PORTS ( msg:""SERVER-WEBAPP TRACE attempt""; flow:to_server,established; content:""TRACE"",depth 5; metadata:ruleset community; service:http; reference:bugtraq,9561; reference:cve,2003-1567; reference:cve,2004-2320; reference:cve,2010-0360; reference:nessus,11213; classtype:web-application-attack; sid:2056; rev:12; )"
1466,2079,PROTOCOL-RPC portmap nlockmgr request UDP,included,"behavior_header,payload_positioned",combina cabecalho/fluxo com payload posicionado; todos os contents possuem offset/depth/distance/within,"alert udp $EXTERNAL_NET any -> $HOME_NET 111 ( msg:""PROTOCOL-RPC portmap nlockmgr request UDP""; flow:to_server; content:""|00 01 86 A0|"",depth 4,offset 12; content:""|00 00 00 03|"",within 4,distance 4; byte_jump:4,4,relative,align; byte_jump:4,4,relative,align; content:""|00 01 86 B5|"",within 4; content:""|00 00 00 00|"",depth 4,offset 4; metadata:policy max-detect-ips drop,ruleset community; service:sunrpc; reference:bugtraq,1372; reference:cve,2000-0508; reference:nessus,10220; classtype:rpc-portmap-decode; sid:2079; rev:15; )"
1467,2080,PROTOCOL-RPC portmap nlockmgr request TCP,included,"behavior_header,payload_positioned",combina cabecalho/fluxo com payload posicionado; todos os contents possuem offset/depth/distance/within,"alert tcp $EXTERNAL_NET any -> $HOME_NET 111 ( msg:""PROTOCOL-RPC portmap nlockmgr request TCP""; flow:to_server,established; content:""|00 01 86 A0|"",depth 4,offset 16; content:""|00 00 00 03|"",within 4,distance 4; byte_jump:4,4,relative,align; byte_jump:4,4,relative,align; content:""|00 01 86 B5|"",within 4; content:""|00 00 00 00|"",depth 4,offset 8; metadata:ruleset community; service:sunrpc; reference:bugtraq,1372; reference:cve,2000-0508; reference:nessus,10220; classtype:rpc-portmap-decode; sid:2080; rev:13; )"
1468,2081,PROTOCOL-RPC portmap rpc.xfsmd request UDP,included,"behavior_header,payload_positioned",combina cabecalho/fluxo com payload posicionado; todos os contents possuem offset/depth/distance/within,"alert udp $EXTERNAL_NET any -> $HOME_NET 111 ( msg:""PROTOCOL-RPC portmap rpc.xfsmd request UDP""; flow:to_server; content:""|00 01 86 A0|"",depth 4,offset 12; content:""|00 00 00 03|"",within 4,distance 4; byte_jump:4,4,relative,align; byte_jump:4,4,relative,align; content:""|00 05 F7|h"",within 4; content:""|00 00 00 00|"",depth 4,offset 4; metadata:policy max-detect-ips drop,ruleset community; service:sunrpc; reference:bugtraq,5072; reference:bugtraq,5075; reference:cve,2002-0359; classtype:rpc-portmap-decode; sid:2081; rev:17; )"
1469,2082,PROTOCOL-RPC portmap rpc.xfsmd request TCP,included,"behavior_header,payload_positioned",combina cabecalho/fluxo com payload posicionado; todos os contents possuem offset/depth/distance/within,"alert tcp $EXTERNAL_NET any -> $HOME_NET 111 ( msg:""PROTOCOL-RPC portmap rpc.xfsmd request TCP""; flow:to_server,established; content:""|00 01 86 A0|"",depth 4,offset 16; content:""|00 00 00 03|"",within 4,distance 4; byte_jump:4,4,relative,align; byte_jump:4,4,relative,align; content:""|00 05 F7|h"",within 4; content:""|00 00 00 00|"",depth 4,offset 8; metadata:ruleset community; service:sunrpc; reference:bugtraq,5072; reference:bugtraq,5075; reference:cve,2002-0359; classtype:rpc-portmap-decode; sid:2082; rev:15; )"
1470,2083,PROTOCOL-RPC rpc.xfsmd xfs_export attempt UDP,included,"behavior_header,payload_positioned",combina cabecalho/fluxo com payload posicionado; todos os contents possuem offset/depth/distance/within,"alert udp $EXTERNAL_NET any -> $HOME_NET any ( msg:""PROTOCOL-RPC rpc.xfsmd xfs_export attempt UDP""; flow:to_server; content:""|00 05 F7|h"",depth 4,offset 12; content:""|00 00 00 0D|"",within 4,distance 4; content:""|00 00 00 00|"",depth 4,offset 4; metadata:policy max-detect-ips drop,ruleset community; reference:bugtraq,5072; reference:bugtraq,5075; reference:cve,2002-0359; classtype:rpc-portmap-decode; sid:2083; rev:15; )"
1471,2084,PROTOCOL-RPC rpc.xfsmd xfs_export attempt TCP,included,"behavior_header,payload_positioned",combina cabecalho/fluxo com payload posicionado; todos os contents possuem offset/depth/distance/within,"alert tcp $EXTERNAL_NET any -> $HOME_NET any ( msg:""PROTOCOL-RPC rpc.xfsmd xfs_export attempt TCP""; flow:to_server,established; content:""|00 05 F7|h"",depth 4,offset 16; content:""|00 00 00 0D|"",within 4,distance 4; content:""|00 00 00 00|"",depth 4,offset 8; metadata:ruleset community; reference:bugtraq,5072; reference:bugtraq,5075; reference:cve,2002-0359; classtype:rpc-portmap-decode; sid:2084; rev:13; )"
1476,2089,PROTOCOL-RPC ypupdated arbitrary command attempt TCP,included,"behavior_header,payload_positioned",combina cabecalho/fluxo com payload posicionado; todos os contents possuem offset/depth/distance/within,"alert tcp $EXTERNAL_NET any -> $HOME_NET any ( msg:""PROTOCOL-RPC ypupdated arbitrary command attempt TCP""; flow:to_server,established; content:""|00 01 86 BC|"",depth 4,offset 16; content:""|00 00 00 01|"",within 4,distance 4; byte_jump:4,4,relative,align; byte_jump:4,4,relative,align; content:""|7C|"",distance 4; content:""|00 00 00 00|"",depth 4,offset 8; metadata:policy max-detect-ips drop,policy security-ips drop,ruleset community; reference:bugtraq,1749; reference:cve,1999-0208; classtype:misc-attack; sid:2089; rev:16; )"
1479,2092,PROTOCOL-RPC portmap proxy integer overflow attempt UDP,included,"behavior_header,payload_positioned",combina cabecalho/fluxo com payload posicionado; todos os contents possuem offset/depth/distance/within,"alert udp $EXTERNAL_NET any -> $HOME_NET 111 ( msg:""PROTOCOL-RPC portmap proxy integer overflow attempt UDP""; flow:to_server; content:""|00 01 86 A0 00|"",depth 5,offset 12; content:""|00 00 00 05|"",within 4,distance 3; byte_jump:4,4,relative,align; byte_jump:4,4,relative,align; byte_test:4,>,2048,12,relative; content:""|00 00 00 00|"",depth 4,offset 4; metadata:policy max-detect-ips drop,ruleset community; service:sunrpc; reference:bugtraq,36564; reference:bugtraq,7123; reference:cve,2003-0028; reference:nessus,11420; classtype:rpc-portmap-decode; sid:2092; rev:14; )"
1480,2093,PROTOCOL-RPC portmap proxy integer overflow attempt TCP,included,"behavior_header,payload_positioned",combina cabecalho/fluxo com payload posicionado; todos os contents possuem offset/depth/distance/within,"alert tcp $EXTERNAL_NET any -> $HOME_NET 111 ( msg:""PROTOCOL-RPC portmap proxy integer overflow attempt TCP""; flow:to_server,established; content:""|00 01 86 A0 00|"",depth 5,offset 16; content:""|00 00 00 05|"",within 4,distance 3; byte_jump:4,4,relative,align; byte_jump:4,4,relative,align; byte_test:4,>,2048,12,relative; content:""|00 00 00 00|"",depth 4,offset 8; metadata:policy max-detect-ips drop,ruleset community; service:sunrpc; reference:bugtraq,7123; reference:cve,2003-0028; reference:nessus,11420; classtype:rpc-portmap-decode; sid:2093; rev:13; )"
1481,2094,PROTOCOL-RPC CMSD UDP CMSD_CREATE array buffer overflow attempt,included,"behavior_header,payload_positioned",combina cabecalho/fluxo com payload posicionado; todos os contents possuem offset/depth/distance/within,"alert udp $EXTERNAL_NET any -> $HOME_NET any ( msg:""PROTOCOL-RPC CMSD UDP CMSD_CREATE array buffer overflow attempt""; flow:to_server; content:""|00 01 86 E4|"",depth 4,offset 12; content:""|00 00 00 15|"",within 4,distance 4; byte_jump:4,4,relative,align; byte_jump:4,4,relative,align; byte_test:4,>,1024,20,relative; content:""|00 00 00 00|"",depth 4,offset 4; metadata:policy max-detect-ips drop,ruleset community; service:sunrpc; reference:bugtraq,36615; reference:bugtraq,5356; reference:cve,2002-0391; reference:cve,2009-3699; reference:nessus,11418; classtype:attempted-admin; sid:2094; rev:18; )"
1482,2095,PROTOCOL-RPC CMSD TCP CMSD_CREATE array buffer overflow attempt,included,"behavior_header,payload_positioned",combina cabecalho/fluxo com payload posicionado; todos os contents possuem offset/depth/distance/within,"alert tcp $EXTERNAL_NET any -> $HOME_NET any ( msg:""PROTOCOL-RPC CMSD TCP CMSD_CREATE array buffer overflow attempt""; flow:to_server,established; content:""|00 01 86 E4|"",depth 4,offset 16; content:""|00 00 00 15|"",within 4,distance 4; byte_jump:4,4,relative,align; byte_jump:4,4,relative,align; byte_test:4,>,1024,20,relative; content:""|00 00 00 00|"",depth 4,offset 8; metadata:ruleset community; reference:bugtraq,5356; reference:cve,2002-0391; reference:nessus,11418; classtype:attempted-admin; sid:2095; rev:14; )"
1483,2100,MALWARE-BACKDOOR SubSeven 2.1 Gold server connection response,included,"behavior_header,payload_positioned",combina cabecalho/fluxo com payload posicionado; todos os contents possuem offset/depth/distance/within,"alert tcp $HOME_NET any -> $EXTERNAL_NET any ( msg:""MALWARE-BACKDOOR SubSeven 2.1 Gold server connection response""; flow:to_client,established; content:""connected. time/date|3A| "",depth 22; content:""version|3A| GOLD 2.1"",distance 1; metadata:ruleset community; reference:nessus,10409; classtype:trojan-activity; sid:2100; rev:13; )"
1486,2104,INDICATOR-COMPROMISE rexec username too long response,included,"behavior_header,payload_positioned",combina cabecalho/fluxo com payload posicionado; todos os contents possuem offset/depth/distance/within,"alert tcp $HOME_NET 512 -> $EXTERNAL_NET any ( msg:""INDICATOR-COMPROMISE rexec username too long response""; flow:to_client,established; content:""username too long"",depth 17; metadata:ruleset community; reference:bugtraq,7459; reference:cve,2003-1097; classtype:unsuccessful-user; sid:2104; rev:10; )"
1495,2113,PROTOCOL-SERVICES rexec username overflow attempt,included,"behavior_header,payload_positioned",combina cabecalho/fluxo com payload posicionado; todos os contents possuem offset/depth/distance/within,"alert tcp $EXTERNAL_NET any -> $HOME_NET 512 ( msg:""PROTOCOL-SERVICES rexec username overflow attempt""; flow:to_server,established; content:""|00|"",offset 9; content:""|00|"",distance 0; content:""|00|"",distance 0; metadata:ruleset community; classtype:attempted-admin; sid:2113; rev:6; )"
1505,2123,INDICATOR-COMPROMISE Microsoft cmd.exe banner,included,"behavior_header,payload_positioned",combina cabecalho/fluxo com payload posicionado; todos os contents possuem offset/depth/distance/within,"alert tcp $HOME_NET !21:23 -> $EXTERNAL_NET any ( msg:""INDICATOR-COMPROMISE Microsoft cmd.exe banner""; flow:established; content:""Microsoft Windows"",depth 18; content:""|28|C|29| Copyright 1985-"",distance 0; content:""Microsoft Corp."",distance 0; metadata:policy max-detect-ips drop,ruleset community; reference:nessus,11633; classtype:successful-admin; sid:2123; rev:12; )"
1506,2124,MALWARE-BACKDOOR Remote PC Access connection,included,"behavior_header,payload_positioned",combina cabecalho/fluxo com payload posicionado; todos os contents possuem offset/depth/distance/within,"alert tcp $EXTERNAL_NET any -> $HOME_NET 34012 ( msg:""MALWARE-BACKDOOR Remote PC Access connection""; flow:to_server,established; content:""|28 00 01 00 04 00 00 00 00 00 00 00|"",depth 12; metadata:ruleset community; reference:nessus,11673; classtype:trojan-activity; sid:2124; rev:8; )"
1508,2126,OS-WINDOWS Microsoft Windows PPTP Start Control Request buffer overflow attempt,included,"behavior_header,payload_positioned",combina cabecalho/fluxo com payload posicionado; todos os contents possuem offset/depth/distance/within,"alert tcp $EXTERNAL_NET any -> $HOME_NET 1723 ( msg:""OS-WINDOWS Microsoft Windows PPTP Start Control Request buffer overflow attempt""; flow:to_server,established,no_stream; isdataat:156; content:""|00 01|"",depth 2,offset 2; content:""|00 01|"",depth 2,offset 8; metadata:policy max-detect-ips drop,ruleset community; reference:bugtraq,5807; reference:cve,2002-1214; reference:nessus,11178; reference:url,technet.microsoft.com/en-us/security/bulletin/MS02-063; classtype:attempted-admin; sid:2126; rev:16; )"
1541,2159,SERVER-OTHER BGP invalid type 0,included,"behavior_header,payload_positioned",combina cabecalho/fluxo com payload posicionado; todos os contents possuem offset/depth/distance/within,"alert tcp $EXTERNAL_NET any <> $HOME_NET 179 ( msg:""SERVER-OTHER BGP invalid type 0""; flow:stateless; content:""|FF FF FF FF FF FF FF FF FF FF FF FF FF FF FF FF|"",depth 16; content:""|00|"",within 1,distance 2; metadata:ruleset community; reference:bugtraq,6213; reference:cve,2002-1350; reference:nessus,14011; reference:nessus,15043; classtype:bad-unknown; sid:2159; rev:15; )"
1542,2176,OS-WINDOWS Microsoft Windows SMB startup folder access,included,"behavior_header,payload_positioned",combina cabecalho/fluxo com payload posicionado; todos os contents possuem offset/depth/distance/within,"alert tcp $EXTERNAL_NET any -> $HOME_NET 139 ( msg:""OS-WINDOWS Microsoft Windows SMB startup folder access""; flow:to_server,established; content:""|00|"",depth 1; content:""|FF|SMB2"",depth 5,offset 4; content:""Documents and Settings|5C|All Users|5C|Start Menu|5C|Programs|5C|Startup|00|"",distance 0,nocase; metadata:ruleset community; service:netbios-ssn; reference:url,attack.mitre.org/techniques/T1060; classtype:attempted-recon; sid:2176; rev:11; )"
1543,2177,OS-WINDOWS Microsoft Windows SMB startup folder unicode access,included,"behavior_header,payload_positioned",combina cabecalho/fluxo com payload posicionado; todos os contents possuem offset/depth/distance/within,"alert tcp $EXTERNAL_NET any -> $HOME_NET 139 ( msg:""OS-WINDOWS Microsoft Windows SMB startup folder unicode access""; flow:to_server,established; content:""|00|"",depth 1; content:""|FF|SMB2"",depth 5,offset 4; content:""|5C 00|S|00|t|00|a|00|r|00|t|00| |00|M|00|e|00|n|00|u|00 5C 00|P|00|r|00|o|00|g|00|r|00|a|00|m|00|s|00 5C 00|S|00|t|00|a|00|r|00|t|00|u|00|p"",distance 0,nocase; metadata:ruleset community; reference:url,attack.mitre.org/techniques/T1060; classtype:attempted-recon; sid:2177; rev:12; )"
1547,2181,PUA-P2P BitTorrent transfer,included,"behavior_header,payload_positioned",combina cabecalho/fluxo com payload posicionado; todos os contents possuem offset/depth/distance/within,"alert tcp $HOME_NET any -> $EXTERNAL_NET any ( msg:""PUA-P2P BitTorrent transfer""; flow:to_server,established; content:""|13|BitTorrent protocol"",depth 20; metadata:ruleset community; classtype:policy-violation; sid:2181; rev:8; )"
1549,2184,PROTOCOL-RPC mountd TCP mount path overflow attempt,included,"behavior_header,payload_positioned",combina cabecalho/fluxo com payload posicionado; todos os contents possuem offset/depth/distance/within,"alert tcp $EXTERNAL_NET any -> $HOME_NET any ( msg:""PROTOCOL-RPC mountd TCP mount path overflow attempt""; flow:to_server,established; content:""|00 01 86 A5 00|"",depth 5,offset 16; content:""|00 00 00 01|"",within 4,distance 3; byte_jump:4,4,relative,align; byte_jump:4,4,relative,align; byte_test:4,>,1023,0,relative; content:""|00 00 00 00|"",depth 4,offset 8; metadata:ruleset community; reference:bugtraq,8179; reference:cve,2003-0252; reference:nessus,11800; classtype:misc-attack; sid:2184; rev:14; )"
1550,2190,NETBIOS DCERPC invalid bind attempt,included,"behavior_header,payload_positioned",combina cabecalho/fluxo com payload posicionado; todos os contents possuem offset/depth/distance/within,"alert tcp $EXTERNAL_NET any -> $HOME_NET 135 ( msg:""NETBIOS DCERPC invalid bind attempt""; flow:to_server,established; content:""|05|"",depth 1; content:""|0B|"",within 1,distance 1; byte_test:1,&,1,0,relative; content:""|00|"",within 1,distance 21; metadata:ruleset community; classtype:attempted-dos; sid:2190; rev:6; )"
1551,2191,NETBIOS SMB DCERPC invalid bind attempt,included,"behavior_header,payload_positioned",combina cabecalho/fluxo com payload posicionado; todos os contents possuem offset/depth/distance/within,"alert tcp $EXTERNAL_NET any -> $HOME_NET 445 ( msg:""NETBIOS SMB DCERPC invalid bind attempt""; flow:to_server,established; content:""|FF|SMB%"",depth 5,offset 4,nocase; content:""&|00|"",within 2,distance 56; content:""|5C 00|P|00|I|00|P|00|E|00 5C 00|"",within 12,distance 5,nocase; content:""|05|"",within 1,distance 2; content:""|0B|"",within 1,distance 1; byte_test:1,&,1,0,relative; content:""|00|"",within 1,distance 21; metadata:ruleset community; service:netbios-ssn; classtype:attempted-dos; sid:2191; rev:6; )"
1609,2252,OS-WINDOWS Microsoft Windows SMB-DS DCERPC Remote Activation bind attempt,included,"behavior_header,payload_positioned",combina cabecalho/fluxo com payload posicionado; todos os contents possuem offset/depth/distance/within,"alert tcp $EXTERNAL_NET any -> $HOME_NET 445 ( msg:""OS-WINDOWS Microsoft Windows SMB-DS DCERPC Remote Activation bind attempt""; flow:to_server,established; content:""|FF|SMB%"",depth 5,offset 4,nocase; content:""&|00|"",within 2,distance 56; content:""|5C 00|P|00|I|00|P|00|E|00 5C 00|"",within 12,distance 5,nocase; content:""|05|"",within 1; content:""|0B|"",within 1,distance 1; byte_test:1,&,1,0,relative; content:""|B8|J|9F|M|1C|}|CF 11 86 1E 00| |AF|n|7C|W"",within 16,distance 29; tag:session,packets 5; metadata:ruleset community; service:netbios-ssn; reference:bugtraq,8234; reference:bugtraq,8458; reference:cve,2003-0528; reference:cve,2003-0605; reference:cve,2003-0715; reference:nessus,11798; reference:nessus,11835; reference:url,technet.microsoft.com/en-us/security/bulletin/MS03-039; classtype:attempted-admin; sid:2252; rev:22; )"
1611,2255,PROTOCOL-RPC sadmind query with root credentials attempt TCP,included,"behavior_header,payload_positioned",combina cabecalho/fluxo com payload posicionado; todos os contents possuem offset/depth/distance/within,"alert tcp $EXTERNAL_NET any -> $HOME_NET 1024: ( msg:""PROTOCOL-RPC sadmind query with root credentials attempt TCP""; flow:to_server,established; content:""|00 01 87 88|"",depth 4,offset 16; content:""|00 00 00 01 00 00 00 01|"",within 8,distance 4; byte_jump:4,8,relative,align; content:""|00 00 00 00|"",within 4; metadata:ruleset community; classtype:misc-attack; sid:2255; rev:13; )"
1612,2256,PROTOCOL-RPC sadmind query with root credentials attempt UDP,included,"behavior_header,payload_positioned",combina cabecalho/fluxo com payload posicionado; todos os contents possuem offset/depth/distance/within,"alert udp $EXTERNAL_NET any -> $HOME_NET 1024: ( msg:""PROTOCOL-RPC sadmind query with root credentials attempt UDP""; flow:to_server; content:""|00 01 87 88|"",depth 4,offset 12; content:""|00 00 00 01 00 00 00 01|"",within 8,distance 4; byte_jump:4,8,relative,align; content:""|00 00 00 00|"",within 4; metadata:policy max-detect-ips drop,ruleset community; service:sunrpc; classtype:misc-attack; sid:2256; rev:12; )"
1614,2258,OS-WINDOWS Microsoft Windows SMB-DS DCERPC Messenger Service buffer overflow attempt,included,"behavior_header,payload_positioned",combina cabecalho/fluxo com payload posicionado; todos os contents possuem offset/depth/distance/within,"alert tcp $EXTERNAL_NET any -> $HOME_NET 445 ( msg:""OS-WINDOWS Microsoft Windows SMB-DS DCERPC Messenger Service buffer overflow attempt""; flow:to_server,established; content:""|FF|SMB%"",depth 5,offset 4,nocase; content:""&|00|"",within 2,distance 56; content:""|5C 00|P|00|I|00|P|00|E|00 5C 00|"",within 12,distance 5,nocase; content:""|04 00|"",within 2; byte_test:1,>,15,2,relative; byte_jump:4,86,relative,little,align; byte_jump:4,8,relative,little,align; byte_test:4,>,1024,0,relative,little; metadata:ruleset community; service:netbios-ssn; reference:bugtraq,8826; reference:cve,2003-0717; reference:nessus,11888; reference:nessus,11890; reference:url,technet.microsoft.com/en-us/security/bulletin/MS03-043; classtype:attempted-admin; sid:2258; rev:17; )"
1631,2275,SERVER-MAIL AUTH LOGON brute force attempt,included,"behavior_header,payload_positioned",combina cabecalho/fluxo com payload posicionado; todos os contents possuem offset/depth/distance/within,"alert tcp $SMTP_SERVERS 25 -> $EXTERNAL_NET any ( msg:""SERVER-MAIL AUTH LOGON brute force attempt""; flow:to_client,established,no_stream; content:""Authentication unsuccessful"",offset 54,nocase; detection_filter:track by_dst,count 5,seconds 60; metadata:ruleset community; service:smtp; reference:url,attack.mitre.org/techniques/T1110; classtype:suspicious-login; sid:2275; rev:12; )"
1676,2329,SERVER-MSSQL probe response overflow attempt,included,"behavior_header,payload_positioned",combina cabecalho/fluxo com payload posicionado; todos os contents possuem offset/depth/distance/within,"alert udp $EXTERNAL_NET any -> $SQL_SERVERS any ( msg:""SERVER-MSSQL probe response overflow attempt""; flow:to_server; content:""|05|"",depth 1; byte_test:2,>,512,1; content:""|3B|"",distance 0; isdataat:512,relative; content:!""|3B|"",within 512; metadata:policy max-detect-ips drop,ruleset community; reference:bugtraq,9407; reference:cve,2003-0903; reference:nessus,11990; reference:url,technet.microsoft.com/en-us/security/bulletin/MS04-003; classtype:attempted-user; sid:2329; rev:15; )"
1683,2337,PROTOCOL-TFTP PUT filename overflow attempt,included,"behavior_header,payload_positioned",combina cabecalho/fluxo com payload posicionado; todos os contents possuem offset/depth/distance/within,"alert udp any any -> any 69 ( msg:""PROTOCOL-TFTP PUT filename overflow attempt""; flow:to_server; content:""|00|"",depth 1; byte_test:1,<,3,0,relative; isdataat:101,relative; content:!""|00|"",within 100,distance 2; metadata:policy max-detect-ips drop,ruleset community; reference:bugtraq,20131; reference:bugtraq,22923; reference:bugtraq,7819; reference:bugtraq,8505; reference:cve,2003-0380; reference:cve,2003-0729; reference:cve,2006-4948; reference:cve,2006-6184; reference:cve,2008-1611; reference:cve,2009-2957; reference:cve,2009-2958; reference:nessus,18264; classtype:attempted-admin; sid:2337; rev:23; )"
1685,2339,PROTOCOL-TFTP NULL command attempt,included,"behavior_header,payload_positioned",combina cabecalho/fluxo com payload posicionado; todos os contents possuem offset/depth/distance/within,"alert udp $EXTERNAL_NET any -> $HOME_NET 69 ( msg:""PROTOCOL-TFTP NULL command attempt""; flow:to_server; content:""|00 00|"",depth 2; metadata:policy max-detect-ips drop,ruleset community; reference:bugtraq,7575; classtype:bad-unknown; sid:2339; rev:9; )"
1716,2375,MALWARE-CNC DoomJuice/mydoom.a backdoor upload/execute,included,"behavior_header,payload_positioned",combina cabecalho/fluxo com payload posicionado; todos os contents possuem offset/depth/distance/within,"alert tcp $EXTERNAL_NET any -> $HOME_NET 3127:3199 ( msg:""MALWARE-CNC DoomJuice/mydoom.a backdoor upload/execute""; flow:to_server,established; content:""|85 13|<|9E A2|"",depth 5; metadata:ruleset community; reference:url,securityresponse.symantec.com/avcenter/venc/data/w32.hllw.doomjuice.html; classtype:trojan-activity; sid:2375; rev:9; )"
1717,2376,SERVER-OTHER ISAKMP first payload certificate request length overflow attempt,included,"behavior_header,payload_positioned",combina cabecalho/fluxo com payload posicionado; todos os contents possuem offset/depth/distance/within,"alert udp $EXTERNAL_NET any -> $HOME_NET 500 ( msg:""SERVER-OTHER ISAKMP first payload certificate request length overflow attempt""; flow:to_server; byte_test:4,>,2043,24; content:""|07|"",depth 1,offset 16; byte_test:2,>,2043,30; metadata:policy max-detect-ips drop,ruleset community; reference:bugtraq,9582; reference:cve,2004-0040; classtype:attempted-admin; sid:2376; rev:9; )"
1718,2377,SERVER-OTHER ISAKMP second payload certificate request length overflow attempt,included,"behavior_header,payload_positioned",combina cabecalho/fluxo com payload posicionado; todos os contents possuem offset/depth/distance/within,"alert udp $EXTERNAL_NET any -> $HOME_NET 500 ( msg:""SERVER-OTHER ISAKMP second payload certificate request length overflow attempt""; flow:to_server; byte_test:4,>,2043,24; content:""|07|"",depth 1,offset 28; byte_jump:2,30; byte_test:2,>,2043,-2,relative; metadata:policy max-detect-ips drop,ruleset community; reference:bugtraq,9582; reference:cve,2004-0040; classtype:attempted-admin; sid:2377; rev:9; )"
1719,2378,SERVER-OTHER ISAKMP third payload certificate request length overflow attempt,included,"behavior_header,payload_positioned",combina cabecalho/fluxo com payload posicionado; todos os contents possuem offset/depth/distance/within,"alert udp $EXTERNAL_NET any -> $HOME_NET 500 ( msg:""SERVER-OTHER ISAKMP third payload certificate request length overflow attempt""; flow:to_server; byte_test:4,>,2043,24; byte_jump:2,30; content:""|07|"",within 1,distance -4; byte_jump:2,1,relative; byte_test:2,>,2043,-2,relative; metadata:policy max-detect-ips drop,ruleset community; reference:bugtraq,9582; reference:cve,2004-0040; classtype:attempted-admin; sid:2378; rev:10; )"
1720,2379,SERVER-OTHER ISAKMP forth payload certificate request length overflow attempt,included,"behavior_header,payload_positioned",combina cabecalho/fluxo com payload posicionado; todos os contents possuem offset/depth/distance/within,"alert udp $EXTERNAL_NET any -> $HOME_NET 500 ( msg:""SERVER-OTHER ISAKMP forth payload certificate request length overflow attempt""; flow:to_server; byte_test:4,>,2043,24; byte_jump:2,30; byte_jump:2,-2,relative; content:""|07|"",within 1,distance -4; byte_jump:2,1,relative; byte_test:2,>,2043,-2,relative; metadata:policy max-detect-ips drop,ruleset community; reference:bugtraq,9582; reference:cve,2004-0040; classtype:attempted-admin; sid:2379; rev:10; )"
1721,2380,SERVER-OTHER ISAKMP fifth payload certificate request length overflow attempt,included,"behavior_header,payload_positioned",combina cabecalho/fluxo com payload posicionado; todos os contents possuem offset/depth/distance/within,"alert udp $EXTERNAL_NET any -> $HOME_NET 500 ( msg:""SERVER-OTHER ISAKMP fifth payload certificate request length overflow attempt""; flow:to_server; byte_test:4,>,2043,24; byte_jump:2,30; byte_jump:2,-2,relative; byte_jump:2,-2,relative; content:""|07|"",within 1,distance -4; byte_jump:2,1,relative; byte_test:2,>,2043,-2,relative; metadata:policy max-detect-ips drop,ruleset community; reference:bugtraq,9582; reference:cve,2004-0040; classtype:attempted-admin; sid:2380; rev:10; )"
1729,2394,SERVER-WEBAPP Compaq web-based management agent denial of service attempt,included,"behavior_header,payload_positioned",combina cabecalho/fluxo com payload posicionado; todos os contents possuem offset/depth/distance/within,"alert tcp $EXTERNAL_NET any -> $HOME_NET 2301 ( msg:""SERVER-WEBAPP Compaq web-based management agent denial of service attempt""; flow:to_server,established; content:""<!"",depth 75; content:"">"",within 50; metadata:ruleset community; reference:bugtraq,8014; classtype:web-application-attack; sid:2394; rev:8; )"
1748,2413,SERVER-OTHER ISAKMP delete hash with empty hash attempt,included,"behavior_header,payload_positioned",combina cabecalho/fluxo com payload posicionado; todos os contents possuem offset/depth/distance/within,"alert udp $EXTERNAL_NET any -> $HOME_NET 500 ( msg:""SERVER-OTHER ISAKMP delete hash with empty hash attempt""; flow:to_server; content:""|08|"",depth 1,offset 16; content:""|0C|"",depth 1,offset 28; content:""|00 04|"",depth 2,offset 30; metadata:policy max-detect-ips drop,ruleset community; reference:bugtraq,9416; reference:bugtraq,9417; reference:cve,2004-0164; classtype:misc-attack; sid:2413; rev:16; )"
1749,2414,SERVER-OTHER ISAKMP initial contact notification without SPI attempt,included,"behavior_header,payload_positioned",combina cabecalho/fluxo com payload posicionado; todos os contents possuem offset/depth/distance/within,"alert udp $EXTERNAL_NET any -> $HOME_NET 500 ( msg:""SERVER-OTHER ISAKMP initial contact notification without SPI attempt""; flow:to_server; content:""|0B|"",depth 1,offset 16; content:""|00 0C 00 00 00 01 01 00 06 02|"",depth 10,offset 30; metadata:policy max-detect-ips drop,ruleset community; reference:bugtraq,9416; reference:bugtraq,9417; reference:cve,2004-0164; classtype:misc-attack; sid:2414; rev:16; )"
1750,2415,SERVER-OTHER ISAKMP second payload initial contact notification without SPI attempt,included,"behavior_header,payload_positioned",combina cabecalho/fluxo com payload posicionado; todos os contents possuem offset/depth/distance/within,"alert udp $EXTERNAL_NET any -> $HOME_NET 500 ( msg:""SERVER-OTHER ISAKMP second payload initial contact notification without SPI attempt""; flow:to_server; content:""|0B|"",depth 1,offset 28; byte_jump:2,30; content:""|00 0C 00 00 00 01 01 00|`|02|"",within 10,distance -2; metadata:policy max-detect-ips drop,ruleset community; reference:bugtraq,9416; reference:bugtraq,9417; reference:cve,2004-0164; classtype:misc-attack; sid:2415; rev:16; )"
1753,2418,POLICY-OTHER Microsoft Windows Terminal Server no encryption session initiation attempt,included,"behavior_header,payload_positioned",combina cabecalho/fluxo com payload posicionado; todos os contents possuem offset/depth/distance/within,"alert tcp $EXTERNAL_NET any -> $HOME_NET 3389 ( msg:""POLICY-OTHER Microsoft Windows Terminal Server no encryption session initiation attempt""; flow:to_server,established; content:""|03 00 01|"",depth 3; content:""|00|"",depth 1,offset 288; metadata:ruleset community; reference:cve,2001-0663; reference:url,technet.microsoft.com/en-us/security/bulletin/MS01-052; classtype:attempted-dos; sid:2418; rev:10; )"
1779,2450,POLICY-SOCIAL Yahoo IM successful logon,included,"behavior_header,payload_positioned",combina cabecalho/fluxo com payload posicionado; todos os contents possuem offset/depth/distance/within,"alert tcp $EXTERNAL_NET 5050 -> $HOME_NET any ( msg:""POLICY-SOCIAL Yahoo IM successful logon""; flow:to_client,established; content:""YMSG"",depth 4,nocase; content:""|00 01|"",depth 2,offset 10; metadata:ruleset community; classtype:policy-violation; sid:2450; rev:9; )"
1780,2451,POLICY-SOCIAL Yahoo IM voicechat,included,"behavior_header,payload_positioned",combina cabecalho/fluxo com payload posicionado; todos os contents possuem offset/depth/distance/within,"alert tcp $EXTERNAL_NET 5050 -> $HOME_NET any ( msg:""POLICY-SOCIAL Yahoo IM voicechat""; flow:to_client,established; content:""YMSG"",depth 4,nocase; content:""|00|J"",depth 2,offset 10; metadata:ruleset community; classtype:policy-violation; sid:2451; rev:9; )"
1781,2452,POLICY-SOCIAL Yahoo IM ping,included,"behavior_header,payload_positioned",combina cabecalho/fluxo com payload posicionado; todos os contents possuem offset/depth/distance/within,"alert tcp $HOME_NET any -> $EXTERNAL_NET 5050 ( msg:""POLICY-SOCIAL Yahoo IM ping""; flow:to_server,established; content:""YMSG"",depth 4,nocase; content:""|00 12|"",depth 2,offset 10; metadata:ruleset community; classtype:policy-violation; sid:2452; rev:9; )"
1782,2453,POLICY-SOCIAL Yahoo IM conference invitation,included,"behavior_header,payload_positioned",combina cabecalho/fluxo com payload posicionado; todos os contents possuem offset/depth/distance/within,"alert tcp $EXTERNAL_NET 5050 -> $HOME_NET any ( msg:""POLICY-SOCIAL Yahoo IM conference invitation""; flow:to_client,established; content:""YMSG"",depth 4,nocase; content:""|00 18|"",depth 2,offset 10; metadata:ruleset community; classtype:policy-violation; sid:2453; rev:9; )"
1783,2454,POLICY-SOCIAL Yahoo IM conference logon success,included,"behavior_header,payload_positioned",combina cabecalho/fluxo com payload posicionado; todos os contents possuem offset/depth/distance/within,"alert tcp $EXTERNAL_NET 5050 -> $HOME_NET any ( msg:""POLICY-SOCIAL Yahoo IM conference logon success""; flow:to_client,established; content:""YMSG"",depth 4,nocase; content:""|00 19|"",depth 2,offset 10; metadata:ruleset community; classtype:policy-violation; sid:2454; rev:9; )"
1784,2455,POLICY-SOCIAL Yahoo IM conference message,included,"behavior_header,payload_positioned",combina cabecalho/fluxo com payload posicionado; todos os contents possuem offset/depth/distance/within,"alert tcp $HOME_NET any -> $EXTERNAL_NET 5050 ( msg:""POLICY-SOCIAL Yahoo IM conference message""; flow:to_server,established; content:""YMSG"",depth 4,nocase; content:""|00 1D|"",depth 2,offset 10; metadata:ruleset community; classtype:policy-violation; sid:2455; rev:8; )"
1785,2456,POLICY-SOCIAL Yahoo Messenger File Transfer Receive Request,included,"behavior_header,payload_positioned",combina cabecalho/fluxo com payload posicionado; todos os contents possuem offset/depth/distance/within,"alert tcp $EXTERNAL_NET 5050 -> $HOME_NET any ( msg:""POLICY-SOCIAL Yahoo Messenger File Transfer Receive Request""; flow:established; content:""YMSG"",depth 4; content:""|00|M"",depth 2,offset 10; metadata:ruleset community; classtype:policy-violation; sid:2456; rev:9; )"
1786,2457,POLICY-SOCIAL Yahoo IM message,included,"behavior_header,payload_positioned",combina cabecalho/fluxo com payload posicionado; todos os contents possuem offset/depth/distance/within,"alert tcp any any <> any 5101 ( msg:""POLICY-SOCIAL Yahoo IM message""; flow:established; content:""YMSG"",depth 4,nocase; metadata:ruleset community; classtype:policy-violation; sid:2457; rev:7; )"
1787,2458,POLICY-SOCIAL Yahoo IM successful chat join,included,"behavior_header,payload_positioned",combina cabecalho/fluxo com payload posicionado; todos os contents possuem offset/depth/distance/within,"alert tcp $EXTERNAL_NET 5050 -> $HOME_NET any ( msg:""POLICY-SOCIAL Yahoo IM successful chat join""; flow:to_client,established; content:""YMSG"",depth 4,nocase; content:""|00 98|"",depth 2,offset 10; metadata:ruleset community; classtype:policy-violation; sid:2458; rev:9; )"
1788,2459,POLICY-SOCIAL Yahoo IM conference offer invitation,included,"behavior_header,payload_positioned",combina cabecalho/fluxo com payload posicionado; todos os contents possuem offset/depth/distance/within,"alert tcp $HOME_NET any -> $EXTERNAL_NET 5050 ( msg:""POLICY-SOCIAL Yahoo IM conference offer invitation""; flow:to_server,established; content:""YMSG"",depth 4,nocase; content:""|00|P"",depth 2,offset 10; metadata:ruleset community; classtype:policy-violation; sid:2459; rev:9; )"
1790,2461,POLICY-SOCIAL Yahoo IM conference watch,included,"behavior_header,payload_positioned",combina cabecalho/fluxo com payload posicionado; todos os contents possuem offset/depth/distance/within,"alert tcp $EXTERNAL_NET 5100 -> $HOME_NET any ( msg:""POLICY-SOCIAL Yahoo IM conference watch""; flow:to_client,established; content:""|0D 00 05 00|"",depth 4; metadata:ruleset community; classtype:policy-violation; sid:2461; rev:10; )"
1797,2486,SERVER-OTHER ISAKMP invalid identification payload attempt,included,"behavior_header,payload_positioned",combina cabecalho/fluxo com payload posicionado; todos os contents possuem offset/depth/distance/within,"alert udp $EXTERNAL_NET any -> $HOME_NET 500 ( msg:""SERVER-OTHER ISAKMP invalid identification payload attempt""; flow:to_server; content:""|05|"",depth 1,offset 16; byte_test:1,!&,1,19; byte_test:1,>,8,32; byte_test:2,>,0,30; byte_test:2,<,10,30; byte_test:2,!=,8,30; metadata:policy max-detect-ips drop,ruleset community; reference:bugtraq,10004; reference:cve,2004-0184; classtype:attempted-dos; sid:2486; rev:14; )"
1804,2523,SERVER-OTHER BGP spoofed connection reset attempt,included,"behavior_frequency,behavior_header","usa limite/frequencia de eventos sem depender do payload; usa apenas cabecalho, fluxo, flags ou metadados do pacote","alert tcp $EXTERNAL_NET any <> $HOME_NET 179 ( msg:""SERVER-OTHER BGP spoofed connection reset attempt""; flow:established,no_stream; flags:FRS*; detection_filter:track by_dst,count 10,seconds 10; metadata:ruleset community; reference:bugtraq,10183; reference:cve,2004-0230; reference:url,www.uniras.gov.uk/vuls/2004/236929/index.htm; classtype:attempted-dos; sid:2523; rev:15; )"
1824,2564,NETBIOS NS lookup short response attempt,included,"behavior_header,payload_positioned",combina cabecalho/fluxo com payload posicionado; todos os contents possuem offset/depth/distance/within,"alert udp $EXTERNAL_NET 137 -> $HOME_NET 137 ( msg:""NETBIOS NS lookup short response attempt""; dsize:<56; byte_test:1,&,0x80,2; content:""|00 01|"",depth 2,offset 6; metadata:policy max-detect-ips drop,ruleset community; service:netbios-ns; reference:bugtraq,10335; reference:cve,2004-0444; reference:url,www.eeye.com/html/Research/Advisories/AD20040512C.html; classtype:attempted-admin; sid:2564; rev:8; )"
1880,2656,SERVER-WEBAPP SSLv2 Client_Hello Challenge Length overflow attempt,included,"behavior_header,payload_positioned",combina cabecalho/fluxo com payload posicionado; todos os contents possuem offset/depth/distance/within,"alert tcp $EXTERNAL_NET any -> $HOME_NET 443 ( msg:""SERVER-WEBAPP SSLv2 Client_Hello Challenge Length overflow attempt""; flow:to_server,established; ssl_version:sslv2; ssl_state:client_hello; content:""|01 00 02|"",depth 3,offset 2; byte_test:1,>,127,0; byte_test:2,>,32,9; metadata:policy max-detect-ips drop,ruleset community; service:ssl; reference:bugtraq,11015; reference:cve,2004-0826; classtype:attempted-admin; sid:2656; rev:22; )"
1881,2657,SERVER-WEBAPP SSLv2 Client_Hello with pad Challenge Length overflow attempt,included,"behavior_header,payload_positioned",combina cabecalho/fluxo com payload posicionado; todos os contents possuem offset/depth/distance/within,"alert tcp $EXTERNAL_NET any -> $HOME_NET 443 ( msg:""SERVER-WEBAPP SSLv2 Client_Hello with pad Challenge Length overflow attempt""; flow:to_server,established; ssl_version:sslv2; ssl_state:client_hello; content:""|01 00 02|"",depth 3,offset 2; byte_test:2,>,32,9; metadata:policy max-detect-ips drop,ruleset community; service:ssl; classtype:attempted-admin; sid:2657; rev:20; )"
2137,2923,NETBIOS SMB repeated logon failure,included,"behavior_header,payload_positioned",combina cabecalho/fluxo com payload posicionado; todos os contents possuem offset/depth/distance/within,"alert tcp $HOME_NET 139 -> $EXTERNAL_NET any ( msg:""NETBIOS SMB repeated logon failure""; flow:to_client,established,no_stream; content:""|FF|SMBs"",depth 5,offset 4; content:""m|00 00 C0|"",within 4; detection_filter:track by_dst,count 10,seconds 60; metadata:ruleset community; classtype:unsuccessful-user; sid:2923; rev:14; )"
2138,2924,NETBIOS SMB-DS repeated logon failure,included,"behavior_header,payload_positioned",combina cabecalho/fluxo com payload posicionado; todos os contents possuem offset/depth/distance/within,"alert tcp $HOME_NET 445 -> $EXTERNAL_NET any ( msg:""NETBIOS SMB-DS repeated logon failure""; flow:to_client,established,no_stream; content:""|FF|SMBs"",depth 5,offset 4; content:""m|00 00 C0|"",within 4; detection_filter:track by_dst,count 10,seconds 60; metadata:ruleset community; service:netbios-ssn; classtype:unsuccessful-user; sid:2924; rev:9; )"
2141,2936,OS-WINDOWS DCERPC NCACN-IP-TCP nddeapi NDdeSetTrustedShareW overflow attempt,included,"behavior_header,payload_positioned",combina cabecalho/fluxo com payload posicionado; todos os contents possuem offset/depth/distance/within,"alert tcp $EXTERNAL_NET any -> $HOME_NET [139,445] ( msg:""OS-WINDOWS DCERPC NCACN-IP-TCP nddeapi NDdeSetTrustedShareW overflow attempt""; flow:to_server,established; dce_iface:uuid 2f5f3220-c126-1076-b549-074d078619da; dce_opnum:""12""; dce_stub_data; isdataat:256; content:!""|00|"",depth 256,offset 12; metadata:ruleset community; service:netbios-ssn; reference:bugtraq,11372; reference:cve,2004-0206; reference:url,technet.microsoft.com/en-us/security/bulletin/ms04-031; classtype:attempted-admin; sid:2936; rev:18; )"
2142,2942,NETBIOS DCERPC NCACN-IP-TCP winreg InitiateSystemShutdown attempt,included,behavior_header,"usa apenas cabecalho, fluxo, flags ou metadados do pacote","alert tcp $EXTERNAL_NET any -> $HOME_NET [139,445] ( msg:""NETBIOS DCERPC NCACN-IP-TCP winreg InitiateSystemShutdown attempt""; flow:to_server,established; dce_iface:uuid 338cd001-2244-31f1-aaaa-900038001003; dce_opnum:""24""; metadata:ruleset community; service:netbios-ssn; reference:url,msdn.microsoft.com/library/default.asp?url=/library/en-us/shutdown/base/initiatesystemshutdown.asp; classtype:protocol-command-decode; sid:2942; rev:14; )"
2143,3006,SERVER-OTHER Volition Freespace 2 buffer overflow attempt,included,"behavior_header,payload_positioned",combina cabecalho/fluxo com payload posicionado; todos os contents possuem offset/depth/distance/within,"alert udp $EXTERNAL_NET 7808 -> $HOME_NET any ( msg:""SERVER-OTHER Volition Freespace 2 buffer overflow attempt""; flow:to_client; content:""|00 E1|..|B4 00 00 00|"",depth 8; isdataat:160,relative; metadata:policy max-detect-ips drop,ruleset community; reference:bugtraq,9785; classtype:misc-attack; sid:3006; rev:7; )"
2146,3009,MALWARE-BACKDOOR NetBus Pro 2.0 connection request,included,"behavior_header,payload_positioned",combina cabecalho/fluxo com payload posicionado; todos os contents possuem offset/depth/distance/within,"alert tcp $EXTERNAL_NET any -> $HOME_NET 20034 ( msg:""MALWARE-BACKDOOR NetBus Pro 2.0 connection request""; flow:to_server,established; content:""BN |00 02 00|"",depth 6; content:""|05 00|"",depth 2,offset 8; flowbits:set,backdoor.netbus_2.connect; flowbits:noalert; metadata:ruleset community; classtype:misc-activity; sid:3009; rev:8; )"
2147,3010,MALWARE-CNC RUX the Tick get windows directory,included,"behavior_header,payload_positioned",combina cabecalho/fluxo com payload posicionado; todos os contents possuem offset/depth/distance/within,"alert tcp $EXTERNAL_NET any -> $HOME_NET 22222 ( msg:""MALWARE-CNC RUX the Tick get windows directory""; flow:to_server,established; content:""WINDIR"",depth 6; metadata:ruleset community; classtype:misc-activity; sid:3010; rev:6; )"
2148,3011,MALWARE-CNC RUX the Tick get system directory,included,"behavior_header,payload_positioned",combina cabecalho/fluxo com payload posicionado; todos os contents possuem offset/depth/distance/within,"alert tcp $EXTERNAL_NET any -> $HOME_NET 22222 ( msg:""MALWARE-CNC RUX the Tick get system directory""; flow:to_server,established; content:""SYSDIR"",depth 6; metadata:ruleset community; classtype:misc-activity; sid:3011; rev:6; )"
2149,3012,MALWARE-CNC RUX the Tick upload/execute arbitrary file,included,"behavior_header,payload_positioned",combina cabecalho/fluxo com payload posicionado; todos os contents possuem offset/depth/distance/within,"alert tcp $EXTERNAL_NET any -> $HOME_NET 22222 ( msg:""MALWARE-CNC RUX the Tick upload/execute arbitrary file""; flow:to_server,established; content:""ABCJZDATEIV"",depth 11; metadata:ruleset community; classtype:misc-activity; sid:3012; rev:6; )"
2150,3013,MALWARE-CNC Asylum 0.1 connection request,included,"behavior_header,payload_positioned",combina cabecalho/fluxo com payload posicionado; todos os contents possuem offset/depth/distance/within,"alert tcp $EXTERNAL_NET any -> $HOME_NET 23432 ( msg:""MALWARE-CNC Asylum 0.1 connection request""; flow:to_server,established; content:""RQS"",depth 3; flowbits:set,backdoor.asylum.connect; flowbits:noalert; metadata:ruleset community; classtype:misc-activity; sid:3013; rev:8; )"
2151,3014,MALWARE-CNC Asylum 0.1 connection,included,"behavior_header,payload_positioned",combina cabecalho/fluxo com payload posicionado; todos os contents possuem offset/depth/distance/within,"alert tcp $HOME_NET 23432 -> $EXTERNAL_NET any ( msg:""MALWARE-CNC Asylum 0.1 connection""; flow:to_client,established; flowbits:isset,backdoor.asylum.connect; content:""GNT"",depth 3; metadata:ruleset community; classtype:misc-activity; sid:3014; rev:10; )"
2152,3015,MALWARE-CNC Insane Network 4.0 connection,included,"behavior_header,payload_positioned",combina cabecalho/fluxo com payload posicionado; todos os contents possuem offset/depth/distance/within,"alert tcp $HOME_NET 2000 -> $EXTERNAL_NET any ( msg:""MALWARE-CNC Insane Network 4.0 connection""; flow:to_client,established; content:""Insane Network vs 4.0 by Suid Flow|0A 0D|www.blackcode.com|0A 0D|[r00t]|23|"",depth 62; metadata:ruleset community; classtype:misc-activity; sid:3015; rev:10; )"
2153,3016,MALWARE-CNC Insane Network 4.0 connection port 63536,included,"behavior_header,payload_positioned",combina cabecalho/fluxo com payload posicionado; todos os contents possuem offset/depth/distance/within,"alert tcp $HOME_NET 63536 -> $EXTERNAL_NET any ( msg:""MALWARE-CNC Insane Network 4.0 connection port 63536""; flow:to_client,established; content:""Insane Network vs 4.0 by Suid Flow|0A 0D|www.blackcode.com|0A 0D|[r00t]|23|"",depth 62; metadata:ruleset community; classtype:misc-activity; sid:3016; rev:10; )"
2196,3061,APP-DETECT distccd remote command execution attempt,included,"behavior_header,payload_positioned",combina cabecalho/fluxo com payload posicionado; todos os contents possuem offset/depth/distance/within,"alert tcp $EXTERNAL_NET any -> $HOME_NET 3632 ( msg:""APP-DETECT distccd remote command execution attempt""; flow:to_server,established; content:""DIST00000001"",depth 12,nocase; metadata:ruleset community; reference:url,distcc.samba.org/security.html; classtype:policy-violation; sid:3061; rev:5; )"
2198,3063,MALWARE-BACKDOOR Vampire 1.2 connection request,included,"behavior_header,payload_positioned",combina cabecalho/fluxo com payload posicionado; todos os contents possuem offset/depth/distance/within,"alert tcp $EXTERNAL_NET any -> $HOME_NET 1020 ( msg:""MALWARE-BACKDOOR Vampire 1.2 connection request""; flow:to_server,established; content:""Hello..."",depth 8; flowbits:set,backdoor.vampire_12.connect; flowbits:noalert; metadata:ruleset community; classtype:misc-activity; sid:3063; rev:6; )"
2199,3064,MALWARE-BACKDOOR Vampire 1.2 connection confirmation,included,"behavior_header,payload_positioned",combina cabecalho/fluxo com payload posicionado; todos os contents possuem offset/depth/distance/within,"alert tcp $HOME_NET 1020 -> $EXTERNAL_NET any ( msg:""MALWARE-BACKDOOR Vampire 1.2 connection confirmation""; flow:to_client,established; flowbits:isset,backdoor.vampire_12.connect; content:""Vampire v1.2 Server On-Line....."",depth 32; metadata:ruleset community; classtype:misc-activity; sid:3064; rev:8; )"
2213,3079,BROWSER-IE Microsoft Internet Explorer ANI file parsing buffer overflow attempt,included,"behavior_header,payload_positioned",combina cabecalho/fluxo com payload posicionado; todos os contents possuem offset/depth/distance/within,"alert tcp $EXTERNAL_NET $FILE_DATA_PORTS -> $HOME_NET any ( msg:""BROWSER-IE Microsoft Internet Explorer ANI file parsing buffer overflow attempt""; flow:to_client,established; flowbits:isset,file.ani; file_data; content:""RIFF"",depth 4; content:""ACON"",within 4,distance 4; content:""anih"",distance 0,nocase; byte_test:4,>,36,0,relative,little; metadata:policy max-detect-ips drop,ruleset community; service:ftp-data,http,imap,pop3; reference:cve,2004-1049; reference:cve,2007-0038; reference:cve,2007-1765; reference:url,technet.microsoft.com/en-us/security/bulletin/MS05-002; reference:url,technet.microsoft.com/en-us/security/bulletin/MS07-017; classtype:attempted-user; sid:3079; rev:25; )"
2215,3081,MALWARE-BACKDOOR Y3KRAT 1.5 Connect,included,"behavior_header,payload_positioned",combina cabecalho/fluxo com payload posicionado; todos os contents possuem offset/depth/distance/within,"alert tcp $HOME_NET 5880 -> $EXTERNAL_NET any ( msg:""MALWARE-BACKDOOR Y3KRAT 1.5 Connect""; flow:to_client,established; content:""connected"",depth 9; flowbits:set,backdoor.y3krat_15.connect; flowbits:noalert; metadata:ruleset community; classtype:misc-activity; sid:3081; rev:13; )"
2216,3082,MALWARE-BACKDOOR Y3KRAT 1.5 Connect Client Response,included,"behavior_header,payload_positioned",combina cabecalho/fluxo com payload posicionado; todos os contents possuem offset/depth/distance/within,"alert tcp $EXTERNAL_NET any -> $HOME_NET 5880 ( msg:""MALWARE-BACKDOOR Y3KRAT 1.5 Connect Client Response""; flow:to_server,established; flowbits:isset,backdoor.y3krat_15.connect; content:""getclient"",depth 9; flowbits:set,backdoor.y3krat_15.client.response; flowbits:noalert; metadata:ruleset community; classtype:misc-activity; sid:3082; rev:13; )"
2217,3083,MALWARE-BACKDOOR Y3KRAT 1.5 Connection confirmation,included,"behavior_header,payload_positioned",combina cabecalho/fluxo com payload posicionado; todos os contents possuem offset/depth/distance/within,"alert tcp $HOME_NET 5880 -> $EXTERNAL_NET any ( msg:""MALWARE-BACKDOOR Y3KRAT 1.5 Connection confirmation""; flow:to_client,established; flowbits:isset,backdoor.y3krat_15.client.response; content:""client"",depth 7; metadata:ruleset community; classtype:misc-activity; sid:3083; rev:10; )"
2218,3084,SERVER-OTHER Veritas backup overflow attempt,included,"behavior_header,payload_positioned",combina cabecalho/fluxo com payload posicionado; todos os contents possuem offset/depth/distance/within,"alert tcp $EXTERNAL_NET any -> $HOME_NET 6101 ( msg:""SERVER-OTHER Veritas backup overflow attempt""; flow:to_server,established; content:""|02 00|"",depth 2; content:""|00|"",within 1,distance 1; isdataat:72; content:!""|00|"",depth 66,offset 6; metadata:policy max-detect-ips drop,policy security-ips drop,ruleset community; reference:bugtraq,11974; reference:cve,2004-1172; classtype:attempted-admin; sid:3084; rev:16; )"
2223,3089,SERVER-OTHER squid WCCP I_SEE_YOU message overflow attempt,included,"behavior_header,payload_positioned",combina cabecalho/fluxo com payload posicionado; todos os contents possuem offset/depth/distance/within,"alert udp $EXTERNAL_NET any -> $HOME_NET 2048 ( msg:""SERVER-OTHER squid WCCP I_SEE_YOU message overflow attempt""; flow:to_server; content:""|00 00 00 08|"",depth 4; byte_test:4,>,32,16; metadata:policy max-detect-ips drop,ruleset community; reference:bugtraq,12275; reference:cve,2005-0095; classtype:attempted-user; sid:3089; rev:10; )"
2257,3195,OS-WINDOWS name query overflow attempt TCP,included,"behavior_header,payload_positioned",combina cabecalho/fluxo com payload posicionado; todos os contents possuem offset/depth/distance/within,"alert tcp $EXTERNAL_NET any -> $HOME_NET 137 ( msg:""OS-WINDOWS name query overflow attempt TCP""; flow:to_server,established; byte_test:1,&,64,2; content:"" "",offset 12; isdataat:56,relative; metadata:policy max-detect-ips drop,ruleset community; service:netbios-ns; reference:bugtraq,9624; reference:cve,2003-0825; reference:nessus,15912; reference:url,technet.microsoft.com/en-us/security/bulletin/ms04-006; classtype:attempted-admin; sid:3195; rev:11; )"
2259,3199,OS-WINDOWS Microsoft Windows WINS name query overflow attempt TCP,included,"behavior_header,payload_positioned",combina cabecalho/fluxo com payload posicionado; todos os contents possuem offset/depth/distance/within,"alert tcp $EXTERNAL_NET any -> $HOME_NET 42 ( msg:""OS-WINDOWS Microsoft Windows WINS name query overflow attempt TCP""; flow:established; byte_test:1,&,64,2; content:"" "",offset 12; isdataat:56,relative; metadata:policy max-detect-ips drop,ruleset community; reference:bugtraq,9624; reference:cve,2003-0825; reference:nessus,15912; reference:url,technet.microsoft.com/en-us/security/bulletin/MS04-006; classtype:attempted-admin; sid:3199; rev:12; )"
2260,3200,OS-WINDOWS Microsoft Windows WINS name query overflow attempt UDP,included,"behavior_header,payload_positioned",combina cabecalho/fluxo com payload posicionado; todos os contents possuem offset/depth/distance/within,"alert udp $EXTERNAL_NET any -> $HOME_NET 42 ( msg:""OS-WINDOWS Microsoft Windows WINS name query overflow attempt UDP""; flow:to_server; byte_test:1,&,64,2; content:"" "",offset 12; isdataat:56,relative; metadata:policy max-detect-ips drop,ruleset community; reference:bugtraq,9624; reference:cve,2003-0825; reference:nessus,15912; reference:url,technet.microsoft.com/en-us/security/bulletin/MS04-006; classtype:attempted-admin; sid:3200; rev:13; )"
2277,3456,SERVER-MYSQL 4.0 root login attempt,included,"behavior_header,payload_positioned",combina cabecalho/fluxo com payload posicionado; todos os contents possuem offset/depth/distance/within,"alert tcp $EXTERNAL_NET any -> $SQL_SERVERS 3306 ( msg:""SERVER-MYSQL 4.0 root login attempt""; flow:to_server,established; content:""|01|"",depth 1,offset 3; content:""root|00|"",within 5,distance 5,nocase; metadata:ruleset community; service:mysql; classtype:protocol-command-decode; sid:3456; rev:9; )"
2278,3457,SERVER-OTHER Arkeia backup client type 77 overflow attempt,included,"behavior_header,payload_positioned",combina cabecalho/fluxo com payload posicionado; todos os contents possuem offset/depth/distance/within,"alert tcp $EXTERNAL_NET any -> $HOME_NET 617 ( msg:""SERVER-OTHER Arkeia backup client type 77 overflow attempt""; flow:to_server,established; content:""|00|M"",depth 2; byte_test:2,>,23,6; metadata:policy max-detect-ips drop,policy security-ips drop,ruleset community; reference:bugtraq,12594; reference:cve,2005-0491; reference:nessus,17158; classtype:attempted-user; sid:3457; rev:14; )"
2279,3458,SERVER-OTHER Arkeia backup client type 84 overflow attempt,included,"behavior_header,payload_positioned",combina cabecalho/fluxo com payload posicionado; todos os contents possuem offset/depth/distance/within,"alert tcp $EXTERNAL_NET any -> $HOME_NET 617 ( msg:""SERVER-OTHER Arkeia backup client type 84 overflow attempt""; flow:to_server,established; content:""|00|T"",depth 2; byte_test:2,>,255,6; isdataat:263; content:!""|00|"",depth 255,offset 8; metadata:policy max-detect-ips drop,policy security-ips drop,ruleset community; reference:bugtraq,12594; reference:cve,2005-0491; classtype:attempted-user; sid:3458; rev:9; )"
2280,3459,PUA-P2P Manolito Search Query,included,"behavior_header,payload_positioned",combina cabecalho/fluxo com payload posicionado; todos os contents possuem offset/depth/distance/within,"alert udp $HOME_NET any -> $EXTERNAL_NET 41170 ( msg:""PUA-P2P Manolito Search Query""; flow:to_server; content:""|01 02 00 14|"",depth 4,offset 16; metadata:ruleset community; reference:url,openlito.sourceforge.net; reference:url,www.blubster.com; classtype:policy-violation; sid:3459; rev:9; )"
2299,17314,FILE-IDENTIFY OLE document file magic detected,included,"behavior_header,payload_positioned",combina cabecalho/fluxo com payload posicionado; todos os contents possuem offset/depth/distance/within,"alert tcp $EXTERNAL_NET $FILE_DATA_PORTS -> $HOME_NET any ( msg:""FILE-IDENTIFY OLE document file magic detected""; flow:to_client,established; file_data; content:""|D0 CF 11 E0 A1 B1 1A E1|"",depth 8; flowbits:set,file.ole; flowbits:set,file.fpx; flowbits:noalert; metadata:policy balanced-ips alert,policy connectivity-ips alert,policy max-detect-ips alert,policy security-ips alert,ruleset community; service:ftp-data,http,imap,pop3; classtype:misc-activity; sid:17314; rev:27; )"
2302,17745,NETBIOS SMB TRANS2 Find_First2 request attempt,included,"behavior_header,payload_positioned",combina cabecalho/fluxo com payload posicionado; todos os contents possuem offset/depth/distance/within,"alert tcp $HOME_NET any -> $EXTERNAL_NET 445 ( msg:""NETBIOS SMB TRANS2 Find_First2 request attempt""; flow:to_server,established; content:""|FF|SMB2|00 00 00 00|"",depth 9,offset 4; content:""|00 00|"",within 2,distance 13; content:""|00|"",within 1,distance 18; content:""|00 00|"",within 2,distance 6; content:""|01 00|"",within 2,distance 10; flowbits:set,smb.trans2.findfirst2; flowbits:noalert; metadata:policy max-detect-ips alert,ruleset community; service:netbios-ssn; classtype:protocol-command-decode; sid:17745; rev:10; )"
2303,19190,NETBIOS SMB-DS Trans2 Distributed File System GET_DFS_REFERRAL request,included,"behavior_header,payload_positioned",combina cabecalho/fluxo com payload posicionado; todos os contents possuem offset/depth/distance/within,"alert tcp $HOME_NET any -> $EXTERNAL_NET 445 ( msg:""NETBIOS SMB-DS Trans2 Distributed File System GET_DFS_REFERRAL request""; flow:to_server,established; content:""|00|"",offset 1; content:""|FF|SMB2"",depth 5,offset 4; content:""|00 00 00 00|"",within 4; content:""|10 00|"",depth 2,offset 65; flowbits:set,smb.trans2.get_dfs_referral; flowbits:noalert; metadata:policy max-detect-ips alert,ruleset community; service:netbios-ssn; classtype:protocol-command-decode; sid:19190; rev:9; )"
2305,19678,SERVER-OTHER multiple products blacknurse ICMP denial of service attempt,included,"behavior_frequency,behavior_header","usa limite/frequencia de eventos sem depender do payload; usa apenas cabecalho, fluxo, flags ou metadados do pacote","alert icmp $EXTERNAL_NET any -> $HOME_NET any ( msg:""SERVER-OTHER multiple products blacknurse ICMP denial of service attempt""; icode:3; itype:3; detection_filter:track by_src,count 250,seconds 1; metadata:policy max-detect-ips drop,ruleset community; reference:cve,2011-1871; reference:url,soc.tdc.dk/blacknurse/blacknurse.pdf; reference:url,technet.microsoft.com/en-us/security/bulletin/MS11-064; reference:url,technet.microsoft.com/en-us/security/bulletin/MS11-083; classtype:attempted-dos; sid:19678; rev:10; )"
2306,20080,MALWARE-CNC Win.Trojan.Derusbi.A variant outbound connection,included,"behavior_header,payload_positioned",combina cabecalho/fluxo com payload posicionado; todos os contents possuem offset/depth/distance/within,"alert tcp $HOME_NET any -> $EXTERNAL_NET 12080 ( msg:""MALWARE-CNC Win.Trojan.Derusbi.A variant outbound connection""; flow:to_server,established; content:""|00 00 00 01 00 00 00|"",depth 7,offset 1; content:""|01 00 00 00 68 01 00 00|"",within 8,distance 8; metadata:impact_flag red,ruleset community; reference:url,www.virustotal.com/en/file/6fecd042c3c0b54e7354cd8dfb1975c626acd8df55f88c4149462e15e77918b0/analysis/; reference:url,www.virustotal.com/en/file/705404d6bbf6dae254e2d3bc44eca239976be7f0dc4d49fe93b0fb1d1c2704fe/analysis/; classtype:trojan-activity; sid:20080; rev:8; )"
2317,20478,FILE-IDENTIFY PNG file magic detected,included,"behavior_header,payload_positioned",combina cabecalho/fluxo com payload posicionado; todos os contents possuem offset/depth/distance/within,"alert tcp $EXTERNAL_NET $FILE_DATA_PORTS -> $HOME_NET any ( msg:""FILE-IDENTIFY PNG file magic detected""; flow:to_client,established; file_data; content:""|89|PNG|0D 0A 1A 0A|"",depth 8; flowbits:set,file.png; flowbits:noalert; metadata:policy balanced-ips alert,policy max-detect-ips alert,policy security-ips alert,ruleset community; service:ftp-data,http,imap,pop3; classtype:misc-activity; sid:20478; rev:22; )"
2318,20480,FILE-IDENTIFY JPEG file magic detection,included,"behavior_header,payload_positioned",combina cabecalho/fluxo com payload posicionado; todos os contents possuem offset/depth/distance/within,"alert tcp $EXTERNAL_NET $FILE_DATA_PORTS -> $HOME_NET any ( msg:""FILE-IDENTIFY JPEG file magic detection""; flow:to_client,established; file_data; content:""|FF D8 FF|"",depth 3; flowbits:set,file.jpeg; flowbits:noalert; metadata:policy balanced-ips alert,policy max-detect-ips alert,policy security-ips alert,ruleset community; service:ftp-data,http,imap,pop3; classtype:misc-activity; sid:20480; rev:21; )"
2319,20483,FILE-IDENTIFY JPEG file magic detected,included,"behavior_header,payload_positioned",combina cabecalho/fluxo com payload posicionado; todos os contents possuem offset/depth/distance/within,"alert tcp $EXTERNAL_NET $FILE_DATA_PORTS -> $HOME_NET any ( msg:""FILE-IDENTIFY JPEG file magic detected""; flow:to_client,established; file_data; content:""|FF D8 FF E0|"",depth 4; flowbits:set,file.jpeg; flowbits:noalert; metadata:policy balanced-ips alert,policy max-detect-ips alert,policy security-ips alert,ruleset community; service:ftp-data,http,imap,pop3; classtype:misc-activity; sid:20483; rev:22; )"
2334,21255,MALWARE-OTHER known malicious FTP login banner - 0wns j0,included,"behavior_header,payload_positioned",combina cabecalho/fluxo com payload posicionado; todos os contents possuem offset/depth/distance/within,"alert tcp $EXTERNAL_NET 21 -> $HOME_NET any ( msg:""MALWARE-OTHER known malicious FTP login banner - 0wns j0""; flow:to_client,established; content:""220|20|"",depth 4; content:""0wns j0"",distance 0,nocase; metadata:impact_flag red,policy balanced-ips drop,policy max-detect-ips drop,policy security-ips drop,ruleset community; service:ftp; reference:url,seclists.org/fulldisclosure/2004/Sep/895; reference:url,www.cyber-ta.org/releases/malware-analysis/public/SOURCES/CLUSTERS-NEW/behavior-summary.html; classtype:trojan-activity; sid:21255; rev:6; )"
2356,21480,FILE-IDENTIFY XML file magic detected,included,"behavior_header,payload_positioned",combina cabecalho/fluxo com payload posicionado; todos os contents possuem offset/depth/distance/within,"alert tcp $EXTERNAL_NET $FILE_DATA_PORTS -> $HOME_NET any ( msg:""FILE-IDENTIFY XML file magic detected""; flow:to_client,established; file_data; content:""<xml>"",depth 50,nocase; flowbits:set,file.xml; flowbits:set,file.xul; flowbits:noalert; metadata:policy max-detect-ips alert,policy security-ips alert,ruleset community; service:ftp-data,http,imap,pop3; classtype:misc-activity; sid:21480; rev:16; )"
2357,21498,FILE-IDENTIFY XML file magic detected,included,"behavior_header,payload_positioned",combina cabecalho/fluxo com payload posicionado; todos os contents possuem offset/depth/distance/within,"alert tcp $EXTERNAL_NET $FILE_DATA_PORTS -> $HOME_NET any ( msg:""FILE-IDENTIFY XML file magic detected""; flow:to_client,established; file_data; content:""<?xml"",depth 50,nocase; flowbits:set,file.xml; flowbits:set,file.xul; flowbits:noalert; metadata:policy max-detect-ips alert,policy security-ips alert,ruleset community; service:ftp-data,http,imap,pop3; classtype:misc-activity; sid:21498; rev:16; )"
2370,21727,FILE-IDENTIFY ANI file magic detection,included,"behavior_header,payload_positioned",combina cabecalho/fluxo com payload posicionado; todos os contents possuem offset/depth/distance/within,"alert tcp $EXTERNAL_NET $FILE_DATA_PORTS -> $HOME_NET any ( msg:""FILE-IDENTIFY ANI file magic detection""; flow:to_client,established; file_data; content:""RIFF"",depth 4; content:""ACON"",within 4,distance 4; flowbits:set,file.ani; flowbits:noalert; metadata:policy max-detect-ips alert,ruleset community; service:ftp-data,http,imap,pop3; classtype:misc-activity; sid:21727; rev:12; )"
2422,21940,FILE-IDENTIFY EMF file magic detected,included,"behavior_header,payload_positioned",combina cabecalho/fluxo com payload posicionado; todos os contents possuem offset/depth/distance/within,"alert tcp $EXTERNAL_NET $FILE_DATA_PORTS -> $HOME_NET any ( msg:""FILE-IDENTIFY EMF file magic detected""; flow:to_client,established; file_data; content:""|01 00 00 00|"",depth 4; content:""|20|EMF"",within 4,distance 36,fast_pattern; flowbits:set,file.emf; flowbits:noalert; metadata:policy max-detect-ips alert,ruleset community; service:ftp-data,http,imap,pop3; classtype:misc-activity; sid:21940; rev:13; )"
2429,23055,PROTOCOL-FTP Multiple Products FTP MKD buffer overflow attempt,included,"behavior_header,payload_positioned",combina cabecalho/fluxo com payload posicionado; todos os contents possuem offset/depth/distance/within,"alert tcp $EXTERNAL_NET any -> $HOME_NET 21 ( msg:""PROTOCOL-FTP Multiple Products FTP MKD buffer overflow attempt""; flow:to_server,established; content:""MKD "",depth 4; isdataat:75,relative; content:!""|0A|"",within 75; metadata:policy max-detect-ips drop,ruleset community; service:ftp; reference:bugtraq,11772; reference:bugtraq,15457; reference:bugtraq,23885; reference:bugtraq,39041; reference:bugtraq,612; reference:bugtraq,7278; reference:bugtraq,9872; reference:cve,1999-0911; reference:cve,2004-1135; reference:cve,2005-3683; reference:cve,2007-2586; reference:cve,2009-3023; reference:cve,2010-0625; reference:nessus,12108; reference:url,technet.microsoft.com/en-us/security/bulletin/MS09-053; reference:url,www.exploit-db.com/exploits/14399/; reference:url,www.kb.cert.org/vuls/id/276653; classtype:attempted-admin; sid:23055; rev:10; )"
2433,23492,MALWARE-CNC Win.Trojan.ZeroAccess outbound connection,included,"behavior_header,payload_positioned",combina cabecalho/fluxo com payload posicionado; todos os contents possuem offset/depth/distance/within,"alert udp $HOME_NET any -> $EXTERNAL_NET 53 ( msg:""MALWARE-CNC Win.Trojan.ZeroAccess outbound connection""; flow:to_server; dsize:20; content:""|9E 98|"",depth 2,offset 6; metadata:ruleset community; reference:url,www.virustotal.com/file/50cdd9f6c5629630c8d8a3a4fe7d929d3c6463b2f9407d9a90703047e7db7ff9/analysis/; classtype:trojan-activity; sid:23492; rev:6; )"
2436,23651,FILE-IDENTIFY JAR/ZIP file magic detected,included,"behavior_header,payload_positioned",combina cabecalho/fluxo com payload posicionado; todos os contents possuem offset/depth/distance/within,"alert tcp $EXTERNAL_NET any -> $SMTP_SERVERS 25 ( msg:""FILE-IDENTIFY JAR/ZIP file magic detected""; flow:to_server,established; file_data; content:""PK|03 04|"",depth 4; content:!""|14 00 06 00|"",within 4; flowbits:set,file.zip; flowbits:set,file.jar; flowbits:noalert; metadata:policy balanced-ips alert,policy connectivity-ips alert,policy max-detect-ips alert,policy security-ips alert,ruleset community; service:smtp; classtype:misc-activity; sid:23651; rev:15; )"
2437,23652,FILE-IDENTIFY JAR/ZIP file magic detected,included,"behavior_header,payload_positioned",combina cabecalho/fluxo com payload posicionado; todos os contents possuem offset/depth/distance/within,"alert tcp $EXTERNAL_NET any -> $SMTP_SERVERS 25 ( msg:""FILE-IDENTIFY JAR/ZIP file magic detected""; flow:to_server,established; file_data; content:""PK00PK|03 04|"",depth 8; flowbits:set,file.zip; flowbits:set,file.jar; flowbits:noalert; metadata:policy balanced-ips alert,policy connectivity-ips alert,policy max-detect-ips alert,policy security-ips alert,ruleset community; service:smtp; classtype:misc-activity; sid:23652; rev:16; )"
2438,23653,FILE-IDENTIFY JAR/ZIP file magic detected,included,"behavior_header,payload_positioned",combina cabecalho/fluxo com payload posicionado; todos os contents possuem offset/depth/distance/within,"alert tcp $EXTERNAL_NET any -> $SMTP_SERVERS 25 ( msg:""FILE-IDENTIFY JAR/ZIP file magic detected""; flow:to_server,established; file_data; content:""PK|01 02|"",depth 4; flowbits:set,file.zip; flowbits:set,file.jar; flowbits:noalert; metadata:policy balanced-ips alert,policy connectivity-ips alert,policy max-detect-ips alert,policy security-ips alert,ruleset community; service:smtp; classtype:misc-activity; sid:23653; rev:16; )"
2439,23654,FILE-IDENTIFY JAR/ZIP file magic detected,included,"behavior_header,payload_positioned",combina cabecalho/fluxo com payload posicionado; todos os contents possuem offset/depth/distance/within,"alert tcp $EXTERNAL_NET any -> $SMTP_SERVERS 25 ( msg:""FILE-IDENTIFY JAR/ZIP file magic detected""; flow:to_server,established; file_data; content:""PK|05 06|"",depth 4; flowbits:set,file.zip; flowbits:set,file.jar; flowbits:noalert; metadata:policy balanced-ips alert,policy connectivity-ips alert,policy max-detect-ips alert,policy security-ips alert,ruleset community; service:smtp; classtype:misc-activity; sid:23654; rev:16; )"
2440,23655,FILE-IDENTIFY JAR/ZIP file magic detected,included,"behavior_header,payload_positioned",combina cabecalho/fluxo com payload posicionado; todos os contents possuem offset/depth/distance/within,"alert tcp $EXTERNAL_NET any -> $SMTP_SERVERS 25 ( msg:""FILE-IDENTIFY JAR/ZIP file magic detected""; flow:to_server,established; file_data; content:""PK|06 08|"",depth 4; flowbits:set,file.zip; flowbits:set,file.jar; flowbits:noalert; metadata:policy balanced-ips alert,policy connectivity-ips alert,policy max-detect-ips alert,policy security-ips alert,ruleset community; service:smtp; classtype:misc-activity; sid:23655; rev:16; )"
2441,23656,FILE-IDENTIFY JAR/ZIP file magic detected,included,"behavior_header,payload_positioned",combina cabecalho/fluxo com payload posicionado; todos os contents possuem offset/depth/distance/within,"alert tcp $EXTERNAL_NET any -> $SMTP_SERVERS 25 ( msg:""FILE-IDENTIFY JAR/ZIP file magic detected""; flow:to_server,established; file_data; content:""PK|06 07|"",depth 4; flowbits:set,file.zip; flowbits:set,file.jar; flowbits:noalert; metadata:policy balanced-ips alert,policy connectivity-ips alert,policy max-detect-ips alert,policy security-ips alert,ruleset community; service:smtp; classtype:misc-activity; sid:23656; rev:16; )"
2442,23657,FILE-IDENTIFY JAR/ZIP file magic detected,included,"behavior_header,payload_positioned",combina cabecalho/fluxo com payload posicionado; todos os contents possuem offset/depth/distance/within,"alert tcp $EXTERNAL_NET any -> $SMTP_SERVERS 25 ( msg:""FILE-IDENTIFY JAR/ZIP file magic detected""; flow:to_server,established; file_data; content:""PK|06 06|"",depth 4; flowbits:set,file.zip; flowbits:set,file.jar; flowbits:noalert; metadata:policy balanced-ips alert,policy connectivity-ips alert,policy max-detect-ips alert,policy security-ips alert,ruleset community; service:smtp; classtype:misc-activity; sid:23657; rev:16; )"
2443,23664,FILE-IDENTIFY PNG file magic detected,included,"behavior_header,payload_positioned",combina cabecalho/fluxo com payload posicionado; todos os contents possuem offset/depth/distance/within,"alert tcp $EXTERNAL_NET any -> $SMTP_SERVERS 25 ( msg:""FILE-IDENTIFY PNG file magic detected""; flow:to_server,established; file_data; content:""|89|PNG|0D 0A 1A 0A|"",depth 8; flowbits:set,file.png; flowbits:noalert; metadata:policy balanced-ips alert,policy max-detect-ips alert,policy security-ips alert,ruleset community; service:smtp; classtype:misc-activity; sid:23664; rev:17; )"
2444,23667,FILE-IDENTIFY JPEG file magic detected,included,"behavior_header,payload_positioned",combina cabecalho/fluxo com payload posicionado; todos os contents possuem offset/depth/distance/within,"alert tcp $EXTERNAL_NET any -> $SMTP_SERVERS 25 ( msg:""FILE-IDENTIFY JPEG file magic detected""; flow:to_server,established; file_data; content:""|FF D8 FF E0|"",depth 4; flowbits:set,file.jpeg; flowbits:noalert; metadata:policy balanced-ips alert,policy max-detect-ips alert,policy security-ips alert,ruleset community; service:smtp; classtype:misc-activity; sid:23667; rev:14; )"
2449,23711,FILE-IDENTIFY OLE Document file magic detected,included,"behavior_header,payload_positioned",combina cabecalho/fluxo com payload posicionado; todos os contents possuem offset/depth/distance/within,"alert tcp $EXTERNAL_NET any -> $SMTP_SERVERS 25 ( msg:""FILE-IDENTIFY OLE Document file magic detected""; flow:to_server,established; file_data; content:""|D0 CF 11 E0 A1 B1 1A E1|"",depth 8; flowbits:set,file.ole; flowbits:set,file.fpx; flowbits:noalert; metadata:policy balanced-ips alert,policy connectivity-ips alert,policy max-detect-ips alert,policy security-ips alert,ruleset community; service:smtp; classtype:misc-activity; sid:23711; rev:14; )"
2451,23758,FILE-IDENTIFY XML file magic detected,included,"behavior_header,payload_positioned",combina cabecalho/fluxo com payload posicionado; todos os contents possuem offset/depth/distance/within,"alert tcp $EXTERNAL_NET any -> $SMTP_SERVERS 25 ( msg:""FILE-IDENTIFY XML file magic detected""; flow:to_server,established; file_data; content:""<xml>"",depth 50,nocase; flowbits:set,file.xml; flowbits:noalert; metadata:policy max-detect-ips alert,policy security-ips alert,ruleset community; service:smtp; classtype:misc-activity; sid:23758; rev:10; )"
2452,23759,FILE-IDENTIFY XML file magic detected,included,"behavior_header,payload_positioned",combina cabecalho/fluxo com payload posicionado; todos os contents possuem offset/depth/distance/within,"alert tcp $EXTERNAL_NET any -> $SMTP_SERVERS 25 ( msg:""FILE-IDENTIFY XML file magic detected""; flow:to_server,established; file_data; content:""<?xml"",depth 50,nocase; flowbits:set,file.xml; flowbits:noalert; metadata:policy max-detect-ips alert,policy security-ips alert,ruleset community; service:smtp; classtype:misc-activity; sid:23759; rev:10; )"
2453,23766,FILE-IDENTIFY EMF file magic detected,included,"behavior_header,payload_positioned",combina cabecalho/fluxo com payload posicionado; todos os contents possuem offset/depth/distance/within,"alert tcp $EXTERNAL_NET any -> $SMTP_SERVERS 25 ( msg:""FILE-IDENTIFY EMF file magic detected""; flow:to_server,established; file_data; content:""|01 00 00 00|"",depth 4; content:""|20|EMF"",within 4,distance 36,fast_pattern; flowbits:set,file.emf; flowbits:noalert; metadata:policy max-detect-ips alert,ruleset community; service:smtp; classtype:misc-activity; sid:23766; rev:12; )"
2462,24359,OS-WINDOWS Microsoft Windows SMB NTLM NULL session attempt,included,"behavior_header,payload_positioned",combina cabecalho/fluxo com payload posicionado; todos os contents possuem offset/depth/distance/within,"alert tcp $EXTERNAL_NET any -> $HOME_NET [139,445] ( msg:""OS-WINDOWS Microsoft Windows SMB NTLM NULL session attempt""; flow:to_server,established; content:""|FF|SMB|73 00 00 00 00|"",depth 9,offset 4; content:""|00 00|"",within 2,distance 13; content:""|FF|"",within 1,distance 9; content:""NTLMSSP|00 03 00 00 00|"",within 100; content:""|00 00 00 00 48 00 00 00|"",within 8,distance 24,fast_pattern; flowbits:set,smb.null_session; flowbits:noalert; metadata:policy max-detect-ips alert,policy security-ips alert,ruleset community; service:netbios-ssn; reference:bugtraq,1163; reference:cve,2000-0347; classtype:attempted-recon; sid:24359; rev:9; )"
2463,24455,FILE-IDENTIFY JPEG file magic detected,included,"behavior_header,payload_positioned",combina cabecalho/fluxo com payload posicionado; todos os contents possuem offset/depth/distance/within,"alert tcp $EXTERNAL_NET $FILE_DATA_PORTS -> $HOME_NET any ( msg:""FILE-IDENTIFY JPEG file magic detected""; flow:to_client,established; file_data; content:""|FF D8 FF E1|"",depth 4; flowbits:set,file.jpeg; flowbits:noalert; metadata:policy balanced-ips alert,policy max-detect-ips alert,policy security-ips alert,ruleset community; service:ftp-data,http,imap,pop3; classtype:misc-activity; sid:24455; rev:12; )"
2464,24456,FILE-IDENTIFY JPEG file magic detected,included,"behavior_header,payload_positioned",combina cabecalho/fluxo com payload posicionado; todos os contents possuem offset/depth/distance/within,"alert tcp $EXTERNAL_NET $FILE_DATA_PORTS -> $HOME_NET any ( msg:""FILE-IDENTIFY JPEG file magic detected""; flow:to_client,established; file_data; content:""|FF D8 FF EE|"",depth 4; flowbits:set,file.jpeg; flowbits:noalert; metadata:policy balanced-ips alert,policy max-detect-ips alert,policy security-ips alert,ruleset community; service:ftp-data,http,imap,pop3; classtype:misc-activity; sid:24456; rev:12; )"
2465,24457,FILE-IDENTIFY JPEG file magic detected,included,"behavior_header,payload_positioned",combina cabecalho/fluxo com payload posicionado; todos os contents possuem offset/depth/distance/within,"alert tcp $EXTERNAL_NET any -> $SMTP_SERVERS 25 ( msg:""FILE-IDENTIFY JPEG file magic detected""; flow:to_server,established; file_data; content:""|FF D8 FF E1|"",depth 4; flowbits:set,file.jpeg; flowbits:noalert; metadata:policy balanced-ips alert,policy max-detect-ips alert,policy security-ips alert,ruleset community; service:smtp; classtype:misc-activity; sid:24457; rev:11; )"
2466,24458,FILE-IDENTIFY JPEG file magic detected,included,"behavior_header,payload_positioned",combina cabecalho/fluxo com payload posicionado; todos os contents possuem offset/depth/distance/within,"alert tcp $EXTERNAL_NET any -> $SMTP_SERVERS 25 ( msg:""FILE-IDENTIFY JPEG file magic detected""; flow:to_server,established; file_data; content:""|FF D8 FF EE|"",depth 4; flowbits:set,file.jpeg; flowbits:noalert; metadata:policy balanced-ips alert,policy max-detect-ips alert,policy security-ips alert,ruleset community; service:smtp; classtype:misc-activity; sid:24458; rev:11; )"
2470,24972,NETBIOS SMB Trans2 FIND_FIRST2 find file and directory info request,included,"behavior_header,payload_positioned",combina cabecalho/fluxo com payload posicionado; todos os contents possuem offset/depth/distance/within,"alert tcp $HOME_NET any -> $EXTERNAL_NET [139,445] ( msg:""NETBIOS SMB Trans2 FIND_FIRST2 find file and directory info request""; flow:to_server,established; content:""|FF|SMB2|00 00 00 00|"",depth 9,offset 4; byte_test:1,!&,0x80,0,relative; content:""|01 00|"",within 2,distance 52; byte_jump:2,-10,relative,from_beginning,little,post_offset 10; content:""|04 01|"",within 2; flowbits:set,smb.trans2.fileinfo; flowbits:noalert; metadata:policy max-detect-ips alert,ruleset community; service:netbios-ssn; classtype:protocol-command-decode; sid:24972; rev:6; )"
2510,25627,MALWARE-CNC Win.Trojan.Reventon variant outbound connection,included,"behavior_header,payload_positioned",combina cabecalho/fluxo com payload posicionado; todos os contents possuem offset/depth/distance/within,"alert tcp $HOME_NET any -> $EXTERNAL_NET [$HTTP_PORTS,443] ( msg:""MALWARE-CNC Win.Trojan.Reventon variant outbound connection""; flow:to_server,established; isdataat:!5; content:""|9A 02 00 00|"",depth 4,fast_pattern; metadata:impact_flag red,policy max-detect-ips drop,ruleset community; service:http; reference:url,www.virustotal.com/file/25c690dac0d17f9ba304e5e68c1da2381685b1aa0aa3cd503589bbc59daf81eb/analysis/; classtype:trojan-activity; sid:25627; rev:6; )"
2525,26057,FILE-IDENTIFY ZIP file download detected,included,"behavior_header,payload_positioned",combina cabecalho/fluxo com payload posicionado; todos os contents possuem offset/depth/distance/within,"alert tcp $EXTERNAL_NET $FILE_DATA_PORTS -> $HOME_NET any ( msg:""FILE-IDENTIFY ZIP file download detected""; flow:to_client,established; file_data; content:""PK|03 04 14 00 06 00|"",depth 8; flowbits:set,file.zip; flowbits:noalert; metadata:policy balanced-ips alert,policy connectivity-ips alert,policy max-detect-ips alert,policy security-ips alert,ruleset community; service:ftp-data,http,imap,pop3; classtype:misc-activity; sid:26057; rev:13; )"
2526,26058,FILE-IDENTIFY ZIP file attachment detected,included,"behavior_header,payload_positioned",combina cabecalho/fluxo com payload posicionado; todos os contents possuem offset/depth/distance/within,"alert tcp $EXTERNAL_NET any -> $SMTP_SERVERS 25 ( msg:""FILE-IDENTIFY ZIP file attachment detected""; flow:to_server,established; file_data; content:""PK|03 04 14 00 06 00|"",depth 8; flowbits:set,file.zip; flowbits:noalert; metadata:policy balanced-ips alert,policy connectivity-ips alert,policy max-detect-ips alert,policy security-ips alert,ruleset community; service:smtp; classtype:misc-activity; sid:26058; rev:12; )"
2529,26203,MALWARE-CNC Win.Trojan.Gupd variant outbound connection,included,"behavior_header,payload_positioned",combina cabecalho/fluxo com payload posicionado; todos os contents possuem offset/depth/distance/within,"alert tcp $HOME_NET any -> $EXTERNAL_NET $HTTP_PORTS ( msg:""MALWARE-CNC Win.Trojan.Gupd variant outbound connection""; flow:to_server,established; http_client_body; content:""cstype="",depth 7; content:""&authname="",within 48,distance 1; content:""&authpass="",within 48,distance 1; content:""&hostname="",within 48,distance 1; content:""&ostype="",within 256,distance 1; content:""&macaddr="",within 64,distance 16; content:""&owner="",within 48,distance 17; metadata:impact_flag red,ruleset community; service:http; reference:url,www.virustotal.com/en/file/0DD9018A9AF609382FABDA8E4EC86033DA83E42FEC25499C329DBDCBB00F2AF0/analysis/; classtype:trojan-activity; sid:26203; rev:4; )"
2551,26380,MALWARE-OTHER UTF-8 BOM in zip file attachment detected,included,"behavior_header,payload_positioned",combina cabecalho/fluxo com payload posicionado; todos os contents possuem offset/depth/distance/within,"alert tcp $EXTERNAL_NET any -> $SMTP_SERVERS 25 ( msg:""MALWARE-OTHER UTF-8 BOM in zip file attachment detected""; flow:to_server,established; file_data; content:""|EF BB BF 50 4B 03 04|"",depth 7; metadata:policy max-detect-ips drop,policy security-ips drop,ruleset community; service:smtp; classtype:trojan-activity; sid:26380; rev:4; )"
2552,26381,MALWARE-OTHER UTF-8 BOM in zip file attachment detected,included,"behavior_header,payload_positioned",combina cabecalho/fluxo com payload posicionado; todos os contents possuem offset/depth/distance/within,"alert tcp $EXTERNAL_NET [110,143] -> $HOME_NET any ( msg:""MALWARE-OTHER UTF-8 BOM in zip file attachment detected""; flow:to_client,established; file_data; content:""|EF BB BF 50 4B 03 04|"",depth 7; metadata:policy max-detect-ips drop,policy security-ips drop,ruleset community; service:ftp-data,imap,pop3; classtype:trojan-activity; sid:26381; rev:5; )"
2553,26382,MALWARE-OTHER UTF-8 BOM in zip file attachment detected,included,"behavior_header,payload_positioned",combina cabecalho/fluxo com payload posicionado; todos os contents possuem offset/depth/distance/within,"alert tcp $EXTERNAL_NET $HTTP_PORTS -> $HOME_NET any ( msg:""MALWARE-OTHER UTF-8 BOM in zip file attachment detected""; flow:to_client,established; file_data; content:""|EF BB BF 50 4B 03 04|"",depth 7; metadata:policy max-detect-ips drop,policy security-ips drop,ruleset community; service:http; classtype:trojan-activity; sid:26382; rev:4; )"
2560,26467,MALWARE-CNC Win.Trojan.Magic variant inbound connection,included,"behavior_header,payload_positioned",combina cabecalho/fluxo com payload posicionado; todos os contents possuem offset/depth/distance/within,"alert tcp $EXTERNAL_NET $HTTP_PORTS -> $HOME_NET any ( msg:""MALWARE-CNC Win.Trojan.Magic variant inbound connection""; flow:to_client,established; file_data; content:""some_magic_code1"",depth 36; metadata:ruleset community; service:http; reference:url,www.seculert.com/blog/2013/04/magic-persistent-threat.html; classtype:trojan-activity; sid:26467; rev:3; )"
2568,26526,EXPLOIT-KIT Portable Executable downloaded with bad DOS stub,included,"behavior_header,payload_positioned",combina cabecalho/fluxo com payload posicionado; todos os contents possuem offset/depth/distance/within,"alert tcp $EXTERNAL_NET $FILE_DATA_PORTS -> $HOME_NET any ( msg:""EXPLOIT-KIT Portable Executable downloaded with bad DOS stub""; flow:to_client,established; file_data; content:""MZ"",depth 2; content:""|2F 2A 14 20|"",distance 0; metadata:policy balanced-ips drop,policy max-detect-ips drop,policy security-ips drop,ruleset community; service:ftp-data,http,imap,pop3; reference:cve,2013-2423; reference:url,www.invincea.com/2013/04/k-i-a-java-cve-2013-2423-via-new-and-improved-cool-ek/; classtype:trojan-activity; sid:26526; rev:6; )"
2584,26655,MALWARE-BACKDOOR Win.Backdoor.PCRat data upload,included,"behavior_header,payload_positioned",combina cabecalho/fluxo com payload posicionado; todos os contents possuem offset/depth/distance/within,"alert tcp $HOME_NET any -> $EXTERNAL_NET any ( msg:""MALWARE-BACKDOOR Win.Backdoor.PCRat data upload""; flow:to_server,established; content:""PCRatd"",depth 6; metadata:policy balanced-ips drop,policy max-detect-ips drop,policy security-ips drop,ruleset community; service:http; reference:url,www.virustotal.com/en/file/669DF9DED24D56997D7B1EA6249BB704226DADA09230DC285AE66CA0C9B7247B/analysis/; classtype:misc-activity; sid:26655; rev:2; )"
2639,26837,MALWARE-CNC BitBot Idle C2 response,included,"behavior_header,payload_positioned",combina cabecalho/fluxo com payload posicionado; todos os contents possuem offset/depth/distance/within,"alert tcp $EXTERNAL_NET $HTTP_PORTS -> $HOME_NET any ( msg:""MALWARE-CNC BitBot Idle C2 response""; flow:to_client,established; file_data; content:""<|5C 5C 5C|>IDLE<|5C 5C 5C|>"",depth 18; metadata:ruleset community; service:http; classtype:trojan-activity; sid:26837; rev:3; )"
2641,26842,MALWARE-BACKDOOR Win.Backdoor.Boda Malware Checkin,included,"behavior_header,payload_positioned",combina cabecalho/fluxo com payload posicionado; todos os contents possuem offset/depth/distance/within,"alert tcp $HOME_NET any -> $EXTERNAL_NET $HTTP_PORTS ( msg:""MALWARE-BACKDOOR Win.Backdoor.Boda Malware Checkin""; flow:to_server,established; http_client_body; content:""macName="",depth 60; content:""&macOS="",within 100; content:""&macMac="",within 200; metadata:policy balanced-ips drop,policy max-detect-ips drop,policy security-ips drop,ruleset community; service:http; classtype:trojan-activity; sid:26842; rev:2; )"
2724,27964,MALWARE-CNC Win.Trojan.Gh0st variant outbound connection,included,"behavior_header,payload_positioned",combina cabecalho/fluxo com payload posicionado; todos os contents possuem offset/depth/distance/within,"alert tcp $HOME_NET any -> $EXTERNAL_NET any ( msg:""MALWARE-CNC Win.Trojan.Gh0st variant outbound connection""; flow:to_server,established; content:""Gh0st"",depth 5; content:""|00 00 00|"",within 3,distance 1; content:""|00 00 78 9C|"",within 4,distance 2; metadata:impact_flag red,ruleset community; reference:url,virustotal.com/en/file/a4fd37b8b9eabd0bfda7293acbb1b6c9f97f8cc3042f3f78ad2b11816e1f9a59/analysis/1425053730/; classtype:trojan-activity; sid:27964; rev:6; )"
2736,28012,MALWARE-CNC Win.Trojan.Bancos variant outbound connection,included,"behavior_header,payload_positioned",combina cabecalho/fluxo com payload posicionado; todos os contents possuem offset/depth/distance/within,"alert tcp $HOME_NET any -> $EXTERNAL_NET $HTTP_PORTS ( msg:""MALWARE-CNC Win.Trojan.Bancos variant outbound connection""; flow:to_server,established; http_client_body; content:""from=%20Nome..:"",depth 15; metadata:impact_flag red,ruleset community; service:http; reference:url,www.virustotal.com/en/file/d8870137f7f761055a2ac83b03eb3f8fe26015fa0ba99f41551ca59374c6a3ec/analysis/1365436849/; classtype:trojan-activity; sid:28012; rev:2; )"
2790,28552,INDICATOR-SCAN inbound probing for IPTUX messenger port ,included,"behavior_header,payload_positioned",combina cabecalho/fluxo com payload posicionado; todos os contents possuem offset/depth/distance/within,"alert udp $EXTERNAL_NET 2425 -> $HOME_NET 2425 ( msg:""INDICATOR-SCAN inbound probing for IPTUX messenger port ""; flow:to_server; content:""iptux"",depth 5,offset 2; content:""lws|3A|lws"",within 7,distance 9; metadata:policy max-detect-ips drop,ruleset community; reference:url,attack.mitre.org/techniques/T1018; reference:url,attack.mitre.org/techniques/T1040; reference:url,attack.mitre.org/techniques/T1046; reference:url,github.com/iptux-src/iptux; classtype:misc-activity; sid:28552; rev:3; )"
2802,28805,MALWARE-CNC Win.Trojan.Palevo outbound connection,included,"behavior_header,payload_positioned",combina cabecalho/fluxo com payload posicionado; todos os contents possuem offset/depth/distance/within,"alert udp $HOME_NET any -> $EXTERNAL_NET 2090 ( msg:""MALWARE-CNC Win.Trojan.Palevo outbound connection""; flow:to_server; dsize:21; content:""|00 00|"",depth 2,offset 19; metadata:impact_flag red,ruleset community; reference:url,palevotracker.abuse.ch/?ipaddress=209.222.14.3; reference:url,palevotracker.abuse.ch/?ipaddress=31.170.179.179; classtype:trojan-activity; sid:28805; rev:5; )"
2826,28986,MALWARE-CNC Win.Worm.Neeris IRCbot variant outbound connection,included,"behavior_header,payload_positioned",combina cabecalho/fluxo com payload posicionado; todos os contents possuem offset/depth/distance/within,"alert tcp $HOME_NET any -> $EXTERNAL_NET any ( msg:""MALWARE-CNC Win.Worm.Neeris IRCbot variant outbound connection""; flow:to_server,established; content:""JOIN #biz abc|0D 0A|"",depth 15; metadata:impact_flag red,ruleset community; service:irc; reference:url,www.virustotal.com/en/file/0a8f320fc7535f164bbd9d0e462fd459c55ff448cf5e84dc2115f2f4aa800e6b/analysis/1387176826/; classtype:trojan-activity; sid:28986; rev:3; )"
2827,28987,MALWARE-CNC Win.Worm.Steckt IRCbot variant outbound connection,included,"behavior_header,payload_positioned",combina cabecalho/fluxo com payload posicionado; todos os contents possuem offset/depth/distance/within,"alert tcp $HOME_NET any -> $EXTERNAL_NET any ( msg:""MALWARE-CNC Win.Worm.Steckt IRCbot variant outbound connection""; flow:to_server,established; content:""JOIN #n jobs|0D 0A|"",depth 14; metadata:impact_flag red,ruleset community; service:irc; reference:url,www.virustotal.com/en/file/480eb4aa76a55ad7b0db128138113615ca834f9e6c62f798f54c8ac0759657fe/analysis/1387177714/; reference:url,www.virustotal.com/en/file/5b1d04b7504a3ac1befe4408fd4f9cd877b92661db47a75f197924cb660551d3/analysis/1387178129/; classtype:trojan-activity; sid:28987; rev:3; )"
2828,28988,MALWARE-CNC Win.Worm.Steckt IRCbot variant outbound connection,included,"behavior_header,payload_positioned",combina cabecalho/fluxo com payload posicionado; todos os contents possuem offset/depth/distance/within,"alert tcp $HOME_NET any -> $EXTERNAL_NET any ( msg:""MALWARE-CNC Win.Worm.Steckt IRCbot variant outbound connection""; flow:to_server,established; content:""JOIN #test1|20 7C 0D 0A|JOIN #test2|20 7C 0D 0A|JOIN #test3 (null)|0D 0A|"",depth 50; metadata:impact_flag red,ruleset community; service:irc; reference:url,www.virustotal.com/en/file/480eb4aa76a55ad7b0db128138113615ca834f9e6c62f798f54c8ac0759657fe/analysis/1387177714/; reference:url,www.virustotal.com/en/file/5b1d04b7504a3ac1befe4408fd4f9cd877b92661db47a75f197924cb660551d3/analysis/1387178129/; classtype:trojan-activity; sid:28988; rev:3; )"
2841,29349,MALWARE-CNC Win.Trojan.Zusy variant outbound connection,included,"behavior_header,payload_positioned",combina cabecalho/fluxo com payload posicionado; todos os contents possuem offset/depth/distance/within,"alert tcp $HOME_NET any -> $EXTERNAL_NET $HTTP_PORTS ( msg:""MALWARE-CNC Win.Trojan.Zusy variant outbound connection""; flow:to_server,established; http_client_body; content:""rotina=UPDATE&tip=stat&nome="",depth 28,fast_pattern; content:""&tmp="",distance 0; content:""&stat="",distance 0; metadata:impact_flag red,ruleset community; service:http; reference:url,www.virustotal.com/en/file/6fdd7c0630ea89a58cdc1f3fb74bf5a99732bd5649a39411868bf71e90cfdc84/analysis/1389362066/; classtype:trojan-activity; sid:29349; rev:2; )"
2853,29454,PROTOCOL-ICMP Unusual L3retriever Ping detected,included,"behavior_header,payload_positioned",combina cabecalho/fluxo com payload posicionado; todos os contents possuem offset/depth/distance/within,"alert icmp $HOME_NET any -> $EXTERNAL_NET any ( msg:""PROTOCOL-ICMP Unusual L3retriever Ping detected""; icode:0; itype:8; dsize:>32; content:""ABCDEFGHIJKLMNOPQRSTUVWABCDEFGHI"",depth 32; metadata:policy max-detect-ips drop,ruleset community; reference:url,krebsonsecurity.com/2014/01/a-closer-look-at-the-target-malware-part-ii/; reference:url,krebsonsecurity.com/2014/01/a-first-look-at-the-target-intrusion-malware/; classtype:successful-recon-limited; sid:29454; rev:2; )"
2854,29455,PROTOCOL-ICMP Unusual Microsoft Windows Ping detected,included,"behavior_header,payload_positioned",combina cabecalho/fluxo com payload posicionado; todos os contents possuem offset/depth/distance/within,"alert icmp $HOME_NET any -> $EXTERNAL_NET any ( msg:""PROTOCOL-ICMP Unusual Microsoft Windows Ping detected""; icode:0; itype:8; dsize:>32; content:""0123456789abcdefghijklmnopqrstuv"",depth 32; metadata:policy max-detect-ips drop,ruleset community; reference:url,krebsonsecurity.com/2014/01/a-closer-look-at-the-target-malware-part-ii/; reference:url,krebsonsecurity.com/2014/01/a-first-look-at-the-target-intrusion-malware/; classtype:successful-recon-limited; sid:29455; rev:2; )"
2856,29457,PROTOCOL-ICMP Unusual Microsoft Windows 7 Ping detected,included,"behavior_header,payload_positioned",combina cabecalho/fluxo com payload posicionado; todos os contents possuem offset/depth/distance/within,"alert icmp $HOME_NET any -> $EXTERNAL_NET any ( msg:""PROTOCOL-ICMP Unusual Microsoft Windows 7 Ping detected""; icode:0; itype:8; dsize:>32; content:""abcdefghijklmnopqrstuvwabcdefghi"",depth 32; metadata:policy max-detect-ips drop,ruleset community; reference:url,krebsonsecurity.com/2014/01/a-closer-look-at-the-target-malware-part-ii/; reference:url,krebsonsecurity.com/2014/01/a-first-look-at-the-target-intrusion-malware/; classtype:successful-recon-limited; sid:29457; rev:2; )"
2858,29569,MALWARE-CNC Linux.Backdoor.Shellbot outbound connection,included,"behavior_header,payload_positioned",combina cabecalho/fluxo com payload posicionado; todos os contents possuem offset/depth/distance/within,"alert tcp $HOME_NET any -> $EXTERNAL_NET $HTTP_PORTS ( msg:""MALWARE-CNC Linux.Backdoor.Shellbot outbound connection""; flow:to_server,established; content:""JOIN|20|#vnc|0A|"",depth 10; content:""PRIVMSG|20|#vnc|20 3A|"",within 14; content:""status checking program online"",within 30,distance 7,nocase; metadata:impact_flag red,ruleset community; service:irc; reference:url,www.virustotal.com/en/file/8eb6c4a844cbfe98db78aef08a634c460c7c9f7d576b62444114306effb4023d/analysis/1390763713/; classtype:trojan-activity; sid:29569; rev:3; )"
2913,30510,SERVER-OTHER OpenSSL SSLv3 heartbeat read overrun attempt,included,"behavior_header,payload_positioned",combina cabecalho/fluxo com payload posicionado; todos os contents possuem offset/depth/distance/within,"alert tcp $EXTERNAL_NET any -> $HOME_NET [21,25,443,465,636,992,993,995,2484] ( msg:""SERVER-OTHER OpenSSL SSLv3 heartbeat read overrun attempt""; flow:to_server,established,only_stream; content:""|18 03 00|"",depth 3; detection_filter:track by_src,count 3,seconds 1; metadata:policy balanced-ips drop,policy max-detect-ips drop,policy security-ips drop,ruleset community; service:ssl; reference:cve,2014-0160; classtype:attempted-recon; sid:30510; rev:8; )"
2914,30511,SERVER-OTHER OpenSSL TLSv1 heartbeat read overrun attempt,included,"behavior_header,payload_positioned",combina cabecalho/fluxo com payload posicionado; todos os contents possuem offset/depth/distance/within,"alert tcp $EXTERNAL_NET any -> $HOME_NET [21,25,443,465,636,992,993,995,2484] ( msg:""SERVER-OTHER OpenSSL TLSv1 heartbeat read overrun attempt""; flow:to_server,established,only_stream; content:""|18 03 01|"",depth 3; detection_filter:track by_src,count 3,seconds 1; metadata:policy balanced-ips drop,policy max-detect-ips drop,policy security-ips drop,ruleset community; service:ssl; reference:cve,2014-0160; classtype:attempted-recon; sid:30511; rev:8; )"
2915,30512,SERVER-OTHER OpenSSL TLSv1.1 heartbeat read overrun attempt,included,"behavior_header,payload_positioned",combina cabecalho/fluxo com payload posicionado; todos os contents possuem offset/depth/distance/within,"alert tcp $EXTERNAL_NET any -> $HOME_NET [21,25,443,465,636,992,993,995,2484] ( msg:""SERVER-OTHER OpenSSL TLSv1.1 heartbeat read overrun attempt""; flow:to_server,established,only_stream; content:""|18 03 02|"",depth 3; detection_filter:track by_src,count 3,seconds 1; metadata:policy balanced-ips drop,policy max-detect-ips drop,policy security-ips drop,ruleset community; service:ssl; reference:cve,2014-0160; classtype:attempted-recon; sid:30512; rev:8; )"
2916,30513,SERVER-OTHER OpenSSL TLSv1.2 heartbeat read overrun attempt,included,"behavior_header,payload_positioned",combina cabecalho/fluxo com payload posicionado; todos os contents possuem offset/depth/distance/within,"alert tcp $EXTERNAL_NET any -> $HOME_NET [21,25,443,465,636,992,993,995,2484] ( msg:""SERVER-OTHER OpenSSL TLSv1.2 heartbeat read overrun attempt""; flow:to_server,established,only_stream; content:""|18 03 03|"",depth 3; detection_filter:track by_src,count 3,seconds 1; metadata:policy balanced-ips drop,policy max-detect-ips drop,policy security-ips drop,ruleset community; service:ssl; reference:cve,2014-0160; classtype:attempted-recon; sid:30513; rev:8; )"
2917,30514,SERVER-OTHER OpenSSL SSLv3 large heartbeat response - possible ssl heartbleed attempt,included,"behavior_header,payload_positioned",combina cabecalho/fluxo com payload posicionado; todos os contents possuem offset/depth/distance/within,"alert tcp $HOME_NET [21,25,443,465,636,992,993,995,2484] -> $EXTERNAL_NET any ( msg:""SERVER-OTHER OpenSSL SSLv3 large heartbeat response - possible ssl heartbleed attempt""; flow:to_client,established,only_stream; content:""|18 03 00|"",depth 3; byte_test:2,>,128,0,relative; content:""|02|"",within 1,distance 2; metadata:policy balanced-ips drop,policy max-detect-ips drop,policy security-ips drop,ruleset community; service:ssl; reference:cve,2014-0160; classtype:attempted-recon; sid:30514; rev:11; )"
2918,30515,SERVER-OTHER OpenSSL TLSv1 large heartbeat response - possible ssl heartbleed attempt,included,"behavior_header,payload_positioned",combina cabecalho/fluxo com payload posicionado; todos os contents possuem offset/depth/distance/within,"alert tcp $HOME_NET [21,25,443,465,636,992,993,995,2484] -> $EXTERNAL_NET any ( msg:""SERVER-OTHER OpenSSL TLSv1 large heartbeat response - possible ssl heartbleed attempt""; flow:to_client,established,only_stream; content:""|18 03 01|"",depth 3; byte_test:2,>,128,0,relative; content:""|02|"",within 1,distance 2; metadata:policy balanced-ips drop,policy max-detect-ips drop,policy security-ips drop,ruleset community; service:ssl; reference:cve,2014-0160; classtype:attempted-recon; sid:30515; rev:11; )"
2919,30516,SERVER-OTHER OpenSSL TLSv1.1 large heartbeat response - possible ssl heartbleed attempt,included,"behavior_header,payload_positioned",combina cabecalho/fluxo com payload posicionado; todos os contents possuem offset/depth/distance/within,"alert tcp $HOME_NET [21,25,443,465,636,992,993,995,2484] -> $EXTERNAL_NET any ( msg:""SERVER-OTHER OpenSSL TLSv1.1 large heartbeat response - possible ssl heartbleed attempt""; flow:to_client,established,only_stream; content:""|18 03 02|"",depth 3; byte_test:2,>,128,0,relative; content:""|02|"",within 1,distance 2; metadata:policy balanced-ips drop,policy max-detect-ips drop,policy security-ips drop,ruleset community; service:ssl; reference:cve,2014-0160; classtype:attempted-recon; sid:30516; rev:11; )"
2920,30517,SERVER-OTHER OpenSSL TLSv1.2 large heartbeat response - possible ssl heartbleed attempt,included,"behavior_header,payload_positioned",combina cabecalho/fluxo com payload posicionado; todos os contents possuem offset/depth/distance/within,"alert tcp $HOME_NET [21,25,443,465,636,992,993,995,2484] -> $EXTERNAL_NET any ( msg:""SERVER-OTHER OpenSSL TLSv1.2 large heartbeat response - possible ssl heartbleed attempt""; flow:to_client,established,only_stream; content:""|18 03 03|"",depth 3; byte_test:2,>,128,0,relative; content:""|02|"",within 1,distance 2; metadata:policy balanced-ips drop,policy max-detect-ips drop,policy security-ips drop,ruleset community; service:ssl; reference:cve,2014-0160; classtype:attempted-recon; sid:30517; rev:11; )"
2921,30520,SERVER-OTHER OpenSSL SSLv3 heartbeat read overrun attempt - vulnerable client response,included,"behavior_header,payload_positioned",combina cabecalho/fluxo com payload posicionado; todos os contents possuem offset/depth/distance/within,"alert tcp $HOME_NET any -> $EXTERNAL_NET [21,25,443,465,636,992,993,995,2484] ( msg:""SERVER-OTHER OpenSSL SSLv3 heartbeat read overrun attempt - vulnerable client response""; flow:to_server,established,only_stream; content:""|18 03 00|"",depth 3; byte_test:2,>,128,3; detection_filter:track by_dst,count 2,seconds 5; metadata:policy balanced-ips drop,policy max-detect-ips drop,policy security-ips drop,ruleset community; service:ssl; reference:cve,2014-0160; classtype:attempted-recon; sid:30520; rev:9; )"
2922,30521,SERVER-OTHER OpenSSL TLSv1 heartbeat read overrun attempt - vulnerable client response,included,"behavior_header,payload_positioned",combina cabecalho/fluxo com payload posicionado; todos os contents possuem offset/depth/distance/within,"alert tcp $HOME_NET any -> $EXTERNAL_NET [21,25,443,465,636,992,993,995,2484] ( msg:""SERVER-OTHER OpenSSL TLSv1 heartbeat read overrun attempt - vulnerable client response""; flow:to_server,established,only_stream; content:""|18 03 01|"",depth 3; byte_test:2,>,128,3; detection_filter:track by_dst,count 2,seconds 5; metadata:policy balanced-ips drop,policy max-detect-ips drop,policy security-ips drop,ruleset community; service:ssl; reference:cve,2014-0160; classtype:attempted-recon; sid:30521; rev:9; )"
2923,30522,SERVER-OTHER OpenSSL TLSv1.1 heartbeat read overrun attempt - vulnerable client response,included,"behavior_header,payload_positioned",combina cabecalho/fluxo com payload posicionado; todos os contents possuem offset/depth/distance/within,"alert tcp $HOME_NET any -> $EXTERNAL_NET [21,25,443,465,636,992,993,995,2484] ( msg:""SERVER-OTHER OpenSSL TLSv1.1 heartbeat read overrun attempt - vulnerable client response""; flow:to_server,established,only_stream; content:""|18 03 02|"",depth 3; byte_test:2,>,128,3; detection_filter:track by_dst,count 2,seconds 5; metadata:policy balanced-ips drop,policy max-detect-ips drop,policy security-ips drop,ruleset community; service:ssl; reference:cve,2014-0160; classtype:attempted-recon; sid:30522; rev:9; )"
2924,30523,SERVER-OTHER OpenSSL TLSv1.2 heartbeat read overrun attempt - vulnerable client response,included,"behavior_header,payload_positioned",combina cabecalho/fluxo com payload posicionado; todos os contents possuem offset/depth/distance/within,"alert tcp $HOME_NET any -> $EXTERNAL_NET [21,25,443,465,636,992,993,995,2484] ( msg:""SERVER-OTHER OpenSSL TLSv1.2 heartbeat read overrun attempt - vulnerable client response""; flow:to_server,established,only_stream; content:""|18 03 03|"",depth 3; byte_test:2,>,128,3; detection_filter:track by_dst,count 2,seconds 5; metadata:policy balanced-ips drop,policy max-detect-ips drop,policy security-ips drop,ruleset community; service:ssl; reference:cve,2014-0160; classtype:attempted-recon; sid:30523; rev:9; )"
2926,30525,SERVER-OTHER OpenSSL TLSv1.2 heartbeat read overrun attempt,included,"behavior_header,payload_positioned",combina cabecalho/fluxo com payload posicionado; todos os contents possuem offset/depth/distance/within,"alert tcp $EXTERNAL_NET any -> $HOME_NET [21,25,443,465,636,992,993,995,2484] ( msg:""SERVER-OTHER OpenSSL TLSv1.2 heartbeat read overrun attempt""; flow:to_server,established; isdataat:68; isdataat:!69; content:""|18 03 03 00 40|"",depth 5; metadata:policy balanced-ips drop,policy max-detect-ips drop,policy security-ips drop,ruleset community; service:ssl; reference:cve,2014-0160; classtype:attempted-recon; sid:30525; rev:4; )"
2949,30906,FILE-OTHER RARLAB WinRAR ZIP format filename spoof attempt,included,"behavior_header,payload_positioned",combina cabecalho/fluxo com payload posicionado; todos os contents possuem offset/depth/distance/within,"alert tcp $EXTERNAL_NET $FILE_DATA_PORTS -> $HOME_NET any ( msg:""FILE-OTHER RARLAB WinRAR ZIP format filename spoof attempt""; flow:to_client,established; flowbits:isset,file.zip; file_data; content:""|50 4B 03 04|"",depth 4; content:""|00 00|"",within 2,distance 24; content:"".exe"",within 64; flowbits:set,file.zip.winrar.spoof; flowbits:noalert; metadata:policy max-detect-ips alert,ruleset community; service:ftp-data,http,imap,pop3; reference:bugtraq,66383; reference:url,an7isec.blogspot.co.il/2014/03/winrar-file-extension-spoofing-0day.html; classtype:attempted-user; sid:30906; rev:3; )"
2950,30909,FILE-OTHER RARLAB WinRAR ZIP format filename spoof attempt,included,"behavior_header,payload_positioned",combina cabecalho/fluxo com payload posicionado; todos os contents possuem offset/depth/distance/within,"alert tcp $EXTERNAL_NET any -> $SMTP_SERVERS 25 ( msg:""FILE-OTHER RARLAB WinRAR ZIP format filename spoof attempt""; flow:to_server,established; flowbits:isset,file.zip; file_data; content:""|50 4B 03 04|"",depth 4; content:""|00 00|"",within 2,distance 24; content:"".exe"",within 64; flowbits:set,file.zip.winrar.spoof; flowbits:noalert; metadata:policy max-detect-ips alert,ruleset community; service:smtp; reference:bugtraq,66383; reference:url,an7isec.blogspot.co.il/2014/03/winrar-file-extension-spoofing-0day.html; classtype:attempted-user; sid:30909; rev:3; )"
2971,31136,MALWARE-CNC Win.Trojan.ZeroAccess inbound connection,included,"behavior_header,payload_positioned",combina cabecalho/fluxo com payload posicionado; todos os contents possuem offset/depth/distance/within,"alert udp $EXTERNAL_NET any -> $HOME_NET [16464,16465,16470,16471] ( msg:""MALWARE-CNC Win.Trojan.ZeroAccess inbound connection""; flow:to_server; dsize:16; content:""|28 94 8D AB|"",depth 4,offset 4; metadata:impact_flag red,ruleset community; reference:url,www.virustotal.com/file/50cdd9f6c5629630c8d8a3a4fe7d929d3c6463b2f9407d9a90703047e7db7ff9/analysis/; classtype:trojan-activity; sid:31136; rev:3; )"
3019,31871,FILE-IDENTIFY JPEG file magic detection,included,"behavior_header,payload_positioned",combina cabecalho/fluxo com payload posicionado; todos os contents possuem offset/depth/distance/within,"alert tcp $EXTERNAL_NET any -> $SMTP_SERVERS 25 ( msg:""FILE-IDENTIFY JPEG file magic detection""; flow:to_server,established; file_data; content:""|FF D8 FF|"",depth 3; flowbits:set,file.jpeg; flowbits:noalert; metadata:policy balanced-ips alert,policy max-detect-ips alert,policy security-ips alert,ruleset community; service:smtp; classtype:misc-activity; sid:31871; rev:11; )"
3038,32008,MALWARE-OTHER Fake Delta Ticket HTTP Response phishing attack,included,"behavior_header,payload_positioned",combina cabecalho/fluxo com payload posicionado; todos os contents possuem offset/depth/distance/within,"alert tcp $EXTERNAL_NET $HTTP_PORTS -> $HOME_NET any ( msg:""MALWARE-OTHER Fake Delta Ticket HTTP Response phishing attack""; flow:to_client,established; file_data; content:""PK"",depth 2; content:""DeltaTicket_ET-RM-"",distance 0,nocase; content:"".exe"",distance 0,nocase; metadata:impact_flag red,policy balanced-ips drop,policy max-detect-ips drop,policy security-ips drop,ruleset community; service:http; reference:url,attack.mitre.org/techniques/T1192; reference:url,www.satinfo.es/blog/tag/deltaticket_et-rm-0hj423891156-exe; classtype:trojan-activity; sid:32008; rev:3; )"
3056,32180,MALWARE-CNC Win.Backdoor.ZxShell connection incoming attempt,included,"behavior_header,payload_positioned",combina cabecalho/fluxo com payload posicionado; todos os contents possuem offset/depth/distance/within,"alert tcp $EXTERNAL_NET any -> $HOME_NET any ( msg:""MALWARE-CNC Win.Backdoor.ZxShell connection incoming attempt""; flow:to_client,established; isdataat:15; isdataat:!16; content:""|85 19 00 00 25 04 00 00|"",depth 8; metadata:impact_flag red,ruleset community; reference:url,virustotal.com/en/file/438ed90e1f69b5dcae2d30d241159aaed74f9d3125c60f1003915b2237978f7d/analysis/; classtype:trojan-activity; sid:32180; rev:4; )"
3057,32181,MALWARE-CNC Win.Backdoor.ZxShell connection outgoing attempt,included,"behavior_header,payload_positioned",combina cabecalho/fluxo com payload posicionado; todos os contents possuem offset/depth/distance/within,"alert tcp $HOME_NET any -> $EXTERNAL_NET any ( msg:""MALWARE-CNC Win.Backdoor.ZxShell connection outgoing attempt""; flow:to_server,established; isdataat:15; isdataat:!16; content:""|86 19 00 00 04 01 00 00|"",depth 8; metadata:impact_flag red,ruleset community; reference:url,virustotal.com/en/file/438ed90e1f69b5dcae2d30d241159aaed74f9d3125c60f1003915b2237978f7d/analysis/; classtype:trojan-activity; sid:32181; rev:4; )"
3084,32674,MALWARE-CNC Win.Trojan.Wiper variant outbound connection,included,"behavior_header,payload_positioned",combina cabecalho/fluxo com payload posicionado; todos os contents possuem offset/depth/distance/within,"alert tcp $HOME_NET any -> $EXTERNAL_NET [8000,8080] ( msg:""MALWARE-CNC Win.Trojan.Wiper variant outbound connection""; flow:to_server,established; isdataat:41; isdataat:!42; content:""(|00|"",depth 2; content:""|04 00 00 00|"",within 4,distance 36; metadata:impact_flag red,ruleset community; reference:url,virustotal.com/en/file/e2ecec43da974db02f624ecadc94baf1d21fd1a5c4990c15863bb9929f781a0a/analysis/; classtype:trojan-activity; sid:32674; rev:5; )"
3104,32913,MALWARE-BACKDOOR Win.Trojan.Wiper download attempt,included,"behavior_header,payload_positioned",combina cabecalho/fluxo com payload posicionado; todos os contents possuem offset/depth/distance/within,"alert tcp $EXTERNAL_NET $FILE_DATA_PORTS -> $HOME_NET any ( msg:""MALWARE-BACKDOOR Win.Trojan.Wiper download attempt""; flow:to_client,established; file_data; content:""|4C 4C|"",depth 2,offset 16; content:""|75 14 2A 2A|"",within 4,distance 4; metadata:impact_flag red,policy max-detect-ips drop,ruleset community; service:ftp-data,http,imap,pop3; reference:url,us-cert.gov/ncas/alerts/TA14-353A; classtype:trojan-activity; sid:32913; rev:2; )"
3108,32917,MALWARE-BACKDOOR Win.Trojan.Wiper inbound communication attempt,included,"behavior_header,payload_positioned",combina cabecalho/fluxo com payload posicionado; todos os contents possuem offset/depth/distance/within,"alert tcp $EXTERNAL_NET [547,8080,133,117,189,159] -> $HOME_NET any ( msg:""MALWARE-BACKDOOR Win.Trojan.Wiper inbound communication attempt""; flow:to_client,established; content:""|7B 08 2A 2A|"",offset 17; content:""|08 2A 2A 01 00|"",distance 0; metadata:impact_flag red,policy max-detect-ips drop,ruleset community; reference:url,us-cert.gov/ncas/alerts/TA14-353A; classtype:trojan-activity; sid:32917; rev:2; )"
3110,32919,MALWARE-OTHER Win.Trojan.Wiper download attempt,included,"behavior_header,payload_positioned",combina cabecalho/fluxo com payload posicionado; todos os contents possuem offset/depth/distance/within,"alert tcp $EXTERNAL_NET $FILE_DATA_PORTS -> $HOME_NET any ( msg:""MALWARE-OTHER Win.Trojan.Wiper download attempt""; flow:to_client,established; file_data; content:""|C9 06 D9 96 FC 37 23 5A FE F9 40 BA 4C 94 14 98|"",depth 16; metadata:impact_flag red,policy max-detect-ips drop,ruleset community; service:ftp-data,http,imap,pop3; reference:url,us-cert.gov/ncas/alerts/TA14-353A; classtype:trojan-activity; sid:32919; rev:2; )"
3111,32920,MALWARE-OTHER Win.Trojan.Wiper download attempt,included,"behavior_header,payload_positioned",combina cabecalho/fluxo com payload posicionado; todos os contents possuem offset/depth/distance/within,"alert tcp $EXTERNAL_NET $FILE_DATA_PORTS -> $HOME_NET any ( msg:""MALWARE-OTHER Win.Trojan.Wiper download attempt""; flow:to_client,established; file_data; content:""|AA 64 BA F2 56|"",depth 50; metadata:impact_flag red,policy max-detect-ips drop,ruleset community; service:ftp-data,http,imap,pop3; reference:url,us-cert.gov/ncas/alerts/TA14-353A; classtype:trojan-activity; sid:32920; rev:2; )"
3112,32921,MALWARE-OTHER Win.Trojan.Wiper download attempt,included,"behavior_header,payload_positioned",combina cabecalho/fluxo com payload posicionado; todos os contents possuem offset/depth/distance/within,"alert tcp $EXTERNAL_NET $FILE_DATA_PORTS -> $HOME_NET any ( msg:""MALWARE-OTHER Win.Trojan.Wiper download attempt""; flow:to_client,established; file_data; content:""|AA 74 BA F2 B9 75|"",depth 74; metadata:impact_flag red,policy max-detect-ips drop,ruleset community; service:ftp-data,http,imap,pop3; reference:url,us-cert.gov/ncas/alerts/TA14-353A; classtype:trojan-activity; sid:32921; rev:2; )"
3113,32922,MALWARE-OTHER Win.Trojan.Wiper listener download attempt,included,"behavior_header,payload_positioned",combina cabecalho/fluxo com payload posicionado; todos os contents possuem offset/depth/distance/within,"alert tcp $EXTERNAL_NET $FILE_DATA_PORTS -> $HOME_NET any ( msg:""MALWARE-OTHER Win.Trojan.Wiper listener download attempt""; flow:to_client,established; file_data; content:""|0C 1F 1F 1F 4D 5A 4C 4F 50 51 4C 5A 3F 2D 2F 2F 3F 50 54 3E 3E 3E|"",depth 22; metadata:impact_flag red,policy max-detect-ips drop,ruleset community; service:ftp-data,http,imap,pop3; reference:url,us-cert.gov/ncas/alerts/TA14-353A; classtype:trojan-activity; sid:32922; rev:2; )"
3114,32923,MALWARE-OTHER Win.Trojan.Wiper listener download attempt,included,"behavior_header,payload_positioned",combina cabecalho/fluxo com payload posicionado; todos os contents possuem offset/depth/distance/within,"alert tcp $EXTERNAL_NET $FILE_DATA_PORTS -> $HOME_NET any ( msg:""MALWARE-OTHER Win.Trojan.Wiper listener download attempt""; flow:to_client,established; file_data; content:""|D3 C4 D2 D1 CE CF D2 C4 A1 B3 B1 B1 A1 CE CA A0 A0 A0|"",depth 18; metadata:impact_flag red,policy max-detect-ips drop,ruleset community; service:ftp-data,http,imap,pop3; reference:url,us-cert.gov/ncas/alerts/TA14-353A; classtype:trojan-activity; sid:32923; rev:2; )"
3115,32924,MALWARE-OTHER Win.Trojan.Wiper listener download attempt,included,"behavior_header,payload_positioned",combina cabecalho/fluxo com payload posicionado; todos os contents possuem offset/depth/distance/within,"alert tcp $EXTERNAL_NET $FILE_DATA_PORTS -> $HOME_NET any ( msg:""MALWARE-OTHER Win.Trojan.Wiper listener download attempt""; flow:to_client,established; file_data; content:""|17 08 14 13 67 0F 13 13 17 67 15 02 16 12 02 14 13 78 47 47|"",depth 24; metadata:impact_flag red,policy max-detect-ips drop,ruleset community; service:ftp-data,http,imap,pop3; reference:url,us-cert.gov/ncas/alerts/TA14-353A; classtype:trojan-activity; sid:32924; rev:2; )"
3116,32925,MALWARE-OTHER Win.Trojan.Wiper listener download attempt,included,"behavior_header,payload_positioned",combina cabecalho/fluxo com payload posicionado; todos os contents possuem offset/depth/distance/within,"alert tcp $EXTERNAL_NET $FILE_DATA_PORTS -> $HOME_NET any ( msg:""MALWARE-OTHER Win.Trojan.Wiper listener download attempt""; flow:to_client,established; file_data; content:""|4F 50 4C 4B 3F 57 4B 4B 4F 3F 4D 5A 4E 4A 5A 4C 4B 20 1F|"",depth 23; metadata:impact_flag red,policy max-detect-ips drop,ruleset community; service:ftp-data,http,imap,pop3; reference:url,us-cert.gov/ncas/alerts/TA14-353A; classtype:trojan-activity; sid:32925; rev:2; )"
3117,32926,MALWARE-OTHER Win.Trojan.Wiper listener download attempt,included,"behavior_header,payload_positioned",combina cabecalho/fluxo com payload posicionado; todos os contents possuem offset/depth/distance/within,"alert tcp $EXTERNAL_NET $FILE_DATA_PORTS -> $HOME_NET any ( msg:""MALWARE-OTHER Win.Trojan.Wiper listener download attempt""; flow:to_client,established; file_data; content:""|15 02 14 17 08 09 14 02 67 75 77 77 67 08 0C 66 66 66|"",depth 22; metadata:impact_flag red,policy max-detect-ips drop,ruleset community; service:ftp-data,http,imap,pop3; reference:url,us-cert.gov/ncas/alerts/TA14-353A; classtype:trojan-activity; sid:32926; rev:2; )"
3122,32931,MALWARE-OTHER Win.Trojan.Wiper listener download attempt,included,"behavior_header,payload_positioned",combina cabecalho/fluxo com payload posicionado; todos os contents possuem offset/depth/distance/within,"alert tcp $EXTERNAL_NET $FILE_DATA_PORTS -> $HOME_NET any ( msg:""MALWARE-OTHER Win.Trojan.Wiper listener download attempt""; flow:to_client,established; file_data; content:""|D1 CE D2 D5 A1 C9 D5 D5 D1 A1 D3 C4 D0 D4 C4 D2 D5 BE|"",depth 18; metadata:impact_flag red,policy max-detect-ips drop,ruleset community; service:ftp-data,http,imap,pop3; reference:url,us-cert.gov/ncas/alerts/TA14-353A; classtype:trojan-activity; sid:32931; rev:2; )"
3123,32932,MALWARE-OTHER Win.Trojan.Wiper listener download attempt,included,"behavior_header,payload_positioned",combina cabecalho/fluxo com payload posicionado; todos os contents possuem offset/depth/distance/within,"alert tcp $EXTERNAL_NET $FILE_DATA_PORTS -> $HOME_NET any ( msg:""MALWARE-OTHER Win.Trojan.Wiper listener download attempt""; flow:to_client,established; file_data; content:""|17 08 14 13 67 0F 13 13 17 67 15 02 16 12 02 14 13 78|"",depth 18; metadata:impact_flag red,policy max-detect-ips drop,ruleset community; service:ftp-data,http,imap,pop3; reference:url,us-cert.gov/ncas/alerts/TA14-353A; classtype:trojan-activity; sid:32932; rev:2; )"
3172,33740,FILE-IMAGE Microsoft emf file download request,included,"behavior_header,payload_positioned",combina cabecalho/fluxo com payload posicionado; todos os contents possuem offset/depth/distance/within,"alert tcp $EXTERNAL_NET any -> $SMTP_SERVERS 25 ( msg:""FILE-IMAGE Microsoft emf file download request""; flow:to_server,established; flowbits:isset,file.emf; file_data; content:"" EMF"",depth 4,offset 40; metadata:policy max-detect-ips drop,ruleset community; service:smtp; reference:bugtraq,10120; reference:bugtraq,28819; reference:bugtraq,9707; reference:cve,2003-0906; reference:cve,2007-5746; reference:url,technet.microsoft.com/en-us/security/bulletin/MS04-011; reference:url,technet.microsoft.com/en-us/security/bulletin/MS04-032; reference:url,technet.microsoft.com/en-us/security/bulletin/MS05-053; reference:url,technet.microsoft.com/en-us/security/bulletin/MS06-001; classtype:misc-activity; sid:33740; rev:2; )"
3176,33825,OS-WINDOWS Microsoft Windows SMB NTLM NULL session attempt,included,"behavior_header,payload_positioned",combina cabecalho/fluxo com payload posicionado; todos os contents possuem offset/depth/distance/within,"alert tcp $EXTERNAL_NET any -> $HOME_NET [139,445] ( msg:""OS-WINDOWS Microsoft Windows SMB NTLM NULL session attempt""; flow:to_server,established; content:""|FF|SMB|73 00 00 00 00|"",depth 9,offset 4; content:""|00 00|"",within 2,distance 13; content:""|FF|"",within 1,distance 9; content:""NTLMSSP|00 03 00 00 00|"",within 100; content:""|00 00 00 00 40 00 00 00|"",within 8,distance 24; flowbits:set,smb.null_session; flowbits:noalert; metadata:policy max-detect-ips alert,policy security-ips alert,ruleset community; service:netbios-ssn; reference:bugtraq,1163; reference:cve,2000-0347; classtype:attempted-recon; sid:33825; rev:7; )"
3182,33885,MALWARE-CNC Win.Trojan.Gh0st variant outbound connection,included,"behavior_header,payload_positioned",combina cabecalho/fluxo com payload posicionado; todos os contents possuem offset/depth/distance/within,"alert tcp $HOME_NET any -> $EXTERNAL_NET any ( msg:""MALWARE-CNC Win.Trojan.Gh0st variant outbound connection""; flow:to_server,established; content:""KrisR"",depth 5; content:""|00 00 00|"",within 3,distance 1; content:""|00 00 78 9C|"",within 4,distance 2; metadata:impact_flag red,ruleset community; reference:url,virustotal.com/en/file/a4fd37b8b9eabd0bfda7293acbb1b6c9f97f8cc3042f3f78ad2b11816e1f9a59/analysis/1425053730/; classtype:trojan-activity; sid:33885; rev:2; )"
3224,34500,MALWARE-BACKDOOR Win.Backdoor.Wekby Torn variant outbound connection,included,"behavior_header,payload_positioned",combina cabecalho/fluxo com payload posicionado; todos os contents possuem offset/depth/distance/within,"alert tcp $HOME_NET any -> $EXTERNAL_NET any ( msg:""MALWARE-BACKDOOR Win.Backdoor.Wekby Torn variant outbound connection""; flow:to_server,established; isdataat:15; isdataat:!16; content:""|00 00 00 11 C8 00 00 00 00 00 00 00 00 00 00 00|"",depth 16,fast_pattern,fast_pattern_offset 0,fast_pattern_length 12; metadata:impact_flag red,policy balanced-ips drop,policy max-detect-ips drop,policy security-ips drop,ruleset community; reference:url,www.virustotal.com/en/file/1D6BCF409C85887861D587C8AABFC8C8393EA692FE93C0A6836BE507A7F75985/analysis/; classtype:trojan-activity; sid:34500; rev:4; )"
3225,34501,MALWARE-CNC Win.Backdoor.Wekby Torn variant outbound connection,included,"behavior_header,payload_positioned",combina cabecalho/fluxo com payload posicionado; todos os contents possuem offset/depth/distance/within,"alert tcp $HOME_NET any -> $EXTERNAL_NET any ( msg:""MALWARE-CNC Win.Backdoor.Wekby Torn variant outbound connection""; flow:to_server,established; isdataat:15; isdataat:!16; content:""|00 00 00 11 D0 00 00 00|"",depth 8; metadata:impact_flag red,ruleset community; reference:url,www.virustotal.com/en/file/1D6BCF409C85887861D587C8AABFC8C8393EA692FE93C0A6836BE507A7F75985/analysis/; classtype:trojan-activity; sid:34501; rev:3; )"
3245,35386,MALWARE-CNC Win.Trojan.Bedep initial outbound connection,included,"behavior_header,payload_positioned",combina cabecalho/fluxo com payload posicionado; todos os contents possuem offset/depth/distance/within,"alert tcp $HOME_NET any -> $EXTERNAL_NET $HTTP_PORTS ( msg:""MALWARE-CNC Win.Trojan.Bedep initial outbound connection""; flow:to_server,established; http_client_body; content:""protocolVersion|22|"",offset 2; content:""|22|rev|22|"",within 10; content:""|22|buildId|22|"",within 15; content:""|22|tags|22 3A|"",distance 0; content:""|22|type|22 3A 22|"",within 10; metadata:impact_flag red,ruleset community; service:http; reference:url,malware.dontneedcoffee.com/2015/07/a-fileless-ursnif-doing-some-pos.html; classtype:trojan-activity; sid:35386; rev:3; )"
3257,35852,FILE-IDENTIFY JPEG file upload detected,included,"behavior_header,payload_positioned",combina cabecalho/fluxo com payload posicionado; todos os contents possuem offset/depth/distance/within,"alert tcp $EXTERNAL_NET any -> $HOME_NET $HTTP_PORTS ( msg:""FILE-IDENTIFY JPEG file upload detected""; flow:to_server,established; file_data; content:""|FF D8 FF E1|"",depth 4; flowbits:set,file.jpeg; flowbits:noalert; metadata:policy balanced-ips alert,policy max-detect-ips alert,policy security-ips alert,ruleset community; service:http; classtype:misc-activity; sid:35852; rev:9; )"
3280,37814,POLICY-OTHER Polycom Botnet inbound connection attempt,included,"behavior_header,payload_positioned",combina cabecalho/fluxo com payload posicionado; todos os contents possuem offset/depth/distance/within,"alert tcp $EXTERNAL_NET any -> $HOME_NET 1720 ( msg:""POLICY-OTHER Polycom Botnet inbound connection attempt""; flow:to_server,established; content:""|03 00|"",depth 2; content:""|08|"",distance 2; content:""|05|"",distance 4; content:""MERA RTU"",within 100,fast_pattern; metadata:ruleset community; reference:url,support.polycom.com/global/documents/support/documentation/H_3_2_3_Botnet_Bulletin_v_1_2.pdf; classtype:trojan-activity; sid:37814; rev:4; )"
3281,37815,POLICY-OTHER Polycom Botnet inbound connection attempt,included,"behavior_header,payload_positioned",combina cabecalho/fluxo com payload posicionado; todos os contents possuem offset/depth/distance/within,"alert tcp $EXTERNAL_NET any -> $HOME_NET 1720 ( msg:""POLICY-OTHER Polycom Botnet inbound connection attempt""; flow:to_server,established; content:""|03 00|"",depth 2; content:""|08 02|"",within 2,distance 2; content:""EE|A8 C6|3"",within 80; content:""ooh323"",distance 6,fast_pattern; metadata:ruleset community; reference:url,support.polycom.com/global/documents/support/documentation/H_3_2_3_Botnet_Bulletin_v_1_2.pdf; classtype:trojan-activity; sid:37815; rev:4; )"
3291,38333,MALWARE-CNC Linux.Trojan.Bifrose outbound connection,included,"behavior_header,payload_positioned",combina cabecalho/fluxo com payload posicionado; todos os contents possuem offset/depth/distance/within,"alert tcp $HOME_NET any -> $EXTERNAL_NET $HTTP_PORTS ( msg:""MALWARE-CNC Linux.Trojan.Bifrose outbound connection""; flow:to_server; content:""|9B 4F B0 75 E2 76 96 04 5A F1 F9 43 D4 A2 6B|"",depth 15,offset 4; content:""|76 13 85 45 17 1B|"",within 6,distance 1; metadata:impact_flag red,ruleset community; service:http; reference:url,www.virustotal.com/en/file/0a0d7bed3c8aa0e0e87e484a37e62b0bd0e97981b0bea55f6f3607316831ba5d/analysis/; classtype:trojan-activity; sid:38333; rev:2; )"
3292,38353,MALWARE-CNC Win.Trojan.NetWiredRC variant connection setup,included,"behavior_header,payload_positioned",combina cabecalho/fluxo com payload posicionado; todos os contents possuem offset/depth/distance/within,"alert tcp $HOME_NET any -> $EXTERNAL_NET any ( msg:""MALWARE-CNC Win.Trojan.NetWiredRC variant connection setup""; flow:to_server,established; content:""|43 00 00 00 05|"",depth 5; isdataat:!79; metadata:impact_flag red,ruleset community; reference:url,www.circl.lu/pub/tr-23/; classtype:trojan-activity; sid:38353; rev:3; )"
3293,38354,MALWARE-CNC Win.Trojan.NetWiredRC variant failed read logs,included,"behavior_header,payload_positioned",combina cabecalho/fluxo com payload posicionado; todos os contents possuem offset/depth/distance/within,"alert tcp $HOME_NET any -> $EXTERNAL_NET any ( msg:""MALWARE-CNC Win.Trojan.NetWiredRC variant failed read logs""; flow:to_server,established; content:""|01 00 00 00 3C|"",depth 5; isdataat:4; isdataat:!5; metadata:impact_flag red,ruleset community; reference:url,www.circl.lu/pub/tr-23/; classtype:trojan-activity; sid:38354; rev:3; )"
3294,38355,MALWARE-CNC Win.Trojan.NetWiredRC variant keepalive,included,"behavior_header,payload_positioned",combina cabecalho/fluxo com payload posicionado; todos os contents possuem offset/depth/distance/within,"alert tcp $HOME_NET any -> $EXTERNAL_NET any ( msg:""MALWARE-CNC Win.Trojan.NetWiredRC variant keepalive""; flow:to_server,established; content:""|01 00 00 00 01|"",depth 5; isdataat:4; isdataat:!5; metadata:impact_flag red,ruleset community; reference:url,www.circl.lu/pub/tr-23/; classtype:trojan-activity; sid:38355; rev:3; )"
3295,38357,MALWARE-CNC Win.Trojan.NetWiredRC variant send credentials,included,"behavior_header,payload_positioned",combina cabecalho/fluxo com payload posicionado; todos os contents possuem offset/depth/distance/within,"alert tcp $HOME_NET any -> $EXTERNAL_NET any ( msg:""MALWARE-CNC Win.Trojan.NetWiredRC variant send credentials""; flow:to_server,established; content:""|01 00 00 00 3D|"",depth 5; isdataat:4; isdataat:!5; metadata:impact_flag red,ruleset community; reference:url,www.circl.lu/pub/tr-23/; classtype:trojan-activity; sid:38357; rev:3; )"
3296,38359,MALWARE-CNC Win.Trojan.NetWiredRC variant send mail credentials,included,"behavior_header,payload_positioned",combina cabecalho/fluxo com payload posicionado; todos os contents possuem offset/depth/distance/within,"alert tcp $HOME_NET any -> $EXTERNAL_NET any ( msg:""MALWARE-CNC Win.Trojan.NetWiredRC variant send mail credentials""; flow:to_server,established; content:""|01 00 00 00 41|"",depth 5; isdataat:!9; metadata:impact_flag red,ruleset community; reference:url,www.circl.lu/pub/tr-23/; classtype:trojan-activity; sid:38359; rev:3; )"
3320,38580,FILE-OFFICE RFT document malformed header,included,"behavior_header,payload_positioned",combina cabecalho/fluxo com payload posicionado; todos os contents possuem offset/depth/distance/within,"alert tcp $EXTERNAL_NET $FILE_DATA_PORTS -> $HOME_NET any ( msg:""FILE-OFFICE RFT document malformed header""; flow:to_client,established; flowbits:isset,file.rtf; file_data; content:""|7B 5C|rtvpn"",depth 7; metadata:policy balanced-ips drop,policy max-detect-ips drop,policy security-ips drop,ruleset community; service:ftp-data,http,imap,pop3; reference:cve,2015-1641; reference:url,technet.microsoft.com/en-us/security/bulletin/ms15-033; classtype:attempted-user; sid:38580; rev:2; )"
3321,38581,FILE-OFFICE RFT document malformed header,included,"behavior_header,payload_positioned",combina cabecalho/fluxo com payload posicionado; todos os contents possuem offset/depth/distance/within,"alert tcp $EXTERNAL_NET any -> $SMTP_SERVERS 25 ( msg:""FILE-OFFICE RFT document malformed header""; flow:to_server,established; flowbits:isset,file.rtf; file_data; content:""|7B 5C|rtvpn"",depth 7; metadata:policy balanced-ips drop,policy max-detect-ips drop,policy security-ips drop,ruleset community; service:smtp; reference:cve,2015-1641; reference:url,technet.microsoft.com/en-us/security/bulletin/ms15-033; classtype:attempted-user; sid:38581; rev:2; )"
3336,38886,MALWARE-CNC Win.Trojan.Bayrob variant outbound connection,included,"behavior_header,payload_positioned",combina cabecalho/fluxo com payload posicionado; todos os contents possuem offset/depth/distance/within,"alert tcp $HOME_NET any -> $EXTERNAL_NET any ( msg:""MALWARE-CNC Win.Trojan.Bayrob variant outbound connection""; flow:to_server,established; isdataat:7; isdataat:!8; content:""|4C 48 42 80 71 C2 A5 DF|"",depth 8; metadata:impact_flag red,ruleset community; reference:url,www.virustotal.com/en/file/6b6b91cd104f4a6d32b5187131d9053911607672076e6ed26ed51369e5329cad/analysis/1462889491/; classtype:trojan-activity; sid:38886; rev:4; )"
3347,39080,MALWARE-CNC Win.Trojan.NetWiredRC variant connection setup,included,"behavior_header,payload_positioned",combina cabecalho/fluxo com payload posicionado; todos os contents possuem offset/depth/distance/within,"alert tcp $HOME_NET any -> $EXTERNAL_NET any ( msg:""MALWARE-CNC Win.Trojan.NetWiredRC variant connection setup""; flow:to_server,established; content:""|3B 00 00 00 05|"",depth 5; isdataat:!64; metadata:impact_flag red,ruleset community; reference:url,www.virustotal.com/en/file/5db3b9ce06e334cb61279dd936a40be75df6732228bb692a7a84b1299eb09071/analysis/1464362377/; classtype:trojan-activity; sid:39080; rev:2; )"
3357,39526,FILE-OFFICE RTF document incorrect file magic attempt,included,"behavior_header,payload_positioned",combina cabecalho/fluxo com payload posicionado; todos os contents possuem offset/depth/distance/within,"alert tcp $EXTERNAL_NET $FILE_DATA_PORTS -> $HOME_NET any ( msg:""FILE-OFFICE RTF document incorrect file magic attempt""; flow:to_client,established; flowbits:isset,file.rtf; file_data; content:""|7B 5C|rt|0D 3C|"",depth 6; metadata:policy balanced-ips drop,policy max-detect-ips drop,policy security-ips drop,ruleset community; service:ftp-data,http,imap,pop3; reference:cve,2015-1641; reference:url,technet.microsoft.com/en-us/security/bulletin/ms15-033; classtype:attempted-user; sid:39526; rev:2; )"
3358,39527,FILE-OFFICE RTF document incorrect file magic attempt,included,"behavior_header,payload_positioned",combina cabecalho/fluxo com payload posicionado; todos os contents possuem offset/depth/distance/within,"alert tcp $EXTERNAL_NET any -> $SMTP_SERVERS 25 ( msg:""FILE-OFFICE RTF document incorrect file magic attempt""; flow:to_server,established; flowbits:isset,file.rtf; file_data; content:""|7B 5C|rt|0D 3C|"",depth 6; metadata:policy balanced-ips drop,policy max-detect-ips drop,policy security-ips drop,ruleset community; service:smtp; reference:cve,2015-1641; reference:url,technet.microsoft.com/en-us/security/bulletin/ms15-033; classtype:attempted-user; sid:39527; rev:2; )"
3361,39573,MALWARE-CNC Win.Backdoor.NanoBot variant outbound connection,included,"behavior_header,payload_positioned",combina cabecalho/fluxo com payload posicionado; todos os contents possuem offset/depth/distance/within,"alert tcp $HOME_NET any -> $EXTERNAL_NET any ( msg:""MALWARE-CNC Win.Backdoor.NanoBot variant outbound connection""; flow:to_server,established; isdataat:11; isdataat:!12; content:""|08 00 00 00 27 C7 CC 6B C2 FD 13 0E|"",depth 12; metadata:impact_flag red,ruleset community; reference:url,www.virustotal.com/en/file/d74fcf6b8f2f1c3a1ed742feb3f323f7826e9fc79a3d642082cee46770a4697a/analysis/1461003042/; classtype:trojan-activity; sid:39573; rev:4; )"
3362,39574,MALWARE-CNC Win.Backdoor.NanoBot variant outbound connection,included,"behavior_header,payload_positioned",combina cabecalho/fluxo com payload posicionado; todos os contents possuem offset/depth/distance/within,"alert tcp $HOME_NET any -> $EXTERNAL_NET any ( msg:""MALWARE-CNC Win.Backdoor.NanoBot variant outbound connection""; flow:to_server,established; isdataat:11; isdataat:!12; content:""|08 00 00 00 D7 75 FF F7 C7 62 B9 82|"",depth 12; metadata:impact_flag red,ruleset community; reference:url,www.virustotal.com/en/file/d74fcf6b8f2f1c3a1ed742feb3f323f7826e9fc79a3d642082cee46770a4697a/analysis/1461003042/; classtype:trojan-activity; sid:39574; rev:4; )"
3363,39575,MALWARE-CNC Win.Backdoor.NanoBot variant outbound connection,included,"behavior_header,payload_positioned",combina cabecalho/fluxo com payload posicionado; todos os contents possuem offset/depth/distance/within,"alert tcp $HOME_NET any -> $EXTERNAL_NET [9000:] ( msg:""MALWARE-CNC Win.Backdoor.NanoBot variant outbound connection""; flow:to_server,established; isdataat:67; isdataat:!68; content:""|40 00 00 00|"",depth 4; byte_test:1,>,2,0,relative; content:!""|0A|"",within 1,distance 1; metadata:impact_flag red,ruleset community; reference:url,www.virustotal.com/en/file/d74fcf6b8f2f1c3a1ed742feb3f323f7826e9fc79a3d642082cee46770a4697a/analysis/1461003042/; classtype:trojan-activity; sid:39575; rev:6; )"
3364,39576,MALWARE-CNC Win.Backdoor.NanoBot variant outbound connection,included,"behavior_header,payload_positioned",combina cabecalho/fluxo com payload posicionado; todos os contents possuem offset/depth/distance/within,"alert tcp $HOME_NET any -> $EXTERNAL_NET [9000:] ( msg:""MALWARE-CNC Win.Backdoor.NanoBot variant outbound connection""; flow:to_server,established; isdataat:35; isdataat:!36; content:""|20 00 00 00 AD|"",depth 5; metadata:impact_flag red,ruleset community; reference:url,www.virustotal.com/en/file/d74fcf6b8f2f1c3a1ed742feb3f323f7826e9fc79a3d642082cee46770a4697a/analysis/1461003042/; classtype:trojan-activity; sid:39576; rev:5; )"
3365,39577,MALWARE-CNC Win.Backdoor.NanoBot variant outbound connection,included,"behavior_header,payload_positioned",combina cabecalho/fluxo com payload posicionado; todos os contents possuem offset/depth/distance/within,"alert tcp $HOME_NET any -> $EXTERNAL_NET any ( msg:""MALWARE-CNC Win.Backdoor.NanoBot variant outbound connection""; flow:to_server,established; isdataat:11; isdataat:!12; content:""|08 00 00 00 86 CC 02 89 8F F7 A6 67|"",depth 12; metadata:impact_flag red,ruleset community; reference:url,www.virustotal.com/en/file/0a19499dec07ca2ade3aefdf910e13231d63d7a2e238776272b4fffd0ff3a527/analysis/1467727738/; classtype:trojan-activity; sid:39577; rev:4; )"
3366,39578,MALWARE-CNC Win.Backdoor.NanoBot variant inbound connection,included,"behavior_header,payload_positioned",combina cabecalho/fluxo com payload posicionado; todos os contents possuem offset/depth/distance/within,"alert tcp $EXTERNAL_NET any -> $HOME_NET any ( msg:""MALWARE-CNC Win.Backdoor.NanoBot variant inbound connection""; flow:to_client,established; isdataat:35; isdataat:!36; content:""|20 00 00 00 FE A5 0D 55 BB 10 A4 09 7A D9 86 FF 6C 81 E6 97 7C 91 BC DA EE 89 08 2A|"",depth 28; metadata:impact_flag red,ruleset community; reference:url,www.virustotal.com/en/file/0a19499dec07ca2ade3aefdf910e13231d63d7a2e238776272b4fffd0ff3a527/analysis/1467727738/; classtype:trojan-activity; sid:39578; rev:4; )"
3367,39579,MALWARE-CNC Win.Backdoor.NanoBot variant outbound connection,included,"behavior_header,payload_positioned",combina cabecalho/fluxo com payload posicionado; todos os contents possuem offset/depth/distance/within,"alert tcp $HOME_NET any -> $EXTERNAL_NET any ( msg:""MALWARE-CNC Win.Backdoor.NanoBot variant outbound connection""; flow:to_server,established; isdataat:59; isdataat:!60; content:""|38 00 00 00 FE A5 0D 55 BB 10 A4 09 7A D9 86 FF 6C 81 E6 97 7C 91 BC DA EE 89 08 2A|"",depth 28; metadata:impact_flag red,ruleset community; reference:url,www.virustotal.com/en/file/0a19499dec07ca2ade3aefdf910e13231d63d7a2e238776272b4fffd0ff3a527/analysis/1467727738/; classtype:trojan-activity; sid:39579; rev:4; )"
3368,39580,MALWARE-CNC Win.Backdoor.NanoBot variant outbound connection,included,"behavior_header,payload_positioned",combina cabecalho/fluxo com payload posicionado; todos os contents possuem offset/depth/distance/within,"alert tcp $HOME_NET any -> $EXTERNAL_NET any ( msg:""MALWARE-CNC Win.Backdoor.NanoBot variant outbound connection""; flow:to_server,established; isdataat:67; isdataat:!68; content:""|40 00 00 00 FE A5 0D 55 BB 10 A4 09 7A D9 86 FF 6C 81 E6 97 7C 91 BC DA EE 89 08 2A|"",depth 28; metadata:impact_flag red,ruleset community; reference:url,www.virustotal.com/en/file/0a19499dec07ca2ade3aefdf910e13231d63d7a2e238776272b4fffd0ff3a527/analysis/1467727738/; classtype:trojan-activity; sid:39580; rev:4; )"
3369,39581,MALWARE-CNC Win.Trojan.NanoBot/Perseus initial outbound connection,included,"behavior_header,payload_positioned",combina cabecalho/fluxo com payload posicionado; todos os contents possuem offset/depth/distance/within,"alert tcp $HOME_NET any -> $EXTERNAL_NET any ( msg:""MALWARE-CNC Win.Trojan.NanoBot/Perseus initial outbound connection""; flow:to_server,established; isdataat:59; isdataat:!60; content:""|38 00 00 00 F5 13 89 53|"",depth 8; metadata:impact_flag red,ruleset community; reference:url,www.virustotal.com/en/file/4b16d1e205f198222bd2b2bb8dbd55886a9e2b79de484eec0d8cce5db376d3c8/analysis/; classtype:trojan-activity; sid:39581; rev:4; )"
3370,39582,MALWARE-CNC Win.Trojan.NanoBot/Perseus server heartbeat request attempt,included,"behavior_header,payload_positioned",combina cabecalho/fluxo com payload posicionado; todos os contents possuem offset/depth/distance/within,"alert tcp $EXTERNAL_NET any -> $HOME_NET any ( msg:""MALWARE-CNC Win.Trojan.NanoBot/Perseus server heartbeat request attempt""; flow:to_client,established; isdataat:35; isdataat:!36; content:""|20 00 00 00 2B FF 4B F4|"",depth 8; metadata:impact_flag red,ruleset community; reference:url,www.virustotal.com/en/file/4b16d1e205f198222bd2b2bb8dbd55886a9e2b79de484eec0d8cce5db376d3c8/analysis/; classtype:trojan-activity; sid:39582; rev:3; )"
3371,39583,MALWARE-CNC Win.Trojan.NanoBot/Perseus client heartbeat response attempt,included,"behavior_header,payload_positioned",combina cabecalho/fluxo com payload posicionado; todos os contents possuem offset/depth/distance/within,"alert tcp $HOME_NET any -> $EXTERNAL_NET any ( msg:""MALWARE-CNC Win.Trojan.NanoBot/Perseus client heartbeat response attempt""; flow:to_server,established; isdataat:51; isdataat:!52; content:""|30 00 00 00 2B FF 4B F4|"",depth 8; metadata:impact_flag red,ruleset community; reference:url,www.virustotal.com/en/file/4b16d1e205f198222bd2b2bb8dbd55886a9e2b79de484eec0d8cce5db376d3c8/analysis/; classtype:trojan-activity; sid:39583; rev:3; )"
3377,39801,MALWARE-CNC Win.Trojan.Spyrat variant outbound connection,included,"behavior_header,payload_positioned",combina cabecalho/fluxo com payload posicionado; todos os contents possuem offset/depth/distance/within,"alert tcp $HOME_NET any -> $EXTERNAL_NET 900 ( msg:""MALWARE-CNC Win.Trojan.Spyrat variant outbound connection""; flow:to_server,established; content:""myversion|7C|2.5.2."",depth 19; metadata:impact_flag red,ruleset community; reference:url,www.virustotal.com/en/file/e64f536556739d50a673a952da7f110f1156fad0f7360d401794e5a8d65ce63a/analysis/; classtype:trojan-activity; sid:39801; rev:2; )"
3382,40035,FILE-IDENTIFY XLSB file magic detected,included,"behavior_header,payload_positioned",combina cabecalho/fluxo com payload posicionado; todos os contents possuem offset/depth/distance/within,"alert tcp $EXTERNAL_NET $FILE_DATA_PORTS -> $HOME_NET any ( msg:""FILE-IDENTIFY XLSB file magic detected""; flow:to_client,established; file_data; content:""PK|03 04|"",depth 4; flowbits:set,file.zip; flowbits:set,file.xlsb; flowbits:noalert; metadata:policy balanced-ips alert,policy connectivity-ips alert,policy max-detect-ips alert,policy security-ips alert,ruleset community; service:ftp-data,http,imap,pop3; classtype:misc-activity; sid:40035; rev:10; )"
3383,40036,FILE-IDENTIFY XLSB file magic detected,included,"behavior_header,payload_positioned",combina cabecalho/fluxo com payload posicionado; todos os contents possuem offset/depth/distance/within,"alert tcp $EXTERNAL_NET any -> $SMTP_SERVERS 25 ( msg:""FILE-IDENTIFY XLSB file magic detected""; flow:to_server,established; file_data; content:""PK|03 04|"",depth 4; flowbits:set,file.zip; flowbits:set,file.xlsb; flowbits:noalert; metadata:policy balanced-ips alert,policy connectivity-ips alert,policy max-detect-ips alert,policy security-ips alert,ruleset community; service:smtp; classtype:misc-activity; sid:40036; rev:10; )"
3384,40063,OS-LINUX Linux Kernel Challenge ACK provocation attempt,included,"behavior_frequency,behavior_header","usa limite/frequencia de eventos sem depender do payload; usa apenas cabecalho, fluxo, flags ou metadados do pacote","alert tcp $EXTERNAL_NET any -> $HOME_NET any ( msg:""OS-LINUX Linux Kernel Challenge ACK provocation attempt""; flow:to_server,no_stream; flags:R; detection_filter:track by_src,count 200,seconds 1; metadata:policy max-detect-ips drop,ruleset community; reference:bugtraq,91704; reference:cve,2016-5696; reference:cve,2017-7285; classtype:attempted-admin; sid:40063; rev:5; )"
3386,40220,SERVER-OTHER Cisco IOS Group-Prime memory disclosure exfiltration attempt,included,"behavior_header,payload_positioned",combina cabecalho/fluxo com payload posicionado; todos os contents possuem offset/depth/distance/within,"alert udp $HOME_NET [500,848,4500,4848] -> $EXTERNAL_NET any ( msg:""SERVER-OTHER Cisco IOS Group-Prime memory disclosure exfiltration attempt""; flow:to_client; dsize:>2000; content:""|0B 10 05 00|"",depth 8,offset 16; byte_test:4,>,2000,4,relative; metadata:policy balanced-ips drop,policy max-detect-ips drop,policy security-ips drop,ruleset community; reference:cve,2016-6415; reference:url,attack.mitre.org/techniques/T1020; reference:url,tools.cisco.com/security/center/content/CiscoSecurityAdvisory/cisco-sa-20160916-ikev1; classtype:attempted-recon; sid:40220; rev:6; )"
3387,40221,SERVER-OTHER Cisco IOS Group-Prime MD5 memory disclosure attempt,included,"behavior_header,payload_positioned",combina cabecalho/fluxo com payload posicionado; todos os contents possuem offset/depth/distance/within,"alert udp $EXTERNAL_NET any -> $HOME_NET [500,848,4500,4848] ( msg:""SERVER-OTHER Cisco IOS Group-Prime MD5 memory disclosure attempt""; flow:to_server; dsize:>2000; content:""|00 00 00 00 00 00 00 00|"",depth 8,offset 8; content:""|00 00 00 01 00 00 00 01|"",depth 8,offset 32; content:""|01 01 04 01|"",within 4,distance 4; content:""|80 02 00 01 80 04 00 01 00 06|"",distance 0,fast_pattern; byte_test:2,>,2000,0,relative; metadata:policy balanced-ips drop,policy max-detect-ips drop,policy security-ips drop,ruleset community; reference:cve,2016-6415; reference:url,tools.cisco.com/security/center/content/CiscoSecurityAdvisory/cisco-sa-20160916-ikev1; classtype:attempted-recon; sid:40221; rev:5; )"
3388,40222,SERVER-OTHER Cisco IOS Group-Prime SHA memory disclosure attempt,included,"behavior_header,payload_positioned",combina cabecalho/fluxo com payload posicionado; todos os contents possuem offset/depth/distance/within,"alert udp $EXTERNAL_NET any -> $HOME_NET [500,848,4500,4848] ( msg:""SERVER-OTHER Cisco IOS Group-Prime SHA memory disclosure attempt""; flow:to_server; dsize:>2000; content:""|00 00 00 00 00 00 00 00|"",depth 8,offset 8; content:""|00 00 00 01 00 00 00 01|"",depth 8,offset 32; content:""|01 01 04 01|"",within 4,distance 4; content:""|80 02 00 02 80 04 00 01 00 06|"",distance 0,fast_pattern; byte_test:2,>,2000,0,relative; metadata:policy balanced-ips drop,policy max-detect-ips drop,policy security-ips drop,ruleset community; reference:cve,2016-6415; reference:url,tools.cisco.com/security/center/content/CiscoSecurityAdvisory/cisco-sa-20160916-ikev1; classtype:attempted-recon; sid:40222; rev:5; )"
3402,40831,MALWARE-CNC Win.Backdoor.Houdini variant initial outbound connection,included,"behavior_header,payload_positioned",combina cabecalho/fluxo com payload posicionado; todos os contents possuem offset/depth/distance/within,"alert tcp $HOME_NET any -> $EXTERNAL_NET any ( msg:""MALWARE-CNC Win.Backdoor.Houdini variant initial outbound connection""; flow:to_server,established; content:""new_houdini|0D 0A|"",depth 13,offset 4; metadata:impact_flag red,ruleset community; classtype:trojan-activity; sid:40831; rev:3; )"
3403,40832,MALWARE-CNC Win.Backdoor.Houdini variant keylogger inbound init command attempt,included,"behavior_header,payload_positioned",combina cabecalho/fluxo com payload posicionado; todos os contents possuem offset/depth/distance/within,"alert tcp $EXTERNAL_NET any -> $HOME_NET any ( msg:""MALWARE-CNC Win.Backdoor.Houdini variant keylogger inbound init command attempt""; flow:to_client,established; isdataat:22; isdataat:!23; content:""silence_keylogger|0D 0A|"",depth 19,offset 4; metadata:impact_flag red,ruleset community; reference:url,attack.mitre.org/techniques/T1056; classtype:trojan-activity; sid:40832; rev:5; )"
3404,40833,MALWARE-CNC Win.Backdoor.Houdini variant screenshot inbound init command attempt,included,"behavior_header,payload_positioned",combina cabecalho/fluxo com payload posicionado; todos os contents possuem offset/depth/distance/within,"alert tcp $EXTERNAL_NET any -> $HOME_NET any ( msg:""MALWARE-CNC Win.Backdoor.Houdini variant screenshot inbound init command attempt""; flow:to_client; content:""screenshot_init|0D 0A|"",depth 17,offset 4; metadata:impact_flag red,ruleset community; classtype:trojan-activity; sid:40833; rev:2; )"
3405,40834,MALWARE-CNC Win.Backdoor.Houdini variant screenshot inbound silence command attempt,included,"behavior_header,payload_positioned",combina cabecalho/fluxo com payload posicionado; todos os contents possuem offset/depth/distance/within,"alert tcp $EXTERNAL_NET any -> $HOME_NET any ( msg:""MALWARE-CNC Win.Backdoor.Houdini variant screenshot inbound silence command attempt""; flow:to_client; isdataat:23; isdataat:!24; content:""silence_screenshot|0D 0A|"",depth 20,offset 4; metadata:impact_flag red,ruleset community; classtype:trojan-activity; sid:40834; rev:3; )"
3406,40835,MALWARE-CNC Win.Backdoor.Houdini variant screen_thumb inbound init command attempt,included,"behavior_header,payload_positioned",combina cabecalho/fluxo com payload posicionado; todos os contents possuem offset/depth/distance/within,"alert tcp $EXTERNAL_NET any -> $HOME_NET any ( msg:""MALWARE-CNC Win.Backdoor.Houdini variant screen_thumb inbound init command attempt""; flow:to_client,established; content:""screen_thumb|0D 0A|"",depth 14,offset 4; metadata:impact_flag red,ruleset community; classtype:trojan-activity; sid:40835; rev:2; )"
3412,40866,PROTOCOL-OTHER TP-Link TDDP SET_CONFIG type buffer overflow attempt,included,"behavior_header,payload_positioned",combina cabecalho/fluxo com payload posicionado; todos os contents possuem offset/depth/distance/within,"alert udp $EXTERNAL_NET any -> $HOME_NET 1040 ( msg:""PROTOCOL-OTHER TP-Link TDDP SET_CONFIG type buffer overflow attempt""; flow:to_server; dsize:>336; content:""|01 01 00|"",depth 3; byte_test:4,>=,0x0264,4,big; metadata:policy max-detect-ips drop,policy security-ips drop,ruleset community; reference:url,www.coresecurity.com/advisories/tp-link-tddp-multiple-vulnerabilities; classtype:attempted-user; sid:40866; rev:3; )"
3415,40907,PROTOCOL-OTHER TP-Link TDDP Get_config configuration leak attempt,included,"behavior_header,payload_positioned",combina cabecalho/fluxo com payload posicionado; todos os contents possuem offset/depth/distance/within,"alert udp $EXTERNAL_NET any -> $HOME_NET 1040 ( msg:""PROTOCOL-OTHER TP-Link TDDP Get_config configuration leak attempt""; flow:to_server; content:""|01 02 00|"",depth 3; content:""|00 00|"",within 2,distance 7; metadata:policy max-detect-ips drop,policy security-ips drop,ruleset community; reference:url,www.coresecurity.com/advisories/tp-link-tddp-multiple-vulnerabilities; classtype:attempted-recon; sid:40907; rev:2; )"
3417,40991,MALWARE-CNC Linux.DDoS.D93 outbound connection,included,"behavior_header,payload_positioned",combina cabecalho/fluxo com payload posicionado; todos os contents possuem offset/depth/distance/within,"alert tcp $HOME_NET any -> $EXTERNAL_NET 31337 ( msg:""MALWARE-CNC Linux.DDoS.D93 outbound connection""; flow:to_server; content:""|4E 0F 42 07 27|"",depth 5; isdataat:24; isdataat:!25; metadata:impact_flag red,ruleset community; service:http; reference:url,www.virustotal.com/en/file/2c017c94d9f40cba9a20e92c7c636e98de15c599bf004fa06508d701ab9e3068/analysis/; classtype:trojan-activity; sid:40991; rev:3; )"
3418,41095,SERVER-WEBAPP Netgear WNR2000 authentication bypass attempt,included,"behavior_header,payload_positioned",combina cabecalho/fluxo com payload posicionado; todos os contents possuem offset/depth/distance/within,"alert tcp $EXTERNAL_NET any -> $HOME_NET $HTTP_PORTS ( msg:""SERVER-WEBAPP Netgear WNR2000 authentication bypass attempt""; flow:to_server,established; http_uri; content:""/apply_noauth.cgi"",depth 17,nocase; metadata:policy max-detect-ips drop,policy security-ips drop,ruleset community; service:http; reference:cve,2016-10176; reference:url,seclists.org/fulldisclosure/2016/Dec/72; classtype:attempted-admin; sid:41095; rev:5; )"
3428,41374,MALWARE-CNC Win.Trojan.NetWiredRC variant registration message,included,"behavior_header,payload_positioned",combina cabecalho/fluxo com payload posicionado; todos os contents possuem offset/depth/distance/within,"alert tcp $HOME_NET any -> $EXTERNAL_NET any ( msg:""MALWARE-CNC Win.Trojan.NetWiredRC variant registration message""; flow:to_server,established; content:""|41 00 00 00 83|"",depth 5; isdataat:!79; metadata:impact_flag red,ruleset community; reference:url,virustotal.com/en/file/6f179a4dc1c0393b6f2dac5aaa9c20b120ced4e82ba257bb45e693472c56a88b/analysis/1484683135/; classtype:trojan-activity; sid:41374; rev:3; )"
3429,41375,MALWARE-CNC Win.Trojan.NetWiredRC variant check logs,included,"behavior_header,payload_positioned",combina cabecalho/fluxo com payload posicionado; todos os contents possuem offset/depth/distance/within,"alert tcp $HOME_NET any -> $EXTERNAL_NET any ( msg:""MALWARE-CNC Win.Trojan.NetWiredRC variant check logs""; flow:to_server,established; content:""|38 00 00 00 85|"",depth 5; isdataat:!79; metadata:impact_flag red,ruleset community; reference:url,virustotal.com/en/file/6f179a4dc1c0393b6f2dac5aaa9c20b120ced4e82ba257bb45e693472c56a88b/analysis/1484683135/; classtype:trojan-activity; sid:41375; rev:3; )"
3430,41376,MALWARE-CNC Win.Trojan.NetWiredRC variant keepalive,included,"behavior_header,payload_positioned",combina cabecalho/fluxo com payload posicionado; todos os contents possuem offset/depth/distance/within,"alert tcp $HOME_NET any -> $EXTERNAL_NET any ( msg:""MALWARE-CNC Win.Trojan.NetWiredRC variant keepalive""; flow:to_server,established; content:""|01 00 00 00 81|"",depth 5; isdataat:4; isdataat:!5; metadata:impact_flag red,ruleset community; reference:url,virustotal.com/en/file/6f179a4dc1c0393b6f2dac5aaa9c20b120ced4e82ba257bb45e693472c56a88b/analysis/1484683135/; classtype:trojan-activity; sid:41376; rev:3; )"
3441,41499,SERVER-SAMBA Microsoft Windows SMBv2/SMBv3 Buffer Overflow attempt,included,"behavior_header,payload_positioned",combina cabecalho/fluxo com payload posicionado; todos os contents possuem offset/depth/distance/within,"alert tcp $EXTERNAL_NET [139,445] -> $HOME_NET any ( msg:""SERVER-SAMBA Microsoft Windows SMBv2/SMBv3 Buffer Overflow attempt""; flow:to_client,established; content:""|FE|SMB|40 00|"",depth 6,offset 4; content:""|03 00|"",within 2,distance 6; byte_test:3,>,200,1; metadata:policy balanced-ips drop,policy connectivity-ips drop,policy max-detect-ips drop,policy security-ips drop,ruleset community; reference:cve,2017-0016; classtype:attempted-dos; sid:41499; rev:6; )"
3448,41711,MALWARE-CNC Win.Trojan.Houdini variant initial outbound connection,included,"behavior_header,payload_positioned",combina cabecalho/fluxo com payload posicionado; todos os contents possuem offset/depth/distance/within,"alert tcp $HOME_NET any -> $EXTERNAL_NET any ( msg:""MALWARE-CNC Win.Trojan.Houdini variant initial outbound connection""; flow:to_server,established; content:""new_slave|0D 0A|"",depth 11,offset 4; metadata:impact_flag red,ruleset community; reference:url,virustotal.com/en/file/8d75e47c04bb2cc0f4c2e973475d4ff1fc8f32039794e3ea5ca2494c66d80d3f/analysis/; classtype:trojan-activity; sid:41711; rev:2; )"
3459,41978,OS-WINDOWS Microsoft Windows SMB remote code execution attempt,included,"behavior_header,payload_positioned",combina cabecalho/fluxo com payload posicionado; todos os contents possuem offset/depth/distance/within,"alert tcp any any -> $HOME_NET 445 ( msg:""OS-WINDOWS Microsoft Windows SMB remote code execution attempt""; flow:to_server,established; content:""|FF|SMB3|00 00 00 00|"",depth 9,offset 4; byte_extract:2,26,TotalDataCount,relative,little; byte_test:2,>,TotalDataCount,20,relative,little; metadata:policy balanced-ips drop,policy connectivity-ips drop,policy max-detect-ips drop,policy security-ips drop,ruleset community; service:netbios-ssn; reference:cve,2017-0144; reference:cve,2017-0146; reference:url,blog.talosintelligence.com/2017/05/wannacry.html; reference:url,isc.sans.edu/forums/diary/ETERNALBLUE+Possible+Window+SMB+Buffer+Overflow+0Day/22304/; reference:url,technet.microsoft.com/en-us/security/bulletin/MS17-010; classtype:attempted-admin; sid:41978; rev:5; )"
3465,42225,MALWARE-CNC Win.Trojan.RedLeaves outbound connection,included,"behavior_header,payload_positioned",combina cabecalho/fluxo com payload posicionado; todos os contents possuem offset/depth/distance/within,"alert tcp $HOME_NET any -> $EXTERNAL_NET [995,80,53,443] ( msg:""MALWARE-CNC Win.Trojan.RedLeaves outbound connection""; flow:to_server,established; isdataat:11; isdataat:!12; content:""|7A 8D 9B DC|"",depth 4,offset 4; metadata:impact_flag red,ruleset community; reference:url,github.com/nccgroup/Cyber-Defence/blob/master/Technical%20Notes/Red%20Leaves/Red%20Leaves%20technical%20note%20v1.0.pdf; classtype:trojan-activity; sid:42225; rev:5; )"
3466,42255,OS-WINDOWS Microsoft Windows empty RDP cookie negotiation attempt,included,"behavior_header,payload_positioned",combina cabecalho/fluxo com payload posicionado; todos os contents possuem offset/depth/distance/within,"alert tcp $EXTERNAL_NET any -> $HOME_NET 3389 ( msg:""OS-WINDOWS Microsoft Windows empty RDP cookie negotiation attempt""; flow:to_server,established; content:""|08 E0 00 00 00 00|"",depth 6,offset 4; content:""|0D 0A|"",within 2,distance 1; isdataat:!1,relative; metadata:policy max-detect-ips drop,policy security-ips drop,ruleset community; service:rdp; reference:cve,2017-0176; reference:cve,2017-9073; reference:url,www.securitytracker.com/id/1038264; classtype:policy-violation; sid:42255; rev:4; )"
3467,42256,OS-WINDOWS Microsoft Windows SMB anonymous user session setup request detected,included,"behavior_header,payload_positioned",combina cabecalho/fluxo com payload posicionado; todos os contents possuem offset/depth/distance/within,"alert tcp any any -> $HOME_NET 445 ( msg:""OS-WINDOWS Microsoft Windows SMB anonymous user session setup request detected""; flow:to_server,established; content:""|FF|SMB|73 00 00 00 00|"",depth 13,offset 4; content:""|01 00 00 00 00 00 00 00|"",within 8,distance 38; content:""|00 00 00 00 00|"",within 5,distance 6; flowbits:set,smb.null_session; flowbits:noalert; metadata:policy max-detect-ips alert,policy security-ips alert,ruleset community; service:netbios-ssn; reference:url,msdn.microsoft.com/en-us/library/ee441638.aspx; classtype:policy-violation; sid:42256; rev:7; )"
3468,42331,MALWARE-CNC Win.Trojan.Doublepulsar variant process injection command,included,"behavior_header,payload_positioned",combina cabecalho/fluxo com payload posicionado; todos os contents possuem offset/depth/distance/within,"alert tcp any any -> $HOME_NET 445 ( msg:""MALWARE-CNC Win.Trojan.Doublepulsar variant process injection command""; flow:to_server,established; content:""|FF|SMB|32 00 00 00 00|"",depth 9,offset 4; content:""|42 00|"",within 2,distance 21; content:""|0E 00|"",within 2,distance 29; content:!""|00 00|"",within 2; flowbits:set,smb.trans2.mid66; metadata:impact_flag red,ruleset community; service:netbios-ssn; reference:url,attack.mitre.org/techniques/T1055; reference:url,countercept.com/our-thinking/analyzing-the-doublepulsar-kernel-dll-injection-technique/; reference:url,www.virustotal.com/file/15ffbb8d382cd2ff7b0bd4c87a7c0bffd1541c2fe86865af445123bc0b770d13/analysis/; classtype:trojan-activity; sid:42331; rev:5; )"
3469,42332,MALWARE-CNC Win.Trojan.Doublepulsar variant ping command,included,"behavior_header,payload_positioned",combina cabecalho/fluxo com payload posicionado; todos os contents possuem offset/depth/distance/within,"alert tcp any any -> $HOME_NET 445 ( msg:""MALWARE-CNC Win.Trojan.Doublepulsar variant ping command""; flow:to_server,established; content:""|FF|SMB|32 00 00 00 00|"",depth 9,offset 4; content:""|41 00|"",within 2,distance 21; content:""|0E 00 0D 00 00 00 00 00 00 00 00 00 00 00 00 00 00|"",within 17,distance 29,fast_pattern,fast_pattern_offset 0,fast_pattern_length 10; flowbits:set,smb.trans2.mid65; flowbits:noalert; metadata:policy balanced-ips alert,policy max-detect-ips alert,policy security-ips alert,ruleset community; service:netbios-ssn; reference:url,countercept.com/our-thinking/analyzing-the-doublepulsar-kernel-dll-injection-technique/; reference:url,www.virustotal.com/file/15ffbb8d382cd2ff7b0bd4c87a7c0bffd1541c2fe86865af445123bc0b770d13/analysis/; classtype:trojan-activity; sid:42332; rev:8; )"
3470,42338,OS-WINDOWS Microsoft Windows SMB large NT RENAME transaction request memory leak attempt,included,"behavior_header,payload_positioned",combina cabecalho/fluxo com payload posicionado; todos os contents possuem offset/depth/distance/within,"alert tcp any any -> $HOME_NET 445 ( msg:""OS-WINDOWS Microsoft Windows SMB large NT RENAME transaction request memory leak attempt""; flow:to_server,established; content:""|FF|SMB|A0|"",depth 5,offset 4; content:""|05 00|"",within 2,distance 64; byte_test:2,>,1024,0,relative,little; metadata:policy balanced-ips drop,policy max-detect-ips drop,policy security-ips drop,ruleset community; service:netbios-ssn; reference:url,msdn.microsoft.com/en-us/library/ee441910.aspx; reference:url,technet.microsoft.com/en-us/security/bulletin/MS17-010; classtype:attempted-recon; sid:42338; rev:3; )"
3473,42398,MALWARE-CNC Win.Trojan.RedLeaves outbound connection,included,"behavior_header,payload_positioned",combina cabecalho/fluxo com payload posicionado; todos os contents possuem offset/depth/distance/within,"alert tcp $HOME_NET any -> $EXTERNAL_NET [995,80,53,443] ( msg:""MALWARE-CNC Win.Trojan.RedLeaves outbound connection""; flow:to_server,established; content:""856"",depth 3,offset 1; content:""856|9A F3 EC 89|"",within 7,distance 1; metadata:impact_flag red,ruleset community; reference:url,github.com/nccgroup/Cyber-Defence/blob/master/Technical%20Notes/Red%20Leaves/Red%20Leaves%20technical%20note%20v1.0.pdf; classtype:trojan-activity; sid:42398; rev:4; )"
3485,42944,OS-WINDOWS Microsoft Windows SMB remote code execution attempt,included,"behavior_header,payload_positioned",combina cabecalho/fluxo com payload posicionado; todos os contents possuem offset/depth/distance/within,"alert tcp any any -> $HOME_NET 445 ( msg:""OS-WINDOWS Microsoft Windows SMB remote code execution attempt""; flow:to_server,established; content:""|FF|SMB|A0 00 00 00 00|"",depth 9,offset 4; content:""|01 00 00 00 00|"",within 5,distance 59; byte_test:4,>,0x8150,-33,relative,little; metadata:policy balanced-ips drop,policy connectivity-ips drop,policy max-detect-ips drop,policy security-ips drop,ruleset community; service:netbios-ssn; reference:cve,2017-0144; reference:cve,2017-0146; reference:url,isc.sans.edu/forums/diary/ETERNALBLUE+Possible+Window+SMB+Buffer+Overflow+0Day/22304/; reference:url,technet.microsoft.com/en-us/security/bulletin/MS17-010; classtype:attempted-admin; sid:42944; rev:2; )"
3488,43004,SERVER-SAMBA Samba is_known_pipe arbitrary module load code execution attempt,included,"behavior_header,payload_positioned",combina cabecalho/fluxo com payload posicionado; todos os contents possuem offset/depth/distance/within,"alert tcp any any -> $HOME_NET 445 ( msg:""SERVER-SAMBA Samba is_known_pipe arbitrary module load code execution attempt""; flow:to_server,established; flowbits:isset,smb.tree.connect.ipc; content:""|FF|SMB|A2 00 00 00 00|"",depth 9,offset 4; byte_test:2,=,0,1,relative,little,bitmask 0x8000; byte_extract:2,72,len,relative,little; content:""/"",within 1; content:""/"",within len,distance 1; metadata:policy balanced-ips drop,policy max-detect-ips drop,policy security-ips drop,ruleset community; service:netbios-ssn; reference:cve,2017-7494; reference:url,www.samba.org/samba/security/CVE-2017-7494.html; classtype:attempted-user; sid:43004; rev:5; )"
3491,43194,MALWARE-CNC Win.Trojan.HiddenCobra variant outbound connection,included,"behavior_header,payload_positioned",combina cabecalho/fluxo com payload posicionado; todos os contents possuem offset/depth/distance/within,"alert tcp $HOME_NET any -> $EXTERNAL_NET any ( msg:""MALWARE-CNC Win.Trojan.HiddenCobra variant outbound connection""; flow:to_server,established; content:""|1B 17 E9 E9 E9 E9|"",depth 6; metadata:impact_flag red,ruleset community; reference:url,www.us-cert.gov/ncas/alerts/TA17-164A; classtype:trojan-activity; sid:43194; rev:2; )"
3526,44643,SERVER-OTHER Mikrotik RouterOS denial of service attempt,included,"behavior_header,payload_positioned",combina cabecalho/fluxo com payload posicionado; todos os contents possuem offset/depth/distance/within,"alert tcp $EXTERNAL_NET any -> $HOME_NET 8291 ( msg:""SERVER-OTHER Mikrotik RouterOS denial of service attempt""; flow:to_server,established; content:""|12 02|"",depth 2; content:""|FF ED 00 00 00 00|"",distance 0; metadata:policy max-detect-ips drop,ruleset community; reference:cve,2012-6050; classtype:denial-of-service; sid:44643; rev:3; )"
3536,44763,MALWARE-CNC Win.Trojan.KopiLuwak variant outbound request detected,included,"behavior_header,payload_positioned",combina cabecalho/fluxo com payload posicionado; todos os contents possuem offset/depth/distance/within,"alert tcp $HOME_NET any -> $EXTERNAL_NET $HTTP_PORTS ( msg:""MALWARE-CNC Win.Trojan.KopiLuwak variant outbound request detected""; flow:to_server,established; http_client_body; content:""%D0%8BTl%DC"",depth 11; metadata:impact_flag red,ruleset community; service:http; reference:url,www.proofpoint.com/us/threat-insight/post/turla-apt-actor-refreshes-kopiluwak-javascript-backdoor-use-g20-themed-attack; classtype:trojan-activity; sid:44763; rev:2; )"
3538,44971,SERVER-OTHER QNAP transcode server command injection attempt,included,"behavior_header,payload_positioned",combina cabecalho/fluxo com payload posicionado; todos os contents possuem offset/depth/distance/within,"alert tcp $EXTERNAL_NET any -> $HOME_NET 9251 ( msg:""SERVER-OTHER QNAP transcode server command injection attempt""; flow:to_server,established; content:""|01 00 00 00|"",depth 4; content:""|7C|"",distance 0; content:""|09|"",within 50; metadata:policy max-detect-ips drop,ruleset community; reference:url,www.qnap.com/en-us/; classtype:attempted-admin; sid:44971; rev:3; )"
3565,45962,MALWARE-CNC Win.Trojan.Revenge RAT inbound heartbeat check,included,"behavior_header,payload_positioned",combina cabecalho/fluxo com payload posicionado; todos os contents possuem offset/depth/distance/within,"alert tcp $EXTERNAL_NET any -> $HOME_NET any ( msg:""MALWARE-CNC Win.Trojan.Revenge RAT inbound heartbeat check""; flow:to_client,established; content:""PNC|2A 2D 5D|NK|5B 2D 2A|"",depth 11; metadata:impact_flag red,policy balanced-ips drop,policy max-detect-ips drop,policy security-ips drop,ruleset community; reference:url,www.virustotal.com/en/file/518f7803ad1b8e630f50719d7cb3638ea5d67fa4d4387a55f44ddca4ef55a3ee/analysis/; reference:url,www.virustotal.com/en/file/79bdbf9ec639d5ccf3992e9c9fe9eeba21d191dc168194a80b50f3aa8068892a/analysis/; reference:url,www.virustotal.com/en/file/edb115dd5ca7c7f9dd069746daa0a4ee6298bf94de62510d3f8bebfa5f5a8bcd/analysis/; classtype:trojan-activity; sid:45962; rev:1; )"
3571,45977,OS-WINDOWS Microsoft Windows SMB kernel heap memory leak attempt,included,"behavior_header,payload_positioned",combina cabecalho/fluxo com payload posicionado; todos os contents possuem offset/depth/distance/within,"alert tcp $HOME_NET 445 -> any any ( msg:""OS-WINDOWS Microsoft Windows SMB kernel heap memory leak attempt""; flow:to_client,established; content:""|FF|SMB|A0|"",depth 5,offset 4; isdataat:127; content:""|FF FF FF FF|"",within 4,distance 123; byte_extract:4,28,ids; byte_test:4,=,ids,174,relative; byte_extract:2,0,uid,relative; byte_test:2,=,uid,172,relative; metadata:policy max-detect-ips drop,policy security-ips drop,ruleset community; service:netbios-ssn; reference:cve,2017-0143; reference:cve,2017-0146; reference:cve,2017-0147; reference:url,technet.microsoft.com/en-us/security/bulletin/MS17-010; classtype:attempted-recon; sid:45977; rev:2; )"
3572,45978,OS-WINDOWS Microsoft Windows SMB kernel heap memory leak attempt,included,"behavior_header,payload_positioned",combina cabecalho/fluxo com payload posicionado; todos os contents possuem offset/depth/distance/within,"alert tcp $HOME_NET 445 -> any any ( msg:""OS-WINDOWS Microsoft Windows SMB kernel heap memory leak attempt""; flow:to_client,established; content:""|FF|SMB|A0|"",depth 5,offset 4; isdataat:111; content:""|FA FF FF|"",within 3,distance 108; content:""|FA FF FF|"",distance 0; byte_extract:4,28,ids; byte_test:4,=,ids,242,relative; byte_extract:2,0,uid,relative; byte_test:2,=,uid,240,relative; metadata:policy max-detect-ips drop,policy security-ips drop,ruleset community; service:netbios-ssn; reference:cve,2017-0143; reference:cve,2017-0146; reference:cve,2017-0147; reference:url,technet.microsoft.com/en-us/security/bulletin/MS17-010; classtype:attempted-recon; sid:45978; rev:2; )"
3585,46076,NETBIOS MikroTik RouterOS buffer overflow attempt,included,"behavior_header,payload_positioned",combina cabecalho/fluxo com payload posicionado; todos os contents possuem offset/depth/distance/within,"alert tcp $EXTERNAL_NET any -> $HOME_NET [139,445] ( msg:""NETBIOS MikroTik RouterOS buffer overflow attempt""; flow:to_server,established; content:""|81 00|"",depth 2; byte_test:2,>,75,0,relative; byte_extract:2,0,len,relative; isdataat:!len,relative; isdataat:len; metadata:policy max-detect-ips drop,policy security-ips drop,ruleset community; service:netbios-ssn; reference:bugtraq,103427; reference:cve,2018-7445; classtype:attempted-user; sid:46076; rev:2; )"
3593,46121,PROTOCOL-OTHER use of undocumented ScMM test interface in Cisco small business devices detected,included,"behavior_header,payload_positioned",combina cabecalho/fluxo com payload posicionado; todos os contents possuem offset/depth/distance/within,"alert tcp $EXTERNAL_NET 32764 -> $HOME_NET any ( msg:""PROTOCOL-OTHER use of undocumented ScMM test interface in Cisco small business devices detected""; flow:to_client,established; isdataat:6; content:""MMcS"",depth 4; metadata:policy max-detect-ips drop,ruleset community; reference:cve,2014-0659; classtype:misc-activity; sid:46121; rev:3; )"
3594,46122,PROTOCOL-OTHER use of undocumented ScMM test interface in Cisco small business devices detected,included,"behavior_header,payload_positioned",combina cabecalho/fluxo com payload posicionado; todos os contents possuem offset/depth/distance/within,"alert tcp $EXTERNAL_NET 32764 -> $HOME_NET any ( msg:""PROTOCOL-OTHER use of undocumented ScMM test interface in Cisco small business devices detected""; flow:to_client,established; isdataat:6; content:""ScMM"",depth 4; metadata:policy max-detect-ips drop,ruleset community; reference:cve,2014-0659; classtype:misc-activity; sid:46122; rev:3; )"
3595,46123,PROTOCOL-OTHER use of undocumented ScMM test interface in Cisco small business devices detected,included,"behavior_header,payload_positioned",combina cabecalho/fluxo com payload posicionado; todos os contents possuem offset/depth/distance/within,"alert tcp $EXTERNAL_NET any -> $HOME_NET 32764 ( msg:""PROTOCOL-OTHER use of undocumented ScMM test interface in Cisco small business devices detected""; flow:to_server,established; isdataat:6; content:""MMcS"",depth 4; metadata:policy max-detect-ips drop,ruleset community; reference:cve,2014-0659; classtype:misc-activity; sid:46123; rev:3; )"
3596,46124,PROTOCOL-OTHER use of undocumented ScMM test interface in Cisco small business devices detected,included,"behavior_header,payload_positioned",combina cabecalho/fluxo com payload posicionado; todos os contents possuem offset/depth/distance/within,"alert tcp $EXTERNAL_NET any -> $HOME_NET 32764 ( msg:""PROTOCOL-OTHER use of undocumented ScMM test interface in Cisco small business devices detected""; flow:to_server,established; isdataat:6; content:""ScMM"",depth 4; metadata:policy max-detect-ips drop,ruleset community; reference:cve,2014-0659; classtype:misc-activity; sid:46124; rev:3; )"
3599,46137,MALWARE-CNC Win.Trojan.Cidox variant outbound connection attempt,included,"behavior_header,payload_positioned",combina cabecalho/fluxo com payload posicionado; todos os contents possuem offset/depth/distance/within,"alert tcp $HOME_NET any -> $EXTERNAL_NET 443 ( msg:""MALWARE-CNC Win.Trojan.Cidox variant outbound connection attempt""; flow:to_server,established; content:""POST /b/req/"",depth 12; content:"" HTTP/1.1|0D 0A|Accept: */*|0D 0A|Content-Type: application/octet-stream|0D 0A|Connection: Close|0D 0A|User-Agent: Mozilla/"",within 103,distance 24; content:"")|0D 0A|Host: "",distance 0; metadata:impact_flag red,policy max-detect-ips drop,policy security-ips drop,ruleset community; classtype:trojan-activity; sid:46137; rev:2; )"
3642,46487,MALWARE-CNC Win.Trojan.Ammy heartbeat,included,"behavior_header,payload_positioned",combina cabecalho/fluxo com payload posicionado; todos os contents possuem offset/depth/distance/within,"alert tcp $HOME_NET any -> $EXTERNAL_NET 443 ( msg:""MALWARE-CNC Win.Trojan.Ammy heartbeat""; flow:to_server,established; content:""id="",depth 3,offset 5; content:""&os="",within 4,distance 8; content:""&priv="",distance 0; content:""&cred="",distance 0; content:""&pcname="",distance 0; content:""&build_time="",distance 0,fast_pattern; content:""&card="",distance 0; metadata:impact_flag red,policy balanced-ips drop,policy max-detect-ips drop,policy security-ips drop,ruleset community; service:http; classtype:trojan-activity; sid:46487; rev:1; )"
3663,46747,MALWARE-CNC Win.Trojan.Qarallax outbound connection,included,"behavior_header,payload_positioned",combina cabecalho/fluxo com payload posicionado; todos os contents possuem offset/depth/distance/within,"alert tcp $HOME_NET any -> $EXTERNAL_NET any ( msg:""MALWARE-CNC Win.Trojan.Qarallax outbound connection""; flow:to_server,established; content:""|00 07|nemesis"",depth 10; metadata:impact_flag red,policy balanced-ips drop,policy max-detect-ips drop,policy security-ips drop,ruleset community; reference:url,www.virustotal.com/en/file/658f67dbf509fc017ace6db7ed38b3591fe72b9ba950a59054869cd718b4da2b/analysis; classtype:trojan-activity; sid:46747; rev:1; )"
3664,46748,MALWARE-CNC Win.Trojan.Qarallax outbound connection,included,"behavior_header,payload_positioned",combina cabecalho/fluxo com payload posicionado; todos os contents possuem offset/depth/distance/within,"alert tcp $HOME_NET any -> $EXTERNAL_NET any ( msg:""MALWARE-CNC Win.Trojan.Qarallax outbound connection""; flow:to_server,established; content:""|00 05|child|01 00 16|"",depth 11; content:""|22|magic|22|"",within 100; metadata:impact_flag red,policy balanced-ips drop,policy max-detect-ips drop,policy security-ips drop,ruleset community; reference:url,www.virustotal.com/en/file/658f67dbf509fc017ace6db7ed38b3591fe72b9ba950a59054869cd718b4da2b/analysis; classtype:trojan-activity; sid:46748; rev:1; )"
3689,46827,MALWARE-CNC Win.Trojan.Dunihi outbound connection,included,"behavior_header,payload_positioned",combina cabecalho/fluxo com payload posicionado; todos os contents possuem offset/depth/distance/within,"alert tcp $HOME_NET any -> $EXTERNAL_NET any ( msg:""MALWARE-CNC Win.Trojan.Dunihi outbound connection""; flow:to_server,established; content:""|00 00 A2 30 81 9F 30 0D 06 09 2A 86 48 86 F7 0D 01 01 01 05 00 03 81 8D 00 30 81 89 02 81 81 00|"",depth 32; metadata:impact_flag red,policy balanced-ips drop,policy max-detect-ips drop,policy security-ips drop,ruleset community; reference:url,www.virustotal.com/en/file/be442a5f8be3bf720236f71a613a534b8aa82b16b0daf8ff84a59bcb92e19e7d/analysis/; classtype:trojan-activity; sid:46827; rev:2; )"
3706,46983,INDICATOR-COMPROMISE Microsoft cmd.exe banner,included,"behavior_header,payload_positioned",combina cabecalho/fluxo com payload posicionado; todos os contents possuem offset/depth/distance/within,"alert tcp $HOME_NET !21:23 -> $EXTERNAL_NET any ( msg:""INDICATOR-COMPROMISE Microsoft cmd.exe banner""; flow:established; content:""Microsoft Windows"",depth 18; content:""Microsoft Corp"",within 250; metadata:policy max-detect-ips drop,ruleset community; reference:nessus,11633; classtype:successful-admin; sid:46983; rev:1; )"
3773,48984,PROTOCOL-SCADA PCOM Identification ASCII request ,included,"behavior_header,payload_positioned",combina cabecalho/fluxo com payload posicionado; todos os contents possuem offset/depth/distance/within,"alert tcp $EXTERNAL_NET any -> $HOME_NET 20256 ( msg:""PROTOCOL-SCADA PCOM Identification ASCII request ""; flow:to_server,established; byte_test:1,=,101,2; content:""ID"",depth 2,offset 9; metadata:policy max-detect-ips drop,ruleset community; reference:url,unitronicsplc.com; classtype:attempted-recon; sid:48984; rev:2; )"
3774,48985,PROTOCOL-SCADA PCOM Init Device ASCII request ,included,"behavior_header,payload_positioned",combina cabecalho/fluxo com payload posicionado; todos os contents possuem offset/depth/distance/within,"alert tcp $EXTERNAL_NET any -> $HOME_NET 20256 ( msg:""PROTOCOL-SCADA PCOM Init Device ASCII request ""; flow:to_server,established; byte_test:1,=,101,2; content:""CCI"",depth 3,offset 9; metadata:policy max-detect-ips drop,ruleset community; reference:url,unitronicsplc.com; classtype:attempted-dos; sid:48985; rev:2; )"
3775,48986,PROTOCOL-SCADA PCOM Set UnitID ASCII request ,included,"behavior_header,payload_positioned",combina cabecalho/fluxo com payload posicionado; todos os contents possuem offset/depth/distance/within,"alert tcp $EXTERNAL_NET any -> $HOME_NET 20256 ( msg:""PROTOCOL-SCADA PCOM Set UnitID ASCII request ""; flow:to_server,established; byte_test:1,=,101,2; content:""US"",depth 2,offset 9; metadata:policy max-detect-ips drop,ruleset community; reference:url,unitronicsplc.com; classtype:attempted-recon; sid:48986; rev:2; )"
3776,48987,PROTOCOL-SCADA PCOM Get UnitID ASCII request ,included,"behavior_header,payload_positioned",combina cabecalho/fluxo com payload posicionado; todos os contents possuem offset/depth/distance/within,"alert tcp $EXTERNAL_NET any -> $HOME_NET 20256 ( msg:""PROTOCOL-SCADA PCOM Get UnitID ASCII request ""; flow:to_server,established; byte_test:1,=,101,2; content:""UG"",depth 2,offset 9; metadata:policy max-detect-ips drop,ruleset community; reference:url,unitronicsplc.com; classtype:attempted-recon; sid:48987; rev:2; )"
3777,48988,PROTOCOL-SCADA PCOM Read Inputs ASCII request ,included,"behavior_header,payload_positioned",combina cabecalho/fluxo com payload posicionado; todos os contents possuem offset/depth/distance/within,"alert tcp $EXTERNAL_NET any -> $HOME_NET 20256 ( msg:""PROTOCOL-SCADA PCOM Read Inputs ASCII request ""; flow:to_server,established; byte_test:1,=,101,2; content:""RE"",depth 2,offset 9; metadata:policy max-detect-ips drop,ruleset community; reference:url,unitronicsplc.com; classtype:attempted-recon; sid:48988; rev:2; )"
3778,48989,PROTOCOL-SCADA PCOM Set RTC ASCII request ,included,"behavior_header,payload_positioned",combina cabecalho/fluxo com payload posicionado; todos os contents possuem offset/depth/distance/within,"alert tcp $EXTERNAL_NET any -> $HOME_NET 20256 ( msg:""PROTOCOL-SCADA PCOM Set RTC ASCII request ""; flow:to_server,established; byte_test:1,=,101,2; content:""SC"",depth 2,offset 9; metadata:policy max-detect-ips drop,ruleset community; reference:url,unitronicsplc.com; classtype:attempted-recon; sid:48989; rev:2; )"
3779,48990,PROTOCOL-SCADA PCOM Read Ouputs ASCII request ,included,"behavior_header,payload_positioned",combina cabecalho/fluxo com payload posicionado; todos os contents possuem offset/depth/distance/within,"alert tcp $EXTERNAL_NET any -> $HOME_NET 20256 ( msg:""PROTOCOL-SCADA PCOM Read Ouputs ASCII request ""; flow:to_server,established; byte_test:1,=,101,2; content:""RA"",depth 2,offset 9; metadata:policy max-detect-ips drop,ruleset community; reference:url,unitronicsplc.com; classtype:attempted-recon; sid:48990; rev:2; )"
3780,48991,PROTOCOL-SCADA PCOM Read System Bits ASCII request ,included,"behavior_header,payload_positioned",combina cabecalho/fluxo com payload posicionado; todos os contents possuem offset/depth/distance/within,"alert tcp $EXTERNAL_NET any -> $HOME_NET 20256 ( msg:""PROTOCOL-SCADA PCOM Read System Bits ASCII request ""; flow:to_server,established; byte_test:1,=,101,2; content:""GS"",depth 2,offset 9; metadata:policy max-detect-ips drop,ruleset community; reference:url,unitronicsplc.com; classtype:attempted-recon; sid:48991; rev:2; )"
3781,48992,PROTOCOL-SCADA PCOM Read Memory Integers ASCII request ,included,"behavior_header,payload_positioned",combina cabecalho/fluxo com payload posicionado; todos os contents possuem offset/depth/distance/within,"alert tcp $EXTERNAL_NET any -> $HOME_NET 20256 ( msg:""PROTOCOL-SCADA PCOM Read Memory Integers ASCII request ""; flow:to_server,established; byte_test:1,=,101,2; content:""RW"",depth 2,offset 9; metadata:policy max-detect-ips drop,ruleset community; reference:url,unitronicsplc.com; classtype:attempted-recon; sid:48992; rev:2; )"
3782,48993,PROTOCOL-SCADA PCOM Read Memory Longs ASCII request ,included,"behavior_header,payload_positioned",combina cabecalho/fluxo com payload posicionado; todos os contents possuem offset/depth/distance/within,"alert tcp $EXTERNAL_NET any -> $HOME_NET 20256 ( msg:""PROTOCOL-SCADA PCOM Read Memory Longs ASCII request ""; flow:to_server,established; byte_test:1,=,101,2; content:""RNL"",depth 3,offset 9; metadata:policy max-detect-ips drop,ruleset community; reference:url,unitronicsplc.com; classtype:attempted-recon; sid:48993; rev:2; )"
3783,48994,PROTOCOL-SCADA PCOM Write System Integers ASCII request ,included,"behavior_header,payload_positioned",combina cabecalho/fluxo com payload posicionado; todos os contents possuem offset/depth/distance/within,"alert tcp $EXTERNAL_NET any -> $HOME_NET 20256 ( msg:""PROTOCOL-SCADA PCOM Write System Integers ASCII request ""; flow:to_server,established; byte_test:1,=,101,2; content:""SF"",depth 2,offset 9; metadata:policy max-detect-ips drop,ruleset community; reference:url,unitronicsplc.com; classtype:attempted-recon; sid:48994; rev:2; )"
3784,48995,PROTOCOL-SCADA PCOM Write System Bits ASCII request ,included,"behavior_header,payload_positioned",combina cabecalho/fluxo com payload posicionado; todos os contents possuem offset/depth/distance/within,"alert tcp $EXTERNAL_NET any -> $HOME_NET 20256 ( msg:""PROTOCOL-SCADA PCOM Write System Bits ASCII request ""; flow:to_server,established; byte_test:1,=,101,2; content:""SS"",depth 2,offset 9; metadata:policy max-detect-ips drop,ruleset community; reference:url,unitronicsplc.com; classtype:attempted-recon; sid:48995; rev:2; )"
3785,48996,PROTOCOL-SCADA PCOM Read System Longs ASCII request ,included,"behavior_header,payload_positioned",combina cabecalho/fluxo com payload posicionado; todos os contents possuem offset/depth/distance/within,"alert tcp $EXTERNAL_NET any -> $HOME_NET 20256 ( msg:""PROTOCOL-SCADA PCOM Read System Longs ASCII request ""; flow:to_server,established; byte_test:1,=,101,2; content:""RNH"",depth 3,offset 9; metadata:policy max-detect-ips drop,ruleset community; reference:url,unitronicsplc.com; classtype:attempted-recon; sid:48996; rev:2; )"
3786,48997,PROTOCOL-SCADA PCOM Read System Integers ASCII request ,included,"behavior_header,payload_positioned",combina cabecalho/fluxo com payload posicionado; todos os contents possuem offset/depth/distance/within,"alert tcp $EXTERNAL_NET any -> $HOME_NET 20256 ( msg:""PROTOCOL-SCADA PCOM Read System Integers ASCII request ""; flow:to_server,established; byte_test:1,=,101,2; content:""GF"",depth 2,offset 9; metadata:policy max-detect-ips drop,ruleset community; reference:url,unitronicsplc.com; classtype:attempted-recon; sid:48997; rev:2; )"
3787,48998,PROTOCOL-SCADA PCOM Read Memory Bits ASCII request ,included,"behavior_header,payload_positioned",combina cabecalho/fluxo com payload posicionado; todos os contents possuem offset/depth/distance/within,"alert tcp $EXTERNAL_NET any -> $HOME_NET 20256 ( msg:""PROTOCOL-SCADA PCOM Read Memory Bits ASCII request ""; flow:to_server,established; byte_test:1,=,101,2; content:""RB"",depth 2,offset 9; metadata:policy max-detect-ips drop,ruleset community; reference:url,unitronicsplc.com; classtype:attempted-recon; sid:48998; rev:2; )"
3788,48999,PROTOCOL-SCADA PCOM Write Ouputs ASCII request ,included,"behavior_header,payload_positioned",combina cabecalho/fluxo com payload posicionado; todos os contents possuem offset/depth/distance/within,"alert tcp $EXTERNAL_NET any -> $HOME_NET 20256 ( msg:""PROTOCOL-SCADA PCOM Write Ouputs ASCII request ""; flow:to_server,established; byte_test:1,=,101,2; content:""SA"",depth 2,offset 9; metadata:policy max-detect-ips drop,ruleset community; reference:url,unitronicsplc.com; classtype:attempted-recon; sid:48999; rev:2; )"
3789,49000,PROTOCOL-SCADA PCOM Stop Device ASCII request ,included,"behavior_header,payload_positioned",combina cabecalho/fluxo com payload posicionado; todos os contents possuem offset/depth/distance/within,"alert tcp $EXTERNAL_NET any -> $HOME_NET 20256 ( msg:""PROTOCOL-SCADA PCOM Stop Device ASCII request ""; flow:to_server,established; byte_test:1,=,101,2; content:""CCS"",depth 3,offset 9; metadata:policy max-detect-ips drop,ruleset community; reference:url,unitronicsplc.com; classtype:attempted-dos; sid:49000; rev:2; )"
3790,49001,PROTOCOL-SCADA PCOM Start Device ASCII request ,included,"behavior_header,payload_positioned",combina cabecalho/fluxo com payload posicionado; todos os contents possuem offset/depth/distance/within,"alert tcp $EXTERNAL_NET any -> $HOME_NET 20256 ( msg:""PROTOCOL-SCADA PCOM Start Device ASCII request ""; flow:to_server,established; byte_test:1,=,101,2; content:""CCR"",depth 3,offset 9; metadata:policy max-detect-ips drop,ruleset community; reference:url,unitronicsplc.com; classtype:attempted-dos; sid:49001; rev:2; )"
3791,49002,PROTOCOL-SCADA PCOM Write System Longs ASCII request ,included,"behavior_header,payload_positioned",combina cabecalho/fluxo com payload posicionado; todos os contents possuem offset/depth/distance/within,"alert tcp $EXTERNAL_NET any -> $HOME_NET 20256 ( msg:""PROTOCOL-SCADA PCOM Write System Longs ASCII request ""; flow:to_server,established; byte_test:1,=,101,2; content:""SNH"",depth 3,offset 9; metadata:policy max-detect-ips drop,ruleset community; reference:url,unitronicsplc.com; classtype:attempted-recon; sid:49002; rev:2; )"
3792,49003,PROTOCOL-SCADA PCOM Get RTC ASCII request ,included,"behavior_header,payload_positioned",combina cabecalho/fluxo com payload posicionado; todos os contents possuem offset/depth/distance/within,"alert tcp $EXTERNAL_NET any -> $HOME_NET 20256 ( msg:""PROTOCOL-SCADA PCOM Get RTC ASCII request ""; flow:to_server,established; byte_test:1,=,101,2; content:""RC"",depth 2,offset 9; metadata:policy max-detect-ips drop,ruleset community; reference:url,unitronicsplc.com; classtype:attempted-recon; sid:49003; rev:2; )"
3793,49004,PROTOCOL-SCADA PCOM Write Memory Bits ASCII request ,included,"behavior_header,payload_positioned",combina cabecalho/fluxo com payload posicionado; todos os contents possuem offset/depth/distance/within,"alert tcp $EXTERNAL_NET any -> $HOME_NET 20256 ( msg:""PROTOCOL-SCADA PCOM Write Memory Bits ASCII request ""; flow:to_server,established; byte_test:1,=,101,2; content:""SB"",depth 2,offset 9; metadata:policy max-detect-ips drop,ruleset community; reference:url,unitronicsplc.com; classtype:attempted-recon; sid:49004; rev:2; )"
3794,49005,PROTOCOL-SCADA PCOM Reset Device ASCII request ,included,"behavior_header,payload_positioned",combina cabecalho/fluxo com payload posicionado; todos os contents possuem offset/depth/distance/within,"alert tcp $EXTERNAL_NET any -> $HOME_NET 20256 ( msg:""PROTOCOL-SCADA PCOM Reset Device ASCII request ""; flow:to_server,established; byte_test:1,=,101,2; content:""CCE"",depth 3,offset 9; metadata:policy max-detect-ips drop,ruleset community; reference:url,unitronicsplc.com; classtype:attempted-dos; sid:49005; rev:2; )"
3795,49006,PROTOCOL-SCADA PCOM Write Memory Longs ASCII request ,included,"behavior_header,payload_positioned",combina cabecalho/fluxo com payload posicionado; todos os contents possuem offset/depth/distance/within,"alert tcp $EXTERNAL_NET any -> $HOME_NET 20256 ( msg:""PROTOCOL-SCADA PCOM Write Memory Longs ASCII request ""; flow:to_server,established; byte_test:1,=,101,2; content:""SNL"",depth 3,offset 9; metadata:policy max-detect-ips drop,ruleset community; reference:url,unitronicsplc.com; classtype:attempted-recon; sid:49006; rev:2; )"
3796,49007,PROTOCOL-SCADA PCOM Write Memory Integers ASCII request ,included,"behavior_header,payload_positioned",combina cabecalho/fluxo com payload posicionado; todos os contents possuem offset/depth/distance/within,"alert tcp $EXTERNAL_NET any -> $HOME_NET 20256 ( msg:""PROTOCOL-SCADA PCOM Write Memory Integers ASCII request ""; flow:to_server,established; byte_test:1,=,101,2; content:""SW"",depth 2,offset 9; metadata:policy max-detect-ips drop,ruleset community; reference:url,unitronicsplc.com; classtype:attempted-recon; sid:49007; rev:2; )"
3797,49008,PROTOCOL-SCADA PCOM Read Operands binary request,included,"behavior_header,payload_positioned",combina cabecalho/fluxo com payload posicionado; todos os contents possuem offset/depth/distance/within,"alert tcp $EXTERNAL_NET any -> $HOME_NET 20256 ( msg:""PROTOCOL-SCADA PCOM Read Operands binary request""; flow:to_server,established; byte_test:1,=,102,2; content:""|4D|"",depth 1,offset 18; metadata:policy max-detect-ips drop,ruleset community; reference:url,unitronicsplc.com; classtype:attempted-recon; sid:49008; rev:2; )"
3798,49009,PROTOCOL-SCADA PCOM Set UnitID ASCII reply,included,"behavior_header,payload_positioned",combina cabecalho/fluxo com payload posicionado; todos os contents possuem offset/depth/distance/within,"alert tcp $HOME_NET 20256 -> $EXTERNAL_NET any ( msg:""PROTOCOL-SCADA PCOM Set UnitID ASCII reply""; flow:to_client,established; byte_test:1,=,101,2; content:""US"",depth 2,offset 10; metadata:policy max-detect-ips drop,ruleset community; reference:url,unitronicsplc.com; classtype:attempted-recon; sid:49009; rev:2; )"
3799,49010,PROTOCOL-SCADA PCOM Get RTC ASCII reply,included,"behavior_header,payload_positioned",combina cabecalho/fluxo com payload posicionado; todos os contents possuem offset/depth/distance/within,"alert tcp $HOME_NET 20256 -> $EXTERNAL_NET any ( msg:""PROTOCOL-SCADA PCOM Get RTC ASCII reply""; flow:to_client,established; byte_test:1,=,101,2; content:""RC"",depth 2,offset 10; metadata:policy max-detect-ips drop,ruleset community; reference:url,unitronicsplc.com; classtype:attempted-recon; sid:49010; rev:2; )"
3800,49011,PROTOCOL-SCADA PCOM Identification ASCII reply,included,"behavior_header,payload_positioned",combina cabecalho/fluxo com payload posicionado; todos os contents possuem offset/depth/distance/within,"alert tcp $HOME_NET 20256 -> $EXTERNAL_NET any ( msg:""PROTOCOL-SCADA PCOM Identification ASCII reply""; flow:to_client,established; byte_test:1,=,101,2; content:""ID"",depth 2,offset 10; metadata:policy max-detect-ips drop,ruleset community; reference:url,unitronicsplc.com; classtype:attempted-recon; sid:49011; rev:2; )"
3801,49012,PROTOCOL-SCADA PCOM Write Data Table binary request,included,"behavior_header,payload_positioned",combina cabecalho/fluxo com payload posicionado; todos os contents possuem offset/depth/distance/within,"alert tcp $EXTERNAL_NET any -> $HOME_NET 20256 ( msg:""PROTOCOL-SCADA PCOM Write Data Table binary request""; flow:to_server,established; byte_test:1,=,102,2; content:""|44|"",depth 1,offset 18; metadata:policy max-detect-ips drop,ruleset community; reference:url,unitronicsplc.com; classtype:attempted-recon; sid:49012; rev:2; )"
3802,49013,PROTOCOL-SCADA PCOM Get UnitID ASCII reply,included,"behavior_header,payload_positioned",combina cabecalho/fluxo com payload posicionado; todos os contents possuem offset/depth/distance/within,"alert tcp $HOME_NET 20256 -> $EXTERNAL_NET any ( msg:""PROTOCOL-SCADA PCOM Get UnitID ASCII reply""; flow:to_client,established; byte_test:1,=,101,2; content:""UG"",depth 2,offset 10; metadata:policy max-detect-ips drop,ruleset community; reference:url,unitronicsplc.com; classtype:attempted-recon; sid:49013; rev:2; )"
3803,49014,PROTOCOL-SCADA PCOM Read Data Table binary request,included,"behavior_header,payload_positioned",combina cabecalho/fluxo com payload posicionado; todos os contents possuem offset/depth/distance/within,"alert tcp $EXTERNAL_NET any -> $HOME_NET 20256 ( msg:""PROTOCOL-SCADA PCOM Read Data Table binary request""; flow:to_server,established; byte_test:1,=,102,2; content:""|04|"",depth 1,offset 18; metadata:policy max-detect-ips drop,ruleset community; reference:url,unitronicsplc.com; classtype:attempted-recon; sid:49014; rev:2; )"
3804,49015,PROTOCOL-SCADA PCOM Get PLC Name binary request,included,"behavior_header,payload_positioned",combina cabecalho/fluxo com payload posicionado; todos os contents possuem offset/depth/distance/within,"alert tcp $EXTERNAL_NET any -> $HOME_NET 20256 ( msg:""PROTOCOL-SCADA PCOM Get PLC Name binary request""; flow:to_server,established; byte_test:1,=,102,2; content:""|0C|"",depth 1,offset 18; metadata:policy max-detect-ips drop,ruleset community; reference:url,unitronicsplc.com; classtype:attempted-recon; sid:49015; rev:2; )"
3805,49016,PROTOCOL-SCADA PCOM Set RTC ASCII reply,included,"behavior_header,payload_positioned",combina cabecalho/fluxo com payload posicionado; todos os contents possuem offset/depth/distance/within,"alert tcp $HOME_NET 20256 -> $EXTERNAL_NET any ( msg:""PROTOCOL-SCADA PCOM Set RTC ASCII reply""; flow:to_client,established; byte_test:1,=,101,2; content:""SC"",depth 2,offset 10; metadata:policy max-detect-ips drop,ruleset community; reference:url,unitronicsplc.com; classtype:attempted-recon; sid:49016; rev:2; )"
3806,49017,PROTOCOL-SCADA PCOM Read Inputs ASCII reply,included,"behavior_header,payload_positioned",combina cabecalho/fluxo com payload posicionado; todos os contents possuem offset/depth/distance/within,"alert tcp $HOME_NET 20256 -> $EXTERNAL_NET any ( msg:""PROTOCOL-SCADA PCOM Read Inputs ASCII reply""; flow:to_client,established; byte_test:1,=,101,2; content:""RE"",depth 2,offset 10; metadata:policy max-detect-ips drop,ruleset community; reference:url,unitronicsplc.com; classtype:attempted-recon; sid:49017; rev:2; )"
3807,49018,PROTOCOL-SCADA PCOM Read System Bits ASCII reply,included,"behavior_header,payload_positioned",combina cabecalho/fluxo com payload posicionado; todos os contents possuem offset/depth/distance/within,"alert tcp $HOME_NET 20256 -> $EXTERNAL_NET any ( msg:""PROTOCOL-SCADA PCOM Read System Bits ASCII reply""; flow:to_client,established; byte_test:1,=,101,2; content:""GS"",depth 2,offset 10; metadata:policy max-detect-ips drop,ruleset community; reference:url,unitronicsplc.com; classtype:attempted-recon; sid:49018; rev:2; )"
3808,49019,PROTOCOL-SCADA PCOM Read Longs ASCII reply,included,"behavior_header,payload_positioned",combina cabecalho/fluxo com payload posicionado; todos os contents possuem offset/depth/distance/within,"alert tcp $HOME_NET 20256 -> $EXTERNAL_NET any ( msg:""PROTOCOL-SCADA PCOM Read Longs ASCII reply""; flow:to_client,established; byte_test:1,=,101,2; content:""RN"",depth 2,offset 10; metadata:policy max-detect-ips drop,ruleset community; reference:url,unitronicsplc.com; classtype:attempted-recon; sid:49019; rev:2; )"
3809,49020,PROTOCOL-SCADA PCOM Read System Integers ASCII reply,included,"behavior_header,payload_positioned",combina cabecalho/fluxo com payload posicionado; todos os contents possuem offset/depth/distance/within,"alert tcp $HOME_NET 20256 -> $EXTERNAL_NET any ( msg:""PROTOCOL-SCADA PCOM Read System Integers ASCII reply""; flow:to_client,established; byte_test:1,=,101,2; content:""GF"",depth 2,offset 10; metadata:policy max-detect-ips drop,ruleset community; reference:url,unitronicsplc.com; classtype:attempted-recon; sid:49020; rev:2; )"
3810,49021,PROTOCOL-SCADA PCOM Read Ouputs ASCII reply,included,"behavior_header,payload_positioned",combina cabecalho/fluxo com payload posicionado; todos os contents possuem offset/depth/distance/within,"alert tcp $HOME_NET 20256 -> $EXTERNAL_NET any ( msg:""PROTOCOL-SCADA PCOM Read Ouputs ASCII reply""; flow:to_client,established; byte_test:1,=,101,2; content:""RA"",depth 2,offset 10; metadata:policy max-detect-ips drop,ruleset community; reference:url,unitronicsplc.com; classtype:attempted-recon; sid:49021; rev:2; )"
3811,49022,PROTOCOL-SCADA PCOM Read Memory Bits ASCII reply,included,"behavior_header,payload_positioned",combina cabecalho/fluxo com payload posicionado; todos os contents possuem offset/depth/distance/within,"alert tcp $HOME_NET 20256 -> $EXTERNAL_NET any ( msg:""PROTOCOL-SCADA PCOM Read Memory Bits ASCII reply""; flow:to_client,established; byte_test:1,=,101,2; content:""RB"",depth 2,offset 10; metadata:policy max-detect-ips drop,ruleset community; reference:url,unitronicsplc.com; classtype:attempted-recon; sid:49022; rev:2; )"
3812,49023,PROTOCOL-SCADA PCOM Read Memory Integers ASCII reply,included,"behavior_header,payload_positioned",combina cabecalho/fluxo com payload posicionado; todos os contents possuem offset/depth/distance/within,"alert tcp $HOME_NET 20256 -> $EXTERNAL_NET any ( msg:""PROTOCOL-SCADA PCOM Read Memory Integers ASCII reply""; flow:to_client,established; byte_test:1,=,101,2; content:""RW"",depth 2,offset 10; metadata:policy max-detect-ips drop,ruleset community; reference:url,unitronicsplc.com; classtype:attempted-recon; sid:49023; rev:2; )"
3813,49024,PROTOCOL-SCADA PCOM Write Memory Bits ASCII reply,included,"behavior_header,payload_positioned",combina cabecalho/fluxo com payload posicionado; todos os contents possuem offset/depth/distance/within,"alert tcp $HOME_NET 20256 -> $EXTERNAL_NET any ( msg:""PROTOCOL-SCADA PCOM Write Memory Bits ASCII reply""; flow:to_client,established; byte_test:1,=,101,2; content:""SB"",depth 2,offset 10; metadata:policy max-detect-ips drop,ruleset community; reference:url,unitronicsplc.com; classtype:attempted-recon; sid:49024; rev:2; )"
3814,49025,PROTOCOL-SCADA PCOM Write System Integers ASCII reply,included,"behavior_header,payload_positioned",combina cabecalho/fluxo com payload posicionado; todos os contents possuem offset/depth/distance/within,"alert tcp $HOME_NET 20256 -> $EXTERNAL_NET any ( msg:""PROTOCOL-SCADA PCOM Write System Integers ASCII reply""; flow:to_client,established; byte_test:1,=,101,2; content:""SF"",depth 2,offset 10; metadata:policy max-detect-ips drop,ruleset community; reference:url,unitronicsplc.com; classtype:attempted-recon; sid:49025; rev:2; )"
3815,49026,PROTOCOL-SCADA PCOM Write System Bits ASCII reply,included,"behavior_header,payload_positioned",combina cabecalho/fluxo com payload posicionado; todos os contents possuem offset/depth/distance/within,"alert tcp $HOME_NET 20256 -> $EXTERNAL_NET any ( msg:""PROTOCOL-SCADA PCOM Write System Bits ASCII reply""; flow:to_client,established; byte_test:1,=,101,2; content:""SS"",depth 2,offset 10; metadata:policy max-detect-ips drop,ruleset community; reference:url,unitronicsplc.com; classtype:attempted-recon; sid:49026; rev:2; )"
3816,49027,PROTOCOL-SCADA PCOM Write Ouputs ASCII reply,included,"behavior_header,payload_positioned",combina cabecalho/fluxo com payload posicionado; todos os contents possuem offset/depth/distance/within,"alert tcp $HOME_NET 20256 -> $EXTERNAL_NET any ( msg:""PROTOCOL-SCADA PCOM Write Ouputs ASCII reply""; flow:to_client,established; byte_test:1,=,101,2; content:""SA"",depth 2,offset 10; metadata:policy max-detect-ips drop,ruleset community; reference:url,unitronicsplc.com; classtype:attempted-recon; sid:49027; rev:2; )"
3817,49028,PROTOCOL-SCADA PCOM Write Memory Integers ASCII reply,included,"behavior_header,payload_positioned",combina cabecalho/fluxo com payload posicionado; todos os contents possuem offset/depth/distance/within,"alert tcp $HOME_NET 20256 -> $EXTERNAL_NET any ( msg:""PROTOCOL-SCADA PCOM Write Memory Integers ASCII reply""; flow:to_client,established; byte_test:1,=,101,2; content:""SW"",depth 2,offset 10; metadata:policy max-detect-ips drop,ruleset community; reference:url,unitronicsplc.com; classtype:attempted-recon; sid:49028; rev:2; )"
3818,49029,PROTOCOL-SCADA PCOM Write Longs ASCII reply,included,"behavior_header,payload_positioned",combina cabecalho/fluxo com payload posicionado; todos os contents possuem offset/depth/distance/within,"alert tcp $HOME_NET 20256 -> $EXTERNAL_NET any ( msg:""PROTOCOL-SCADA PCOM Write Longs ASCII reply""; flow:to_client,established; byte_test:1,=,101,2; content:""SN"",depth 2,offset 10; metadata:policy max-detect-ips drop,ruleset community; reference:url,unitronicsplc.com; classtype:attempted-recon; sid:49029; rev:2; )"
3819,49030,PROTOCOL-SCADA PCOM Read Operands binary reply,included,"behavior_header,payload_positioned",combina cabecalho/fluxo com payload posicionado; todos os contents possuem offset/depth/distance/within,"alert tcp $HOME_NET 20256 -> $EXTERNAL_NET any ( msg:""PROTOCOL-SCADA PCOM Read Operands binary reply""; flow:to_client,established; byte_test:1,=,102,2; content:""|CD|"",depth 1,offset 18; metadata:policy max-detect-ips drop,ruleset community; reference:url,unitronicsplc.com; classtype:attempted-recon; sid:49030; rev:2; )"
3820,49031,PROTOCOL-SCADA PCOM Get PLC Name binary reply,included,"behavior_header,payload_positioned",combina cabecalho/fluxo com payload posicionado; todos os contents possuem offset/depth/distance/within,"alert tcp $HOME_NET 20256 -> $EXTERNAL_NET any ( msg:""PROTOCOL-SCADA PCOM Get PLC Name binary reply""; flow:to_client,established; byte_test:1,=,102,2; content:""|8C|"",depth 1,offset 18; metadata:policy max-detect-ips drop,ruleset community; reference:url,unitronicsplc.com; classtype:attempted-recon; sid:49031; rev:2; )"
3821,49032,PROTOCOL-SCADA PCOM Write Data Table binary reply,included,"behavior_header,payload_positioned",combina cabecalho/fluxo com payload posicionado; todos os contents possuem offset/depth/distance/within,"alert tcp $HOME_NET 20256 -> $EXTERNAL_NET any ( msg:""PROTOCOL-SCADA PCOM Write Data Table binary reply""; flow:to_client,established; byte_test:1,=,102,2; content:""|C4|"",depth 1,offset 18; metadata:policy max-detect-ips drop,ruleset community; reference:url,unitronicsplc.com; classtype:attempted-recon; sid:49032; rev:2; )"
3822,49033,PROTOCOL-SCADA PCOM Read Data Table binary reply,included,"behavior_header,payload_positioned",combina cabecalho/fluxo com payload posicionado; todos os contents possuem offset/depth/distance/within,"alert tcp $HOME_NET 20256 -> $EXTERNAL_NET any ( msg:""PROTOCOL-SCADA PCOM Read Data Table binary reply""; flow:to_client,established; byte_test:1,=,102,2; content:""|84|"",depth 1,offset 18; metadata:policy max-detect-ips drop,ruleset community; reference:url,unitronicsplc.com; classtype:attempted-recon; sid:49033; rev:2; )"
3826,49090,SERVER-SAMBA Samba is_known_pipe arbitrary module load code execution attempt,included,"behavior_header,payload_positioned",combina cabecalho/fluxo com payload posicionado; todos os contents possuem offset/depth/distance/within,"alert tcp any any -> $HOME_NET 445 ( msg:""SERVER-SAMBA Samba is_known_pipe arbitrary module load code execution attempt""; flow:to_server,established; flowbits:isset,smb.tree.connect.ipc; content:""|FF|SMB|A2 00 00 00 00|"",depth 9,offset 4; byte_test:2,=,1,1,relative,little,bitmask 0x8000; byte_extract:2,72,len,relative,little; content:""/"",within 2; content:""/"",within len,distance 2; metadata:policy balanced-ips drop,policy max-detect-ips drop,policy security-ips drop,ruleset community; service:netbios-ssn; reference:cve,2017-7494; reference:url,www.samba.org/samba/security/CVE-2017-7494.html; classtype:attempted-user; sid:49090; rev:1; )"
3866,50811,MALWARE-CNC Unix.Backdoor.Godlua variant outbound connection,included,"behavior_header,payload_positioned",combina cabecalho/fluxo com payload posicionado; todos os contents possuem offset/depth/distance/within,"alert tcp $HOME_NET any -> $EXTERNAL_NET 65314 ( msg:""MALWARE-CNC Unix.Backdoor.Godlua variant outbound connection""; flow:to_server,established; content:""|01 00 10|"",depth 3; content:""|00 12 5C|"",within 3,distance 9; metadata:impact_flag red,policy balanced-ips drop,policy max-detect-ips drop,policy security-ips drop,ruleset community; reference:url,virustotal.com/gui/file/bd8b1bd06817772af89d93a1789d5df13e15136e53a6af60be0900986c56234f/detection; classtype:trojan-activity; sid:50811; rev:1; )"
3890,52548,MALWARE-CNC Win.Trojan.XpertRAT inbound connection,included,"behavior_header,payload_positioned",combina cabecalho/fluxo com payload posicionado; todos os contents possuem offset/depth/distance/within,"alert tcp $EXTERNAL_NET any -> $HOME_NET any ( msg:""MALWARE-CNC Win.Trojan.XpertRAT inbound connection""; flow:to_client,established; isdataat:!12; content:""|7C 30 7C A1 40 23 40 21|"",depth 8,offset 3; metadata:impact_flag red,policy balanced-ips drop,policy max-detect-ips drop,policy security-ips drop,ruleset community; reference:url,www.virustotal.com/gui/file/064d1d9a20f737679bb7ce912854c7ab29f78a0716ee8bc8dc69ade02acdca5a/detection; classtype:trojan-activity; sid:52548; rev:1; )"
3891,52549,MALWARE-CNC Win.Trojan.XpertRAT outbound connection,included,"behavior_header,payload_positioned",combina cabecalho/fluxo com payload posicionado; todos os contents possuem offset/depth/distance/within,"alert tcp $HOME_NET any -> $EXTERNAL_NET any ( msg:""MALWARE-CNC Win.Trojan.XpertRAT outbound connection""; flow:to_server,established; isdataat:!11; content:""|7C|root|7C|"",depth 6,offset 3; metadata:impact_flag red,policy balanced-ips drop,policy max-detect-ips drop,policy security-ips drop,ruleset community; reference:url,www.virustotal.com/gui/file/064d1d9a20f737679bb7ce912854c7ab29f78a0716ee8bc8dc69ade02acdca5a/detection; classtype:trojan-activity; sid:52549; rev:1; )"
3894,,INDICATOR-COMPROMISE RTF document with Equation and BITSAdmin download attempt,included,behavior_header,"usa apenas cabecalho, fluxo, flags ou metadados do pacote","alert tcp $EXTERNAL_NET any -> $SMTP_SERVERS 25 ( msg:""INDICATOR-COMPROMISE RTF document with Equation and BITSAdmin download attempt""; flow:to_server,established; flowbits:isset,file.doc|file.rtf; file_data; content:""0200000002CE020000000000C000000000000046"",fast_pattern,nocase; content:""6269747361646d696e"",nocase; metadata:impact_flag red,ruleset community; service:smtp; classtype:trojan-activity; sid:53582; rev:2; )"
3895,,INDICATOR-COMPROMISE RTF document with Equation and BITSAdmin download attempt,included,behavior_header,"usa apenas cabecalho, fluxo, flags ou metadados do pacote","alert tcp $EXTERNAL_NET $FILE_DATA_PORTS -> $HOME_NET any ( msg:""INDICATOR-COMPROMISE RTF document with Equation and BITSAdmin download attempt""; flow:to_client,established; flowbits:isset,file.doc|file.rtf; file_data; content:""0200000002CE020000000000C000000000000046"",fast_pattern,nocase; content:""6269747361646d696e"",nocase; metadata:impact_flag red,ruleset community; service:ftp-data,http,imap,pop3; classtype:trojan-activity; sid:53583; rev:2; )"
3905,56592,MALWARE-CNC Cobalt Strike DNS beacon inbound TXT record,included,"behavior_header,payload_positioned",combina cabecalho/fluxo com payload posicionado; todos os contents possuem offset/depth/distance/within,"alert udp $EXTERNAL_NET 53 -> $HOME_NET any ( msg:""MALWARE-CNC Cobalt Strike DNS beacon inbound TXT record""; flow:to_client; content:""|00 01 00 01|"",depth 4,offset 4; content:""|0A|_domainkey"",distance 0; content:""|00 00 10 00 01 C0 0C 00 10 00 01 00 00 00 02 01 00 FF|v=DKIM1|5C 3B| p="",distance 0; metadata:impact_flag red,policy max-detect-ips drop,ruleset community; service:dns; reference:url,www.fireeye.com/blog/threat-research/2020/12/unauthorized-access-of-fireeye-red-team-tools.html; classtype:trojan-activity; sid:56592; rev:1; )"
