line,sid,msg,status,category,reason,rule
1,105,MALWARE-BACKDOOR - Dagger_1.4.0,included,"behavior_header,payload_positioned",combina cabecalho/fluxo com payload posicionado por offset/depth; todos os contents possuem offset/depth absoluto,"alert tcp $HOME_NET 2589 -> $EXTERNAL_NET any ( msg:""MALWARE-BACKDOOR - Dagger_1.4.0""; flow:to_client,established; content:""2|00 00 00 06 00 00 00|Drives|24 00|"",depth 16; metadata:ruleset community; classtype:misc-activity; sid:105; rev:14; )"
4,115,MALWARE-BACKDOOR NetBus Pro 2.0 connection established,included,"behavior_header,payload_positioned",combina cabecalho/fluxo com payload posicionado por offset/depth; todos os contents possuem offset/depth absoluto,"alert tcp $HOME_NET 20034 -> $EXTERNAL_NET any ( msg:""MALWARE-BACKDOOR NetBus Pro 2.0 connection established""; flow:to_client,established; flowbits:isset,backdoor.netbus_2.connect; content:""BN|10 00 02 00|"",depth 6; content:""|05 00|"",depth 2,offset 8; metadata:ruleset community; classtype:trojan-activity; sid:115; rev:15; )"
5,117,MALWARE-BACKDOOR Infector.1.x,included,"behavior_header,payload_positioned",combina cabecalho/fluxo com payload posicionado por offset/depth; todos os contents possuem offset/depth absoluto,"alert tcp $HOME_NET any -> $EXTERNAL_NET any ( msg:""MALWARE-BACKDOOR Infector.1.x""; flow:to_client,established; content:""WHATISIT"",depth 9; metadata:impact_flag red,ruleset community; reference:nessus,11157; classtype:misc-activity; sid:117; rev:17; )"
7,119,MALWARE-BACKDOOR Doly 2.0 access,included,"behavior_header,payload_positioned",combina cabecalho/fluxo com payload posicionado por offset/depth; todos os contents possuem offset/depth absoluto,"alert tcp $HOME_NET 6789 -> $EXTERNAL_NET any ( msg:""MALWARE-BACKDOOR Doly 2.0 access""; flow:to_client,established; content:""Wtzup Use"",depth 32; metadata:ruleset community; classtype:misc-activity; sid:119; rev:11; )"
19,185,MALWARE-BACKDOOR CDK,included,"behavior_header,payload_positioned",combina cabecalho/fluxo com payload posicionado por offset/depth; todos os contents possuem offset/depth absoluto,"alert tcp $EXTERNAL_NET any -> $HOME_NET 79 ( msg:""MALWARE-BACKDOOR CDK""; flow:to_server,established; content:""ypi0ca"",depth 15,nocase; metadata:ruleset community; classtype:misc-activity; sid:185; rev:10; )"
21,208,MALWARE-BACKDOOR PhaseZero Server Active on Network,included,"behavior_header,payload_positioned",combina cabecalho/fluxo com payload posicionado por offset/depth; todos os contents possuem offset/depth absoluto,"alert tcp $HOME_NET 555 -> $EXTERNAL_NET any ( msg:""MALWARE-BACKDOOR PhaseZero Server Active on Network""; flow:to_client,established; content:""phAse zero server"",depth 17,nocase; metadata:policy max-detect-ips drop,ruleset community; reference:url,www.megasecurity.org/trojans/p/phasezero/PhaseZero1.0b.html; reference:url,www3.ca.com/securityadvisor/pest/pest.aspx?id=4539; classtype:trojan-activity; sid:208; rev:13; )"
37,224,PROTOCOL-ICMP Stacheldraht server spoof,included,behavior_header,"usa apenas cabecalho, fluxo, flags ou metadados do pacote","alert icmp 3.3.3.3/32 any -> $EXTERNAL_NET any ( msg:""PROTOCOL-ICMP Stacheldraht server spoof""; icmp_id:666; itype:0; metadata:ruleset community; reference:cve,2000-0138; classtype:attempted-dos; sid:224; rev:10; )"
65,256,PROTOCOL-DNS named authors attempt,included,"behavior_header,payload_positioned",combina cabecalho/fluxo com payload posicionado por offset/depth; todos os contents possuem offset/depth absoluto,"alert udp $EXTERNAL_NET any -> $HOME_NET 53 ( msg:""PROTOCOL-DNS named authors attempt""; flow:to_server; content:""|07|authors"",offset 12,nocase; content:""|04|bind|00|"",offset 12,nocase; metadata:policy max-detect-ips drop,ruleset community; service:dns; reference:nessus,10728; classtype:attempted-recon; sid:256; rev:16; )"
66,257,PROTOCOL-DNS named version attempt,included,"behavior_header,payload_positioned",combina cabecalho/fluxo com payload posicionado por offset/depth; todos os contents possuem offset/depth absoluto,"alert tcp $EXTERNAL_NET any -> $HOME_NET 53 ( msg:""PROTOCOL-DNS named version attempt""; flow:to_server,established; content:""|07|version"",offset 12,nocase; content:""|04|bind|00|"",offset 12,nocase; metadata:policy max-detect-ips drop,ruleset community; service:dns; reference:nessus,10028; classtype:attempted-recon; sid:257; rev:18; )"
76,271,SERVER-OTHER UDP echo+chargen bomb,included,behavior_header,"usa apenas cabecalho, fluxo, flags ou metadados do pacote","alert udp any 19 <> any 7 ( msg:""SERVER-OTHER UDP echo+chargen bomb""; flow:to_server; metadata:policy max-detect-ips drop,ruleset community; reference:cve,1999-0103; reference:cve,1999-0635; classtype:attempted-dos; sid:271; rev:12; )"
77,272,OS-WINDOWS Microsoft WIndows IGMP dos attack,included,behavior_header,"usa apenas cabecalho, fluxo, flags ou metadados do pacote","alert ip $EXTERNAL_NET any -> $HOME_NET any ( msg:""OS-WINDOWS Microsoft WIndows IGMP dos attack""; fragbits:M+; ip_proto:2; metadata:ruleset community; reference:bugtraq,514; reference:cve,1999-0918; reference:url,technet.microsoft.com/en-us/security/bulletin/MS99-034; classtype:attempted-dos; sid:272; rev:16; )"
83,281,SERVER-OTHER Ascend Route,included,"behavior_header,payload_positioned",combina cabecalho/fluxo com payload posicionado por offset/depth; todos os contents possuem offset/depth absoluto,"alert udp $EXTERNAL_NET any -> $HOME_NET 9 ( msg:""SERVER-OTHER Ascend Route""; flow:to_server; content:""NAMENAME"",depth 50,offset 25; metadata:policy max-detect-ips drop,ruleset community; reference:bugtraq,714; reference:cve,1999-0060; classtype:attempted-dos; sid:281; rev:13; )"
117,331,PROTOCOL-FINGER cybercop query,included,"behavior_header,payload_positioned",combina cabecalho/fluxo com payload posicionado por offset/depth; todos os contents possuem offset/depth absoluto,"alert tcp $EXTERNAL_NET any -> $HOME_NET 79 ( msg:""PROTOCOL-FINGER cybercop query""; flow:to_server,established; content:""|0A|     "",depth 10; metadata:ruleset community; reference:cve,1999-0612; classtype:attempted-recon; sid:331; rev:16; )"
134,363,PROTOCOL-ICMP IRDP router advertisement,included,behavior_header,"usa apenas cabecalho, fluxo, flags ou metadados do pacote","alert icmp $EXTERNAL_NET any -> $HOME_NET any ( msg:""PROTOCOL-ICMP IRDP router advertisement""; itype:9; metadata:ruleset community; reference:bugtraq,578; reference:cve,1999-0875; classtype:misc-activity; sid:363; rev:11; )"
135,364,PROTOCOL-ICMP IRDP router selection,included,behavior_header,"usa apenas cabecalho, fluxo, flags ou metadados do pacote","alert icmp $EXTERNAL_NET any -> $HOME_NET any ( msg:""PROTOCOL-ICMP IRDP router selection""; itype:10; metadata:ruleset community; reference:bugtraq,578; reference:cve,1999-0875; classtype:misc-activity; sid:364; rev:11; )"
136,365,PROTOCOL-ICMP PING undefined code,included,behavior_header,"usa apenas cabecalho, fluxo, flags ou metadados do pacote","alert icmp $EXTERNAL_NET any -> $HOME_NET any ( msg:""PROTOCOL-ICMP PING undefined code""; icode:>0; itype:8; metadata:ruleset community; classtype:misc-activity; sid:365; rev:11; )"
137,366,PROTOCOL-ICMP PING Unix,included,"behavior_header,payload_positioned",combina cabecalho/fluxo com payload posicionado por offset/depth; todos os contents possuem offset/depth absoluto,"alert icmp $EXTERNAL_NET any -> $HOME_NET any ( msg:""PROTOCOL-ICMP PING Unix""; itype:8; content:""|10 11 12 13 14 15 16 17 18 19 1A 1B 1C 1D 1E 1F|"",depth 32; metadata:ruleset community; classtype:misc-activity; sid:366; rev:11; )"
138,368,PROTOCOL-ICMP PING BSDtype,included,"behavior_header,payload_positioned",combina cabecalho/fluxo com payload posicionado por offset/depth; todos os contents possuem offset/depth absoluto,"alert icmp $EXTERNAL_NET any -> $HOME_NET any ( msg:""PROTOCOL-ICMP PING BSDtype""; itype:8; content:""|08 09 0A 0B 0C 0D 0E 0F 10 11 12 13 14 15 16 17|"",depth 32; metadata:ruleset community; classtype:misc-activity; sid:368; rev:10; )"
139,369,PROTOCOL-ICMP PING BayRS Router,included,"behavior_header,payload_positioned",combina cabecalho/fluxo com payload posicionado por offset/depth; todos os contents possuem offset/depth absoluto,"alert icmp $EXTERNAL_NET any -> $HOME_NET any ( msg:""PROTOCOL-ICMP PING BayRS Router""; itype:8; content:""|01 02 03 04 05 06 07 08 09 0A 0B 0C 0D 0E 0F|"",depth 32; metadata:ruleset community; classtype:misc-activity; sid:369; rev:10; )"
140,370,PROTOCOL-ICMP PING BeOS4.x,included,"behavior_header,payload_positioned",combina cabecalho/fluxo com payload posicionado por offset/depth; todos os contents possuem offset/depth absoluto,"alert icmp $EXTERNAL_NET any -> $HOME_NET any ( msg:""PROTOCOL-ICMP PING BeOS4.x""; itype:8; content:""|00 00 00 00 00 00 00 00 00 00 00 00 08 09 0A 0B|"",depth 32; metadata:ruleset community; classtype:misc-activity; sid:370; rev:11; )"
141,371,PROTOCOL-ICMP PING Cisco Type.x,included,"behavior_header,payload_positioned",combina cabecalho/fluxo com payload posicionado por offset/depth; todos os contents possuem offset/depth absoluto,"alert icmp $EXTERNAL_NET any -> $HOME_NET any ( msg:""PROTOCOL-ICMP PING Cisco Type.x""; itype:8; content:""|AB CD AB CD AB CD AB CD AB CD AB CD AB CD AB CD|"",depth 32; metadata:ruleset community; classtype:misc-activity; sid:371; rev:11; )"
142,372,PROTOCOL-ICMP PING Delphi-Piette Windows,included,"behavior_header,payload_positioned",combina cabecalho/fluxo com payload posicionado por offset/depth; todos os contents possuem offset/depth absoluto,"alert icmp $EXTERNAL_NET any -> $HOME_NET any ( msg:""PROTOCOL-ICMP PING Delphi-Piette Windows""; itype:8; content:""Pinging from Del"",depth 32; metadata:ruleset community; classtype:misc-activity; sid:372; rev:11; )"
143,373,PROTOCOL-ICMP PING Flowpoint2200 or Network Management Software,included,"behavior_header,payload_positioned",combina cabecalho/fluxo com payload posicionado por offset/depth; todos os contents possuem offset/depth absoluto,"alert icmp $EXTERNAL_NET any -> $HOME_NET any ( msg:""PROTOCOL-ICMP PING Flowpoint2200 or Network Management Software""; itype:8; content:""|01 02 03 04 05 06 07 08 09 0A 0B 0C 0D 0E 0F 10|"",depth 32; metadata:ruleset community; classtype:misc-activity; sid:373; rev:10; )"
144,374,PROTOCOL-ICMP PING IP NetMonitor Macintosh,included,"behavior_header,payload_positioned",combina cabecalho/fluxo com payload posicionado por offset/depth; todos os contents possuem offset/depth absoluto,"alert icmp $EXTERNAL_NET any -> $HOME_NET any ( msg:""PROTOCOL-ICMP PING IP NetMonitor Macintosh""; itype:8; content:""|A9| Sustainable So"",depth 32; metadata:ruleset community; classtype:misc-activity; sid:374; rev:11; )"
146,376,PROTOCOL-ICMP PING Microsoft Windows,included,"behavior_header,payload_positioned",combina cabecalho/fluxo com payload posicionado por offset/depth; todos os contents possuem offset/depth absoluto,"alert icmp $EXTERNAL_NET any -> $HOME_NET any ( msg:""PROTOCOL-ICMP PING Microsoft Windows""; itype:8; content:""0123456789abcdefghijklmnop"",depth 32; metadata:ruleset community; classtype:misc-activity; sid:376; rev:11; )"
147,377,PROTOCOL-ICMP PING Network Toolbox 3 Windows,included,"behavior_header,payload_positioned",combina cabecalho/fluxo com payload posicionado por offset/depth; todos os contents possuem offset/depth absoluto,"alert icmp $EXTERNAL_NET any -> $HOME_NET any ( msg:""PROTOCOL-ICMP PING Network Toolbox 3 Windows""; itype:8; content:""================"",depth 32; metadata:ruleset community; classtype:misc-activity; sid:377; rev:11; )"
148,378,PROTOCOL-ICMP PING Ping-O-MeterWindows,included,"behavior_header,payload_positioned",combina cabecalho/fluxo com payload posicionado por offset/depth; todos os contents possuem offset/depth absoluto,"alert icmp $EXTERNAL_NET any -> $HOME_NET any ( msg:""PROTOCOL-ICMP PING Ping-O-MeterWindows""; itype:8; content:""OMeterObeseArmad"",depth 32; metadata:ruleset community; classtype:misc-activity; sid:378; rev:11; )"
149,379,PROTOCOL-ICMP PING Pinger Windows,included,"behavior_header,payload_positioned",combina cabecalho/fluxo com payload posicionado por offset/depth; todos os contents possuem offset/depth absoluto,"alert icmp $EXTERNAL_NET any -> $HOME_NET any ( msg:""PROTOCOL-ICMP PING Pinger Windows""; itype:8; content:""Data|00 00 00 00 00 00 00 00 00 00 00 00|"",depth 32; metadata:ruleset community; classtype:misc-activity; sid:379; rev:11; )"
150,380,PROTOCOL-ICMP PING Seer Windows,included,"behavior_header,payload_positioned",combina cabecalho/fluxo com payload posicionado por offset/depth; todos os contents possuem offset/depth absoluto,"alert icmp $EXTERNAL_NET any -> $HOME_NET any ( msg:""PROTOCOL-ICMP PING Seer Windows""; itype:8; content:""|88 04|              "",depth 32; metadata:ruleset community; classtype:misc-activity; sid:380; rev:11; )"
152,382,PROTOCOL-ICMP PING Windows,included,"behavior_header,payload_positioned",combina cabecalho/fluxo com payload posicionado por offset/depth; todos os contents possuem offset/depth absoluto,"alert icmp $EXTERNAL_NET any -> $HOME_NET any ( msg:""PROTOCOL-ICMP PING Windows""; itype:8; content:""abcdefghijklmnop"",depth 16; metadata:ruleset community; classtype:misc-activity; sid:382; rev:11; )"
153,384,PROTOCOL-ICMP PING,included,behavior_header,"usa apenas cabecalho, fluxo, flags ou metadados do pacote","alert icmp $EXTERNAL_NET any -> $HOME_NET any ( msg:""PROTOCOL-ICMP PING""; icode:0; itype:8; metadata:ruleset community; classtype:misc-activity; sid:384; rev:8; )"
154,385,PROTOCOL-ICMP traceroute,included,behavior_header,"usa apenas cabecalho, fluxo, flags ou metadados do pacote","alert icmp $EXTERNAL_NET any -> $HOME_NET any ( msg:""PROTOCOL-ICMP traceroute""; itype:8; ttl:1; metadata:ruleset community; classtype:attempted-recon; sid:385; rev:8; )"
155,386,PROTOCOL-ICMP Address Mask Reply,included,behavior_header,"usa apenas cabecalho, fluxo, flags ou metadados do pacote","alert icmp $HOME_NET any -> $EXTERNAL_NET any ( msg:""PROTOCOL-ICMP Address Mask Reply""; icode:0; itype:18; metadata:ruleset community; classtype:misc-activity; sid:386; rev:8; )"
156,387,PROTOCOL-ICMP Address Mask Reply undefined code,included,behavior_header,"usa apenas cabecalho, fluxo, flags ou metadados do pacote","alert icmp $EXTERNAL_NET any -> $HOME_NET any ( msg:""PROTOCOL-ICMP Address Mask Reply undefined code""; icode:>0; itype:18; metadata:ruleset community; classtype:misc-activity; sid:387; rev:10; )"
157,388,PROTOCOL-ICMP Address Mask Request,included,behavior_header,"usa apenas cabecalho, fluxo, flags ou metadados do pacote","alert icmp $EXTERNAL_NET any -> $HOME_NET any ( msg:""PROTOCOL-ICMP Address Mask Request""; icode:0; itype:17; metadata:ruleset community; classtype:misc-activity; sid:388; rev:8; )"
158,389,PROTOCOL-ICMP Address Mask Request undefined code,included,behavior_header,"usa apenas cabecalho, fluxo, flags ou metadados do pacote","alert icmp $EXTERNAL_NET any -> $HOME_NET any ( msg:""PROTOCOL-ICMP Address Mask Request undefined code""; icode:>0; itype:17; metadata:ruleset community; classtype:misc-activity; sid:389; rev:10; )"
159,390,PROTOCOL-ICMP Alternate Host Address,included,behavior_header,"usa apenas cabecalho, fluxo, flags ou metadados do pacote","alert icmp $EXTERNAL_NET any -> $HOME_NET any ( msg:""PROTOCOL-ICMP Alternate Host Address""; icode:0; itype:6; metadata:ruleset community; classtype:misc-activity; sid:390; rev:8; )"
160,391,PROTOCOL-ICMP Alternate Host Address undefined code,included,behavior_header,"usa apenas cabecalho, fluxo, flags ou metadados do pacote","alert icmp $EXTERNAL_NET any -> $HOME_NET any ( msg:""PROTOCOL-ICMP Alternate Host Address undefined code""; icode:>0; itype:6; metadata:ruleset community; classtype:misc-activity; sid:391; rev:11; )"
161,392,PROTOCOL-ICMP Datagram Conversion Error,included,behavior_header,"usa apenas cabecalho, fluxo, flags ou metadados do pacote","alert icmp $EXTERNAL_NET any -> $HOME_NET any ( msg:""PROTOCOL-ICMP Datagram Conversion Error""; icode:0; itype:31; metadata:ruleset community; classtype:misc-activity; sid:392; rev:8; )"
162,393,PROTOCOL-ICMP Datagram Conversion Error undefined code,included,behavior_header,"usa apenas cabecalho, fluxo, flags ou metadados do pacote","alert icmp $EXTERNAL_NET any -> $HOME_NET any ( msg:""PROTOCOL-ICMP Datagram Conversion Error undefined code""; icode:>0; itype:31; metadata:ruleset community; classtype:misc-activity; sid:393; rev:11; )"
163,394,PROTOCOL-ICMP Destination Unreachable Destination Host Unknown,included,behavior_header,"usa apenas cabecalho, fluxo, flags ou metadados do pacote","alert icmp $EXTERNAL_NET any -> $HOME_NET any ( msg:""PROTOCOL-ICMP Destination Unreachable Destination Host Unknown""; icode:7; itype:3; metadata:ruleset community; classtype:misc-activity; sid:394; rev:9; )"
164,395,PROTOCOL-ICMP Destination Unreachable Destination Network Unknown,included,behavior_header,"usa apenas cabecalho, fluxo, flags ou metadados do pacote","alert icmp $EXTERNAL_NET any -> $HOME_NET any ( msg:""PROTOCOL-ICMP Destination Unreachable Destination Network Unknown""; icode:6; itype:3; metadata:ruleset community; classtype:misc-activity; sid:395; rev:9; )"
165,396,PROTOCOL-ICMP Destination Unreachable Fragmentation Needed and DF bit was set,included,behavior_header,"usa apenas cabecalho, fluxo, flags ou metadados do pacote","alert icmp $EXTERNAL_NET any -> $HOME_NET any ( msg:""PROTOCOL-ICMP Destination Unreachable Fragmentation Needed and DF bit was set""; icode:4; itype:3; metadata:policy max-detect-ips drop,ruleset community; reference:cve,2004-0790; reference:cve,2005-0068; reference:cve,2015-7759; classtype:misc-activity; sid:396; rev:12; )"
166,397,PROTOCOL-ICMP Destination Unreachable Host Precedence Violation,included,behavior_header,"usa apenas cabecalho, fluxo, flags ou metadados do pacote","alert icmp $EXTERNAL_NET any -> $HOME_NET any ( msg:""PROTOCOL-ICMP Destination Unreachable Host Precedence Violation""; icode:14; itype:3; metadata:ruleset community; classtype:misc-activity; sid:397; rev:9; )"
167,398,PROTOCOL-ICMP Destination Unreachable Host Unreachable for Type of Service,included,behavior_header,"usa apenas cabecalho, fluxo, flags ou metadados do pacote","alert icmp $EXTERNAL_NET any -> $HOME_NET any ( msg:""PROTOCOL-ICMP Destination Unreachable Host Unreachable for Type of Service""; icode:12; itype:3; metadata:ruleset community; classtype:misc-activity; sid:398; rev:9; )"
168,399,PROTOCOL-ICMP Destination Unreachable Host Unreachable,included,behavior_header,"usa apenas cabecalho, fluxo, flags ou metadados do pacote","alert icmp $EXTERNAL_NET any -> $HOME_NET any ( msg:""PROTOCOL-ICMP Destination Unreachable Host Unreachable""; icode:1; itype:3; metadata:ruleset community; classtype:misc-activity; sid:399; rev:9; )"
169,400,PROTOCOL-ICMP Destination Unreachable Network Unreachable for Type of Service,included,behavior_header,"usa apenas cabecalho, fluxo, flags ou metadados do pacote","alert icmp $EXTERNAL_NET any -> $HOME_NET any ( msg:""PROTOCOL-ICMP Destination Unreachable Network Unreachable for Type of Service""; icode:11; itype:3; metadata:ruleset community; classtype:misc-activity; sid:400; rev:10; )"
170,401,PROTOCOL-ICMP Destination Unreachable Network Unreachable,included,behavior_header,"usa apenas cabecalho, fluxo, flags ou metadados do pacote","alert icmp $EXTERNAL_NET any -> $HOME_NET any ( msg:""PROTOCOL-ICMP Destination Unreachable Network Unreachable""; icode:0; itype:3; metadata:ruleset community; classtype:misc-activity; sid:401; rev:9; )"
171,402,PROTOCOL-ICMP destination unreachable port unreachable packet detected,included,behavior_header,"usa apenas cabecalho, fluxo, flags ou metadados do pacote","alert icmp $EXTERNAL_NET any -> $HOME_NET any ( msg:""PROTOCOL-ICMP destination unreachable port unreachable packet detected""; icode:3; itype:3; metadata:policy max-detect-ips drop,ruleset community; reference:cve,2004-0790; reference:cve,2005-0068; classtype:misc-activity; sid:402; rev:16; )"
172,403,PROTOCOL-ICMP Destination Unreachable Precedence Cutoff in effect,included,behavior_header,"usa apenas cabecalho, fluxo, flags ou metadados do pacote","alert icmp $EXTERNAL_NET any -> $HOME_NET any ( msg:""PROTOCOL-ICMP Destination Unreachable Precedence Cutoff in effect""; icode:15; itype:3; metadata:ruleset community; classtype:misc-activity; sid:403; rev:9; )"
173,404,PROTOCOL-ICMP Destination Unreachable Protocol Unreachable,included,behavior_header,"usa apenas cabecalho, fluxo, flags ou metadados do pacote","alert icmp $EXTERNAL_NET any -> $HOME_NET any ( msg:""PROTOCOL-ICMP Destination Unreachable Protocol Unreachable""; icode:2; itype:3; metadata:policy max-detect-ips drop,ruleset community; reference:cve,2004-0790; reference:cve,2005-0068; classtype:misc-activity; sid:404; rev:14; )"
174,405,PROTOCOL-ICMP Destination Unreachable Source Host Isolated,included,behavior_header,"usa apenas cabecalho, fluxo, flags ou metadados do pacote","alert icmp $EXTERNAL_NET any -> $HOME_NET any ( msg:""PROTOCOL-ICMP Destination Unreachable Source Host Isolated""; icode:8; itype:3; metadata:ruleset community; classtype:misc-activity; sid:405; rev:9; )"
175,406,PROTOCOL-ICMP Destination Unreachable Source Route Failed,included,behavior_header,"usa apenas cabecalho, fluxo, flags ou metadados do pacote","alert icmp $EXTERNAL_NET any -> $HOME_NET any ( msg:""PROTOCOL-ICMP Destination Unreachable Source Route Failed""; icode:5; itype:3; metadata:ruleset community; classtype:misc-activity; sid:406; rev:9; )"
176,407,PROTOCOL-ICMP Destination Unreachable cndefined code,included,behavior_header,"usa apenas cabecalho, fluxo, flags ou metadados do pacote","alert icmp $EXTERNAL_NET any -> $HOME_NET any ( msg:""PROTOCOL-ICMP Destination Unreachable cndefined code""; icode:>15; itype:3; metadata:ruleset community; classtype:misc-activity; sid:407; rev:10; )"
177,408,PROTOCOL-ICMP Echo Reply,included,behavior_header,"usa apenas cabecalho, fluxo, flags ou metadados do pacote","alert icmp $EXTERNAL_NET any -> $HOME_NET any ( msg:""PROTOCOL-ICMP Echo Reply""; icode:0; itype:0; metadata:ruleset community; classtype:misc-activity; sid:408; rev:8; )"
178,409,PROTOCOL-ICMP Echo Reply undefined code,included,behavior_header,"usa apenas cabecalho, fluxo, flags ou metadados do pacote","alert icmp $EXTERNAL_NET any -> $HOME_NET any ( msg:""PROTOCOL-ICMP Echo Reply undefined code""; icode:>0; itype:0; metadata:ruleset community; classtype:misc-activity; sid:409; rev:10; )"
179,410,PROTOCOL-ICMP Fragment Reassembly Time Exceeded,included,behavior_header,"usa apenas cabecalho, fluxo, flags ou metadados do pacote","alert icmp $EXTERNAL_NET any -> $HOME_NET any ( msg:""PROTOCOL-ICMP Fragment Reassembly Time Exceeded""; icode:1; itype:11; metadata:ruleset community; classtype:misc-activity; sid:410; rev:8; )"
180,411,PROTOCOL-ICMP IPV6 I-Am-Here,included,behavior_header,"usa apenas cabecalho, fluxo, flags ou metadados do pacote","alert icmp $EXTERNAL_NET any -> $HOME_NET any ( msg:""PROTOCOL-ICMP IPV6 I-Am-Here""; icode:0; itype:34; metadata:ruleset community; classtype:misc-activity; sid:411; rev:8; )"
181,412,PROTOCOL-ICMP IPV6 I-Am-Here undefined code,included,behavior_header,"usa apenas cabecalho, fluxo, flags ou metadados do pacote","alert icmp $EXTERNAL_NET any -> $HOME_NET any ( msg:""PROTOCOL-ICMP IPV6 I-Am-Here undefined code""; icode:>0; itype:34; metadata:ruleset community; classtype:misc-activity; sid:412; rev:10; )"
182,413,PROTOCOL-ICMP IPV6 Where-Are-You,included,behavior_header,"usa apenas cabecalho, fluxo, flags ou metadados do pacote","alert icmp $EXTERNAL_NET any -> $HOME_NET any ( msg:""PROTOCOL-ICMP IPV6 Where-Are-You""; icode:0; itype:33; metadata:ruleset community; classtype:misc-activity; sid:413; rev:8; )"
183,414,PROTOCOL-ICMP IPV6 Where-Are-You undefined code,included,behavior_header,"usa apenas cabecalho, fluxo, flags ou metadados do pacote","alert icmp $EXTERNAL_NET any -> $HOME_NET any ( msg:""PROTOCOL-ICMP IPV6 Where-Are-You undefined code""; icode:>0; itype:33; metadata:ruleset community; classtype:misc-activity; sid:414; rev:10; )"
184,415,PROTOCOL-ICMP Information Reply,included,behavior_header,"usa apenas cabecalho, fluxo, flags ou metadados do pacote","alert icmp $HOME_NET any -> $EXTERNAL_NET any ( msg:""PROTOCOL-ICMP Information Reply""; icode:0; itype:16; metadata:ruleset community; classtype:misc-activity; sid:415; rev:8; )"
185,416,PROTOCOL-ICMP Information Reply undefined code,included,behavior_header,"usa apenas cabecalho, fluxo, flags ou metadados do pacote","alert icmp $HOME_NET any -> $EXTERNAL_NET any ( msg:""PROTOCOL-ICMP Information Reply undefined code""; icode:>0; itype:16; metadata:ruleset community; classtype:misc-activity; sid:416; rev:10; )"
186,417,PROTOCOL-ICMP Information Request,included,behavior_header,"usa apenas cabecalho, fluxo, flags ou metadados do pacote","alert icmp $EXTERNAL_NET any -> $HOME_NET any ( msg:""PROTOCOL-ICMP Information Request""; icode:0; itype:15; metadata:ruleset community; classtype:misc-activity; sid:417; rev:8; )"
187,418,PROTOCOL-ICMP Information Request undefined code,included,behavior_header,"usa apenas cabecalho, fluxo, flags ou metadados do pacote","alert icmp $EXTERNAL_NET any -> $HOME_NET any ( msg:""PROTOCOL-ICMP Information Request undefined code""; icode:>0; itype:15; metadata:ruleset community; classtype:misc-activity; sid:418; rev:10; )"
188,419,PROTOCOL-ICMP Mobile Host Redirect,included,behavior_header,"usa apenas cabecalho, fluxo, flags ou metadados do pacote","alert icmp $EXTERNAL_NET any -> $HOME_NET any ( msg:""PROTOCOL-ICMP Mobile Host Redirect""; icode:0; itype:32; metadata:ruleset community; classtype:misc-activity; sid:419; rev:8; )"
189,420,PROTOCOL-ICMP Mobile Host Redirect undefined code,included,behavior_header,"usa apenas cabecalho, fluxo, flags ou metadados do pacote","alert icmp $EXTERNAL_NET any -> $HOME_NET any ( msg:""PROTOCOL-ICMP Mobile Host Redirect undefined code""; icode:>0; itype:32; metadata:ruleset community; classtype:misc-activity; sid:420; rev:10; )"
190,421,PROTOCOL-ICMP Mobile Registration Reply,included,behavior_header,"usa apenas cabecalho, fluxo, flags ou metadados do pacote","alert icmp $EXTERNAL_NET any -> $HOME_NET any ( msg:""PROTOCOL-ICMP Mobile Registration Reply""; icode:0; itype:36; metadata:ruleset community; classtype:misc-activity; sid:421; rev:8; )"
191,422,PROTOCOL-ICMP Mobile Registration Reply undefined code,included,behavior_header,"usa apenas cabecalho, fluxo, flags ou metadados do pacote","alert icmp $EXTERNAL_NET any -> $HOME_NET any ( msg:""PROTOCOL-ICMP Mobile Registration Reply undefined code""; icode:>0; itype:36; metadata:ruleset community; classtype:misc-activity; sid:422; rev:10; )"
192,423,PROTOCOL-ICMP Mobile Registration Request,included,behavior_header,"usa apenas cabecalho, fluxo, flags ou metadados do pacote","alert icmp $EXTERNAL_NET any -> $HOME_NET any ( msg:""PROTOCOL-ICMP Mobile Registration Request""; icode:0; itype:35; metadata:ruleset community; classtype:misc-activity; sid:423; rev:8; )"
193,424,PROTOCOL-ICMP Mobile Registration Request undefined code,included,behavior_header,"usa apenas cabecalho, fluxo, flags ou metadados do pacote","alert icmp $EXTERNAL_NET any -> $HOME_NET any ( msg:""PROTOCOL-ICMP Mobile Registration Request undefined code""; icode:>0; itype:35; metadata:ruleset community; classtype:misc-activity; sid:424; rev:10; )"
194,425,PROTOCOL-ICMP Parameter Problem Bad Length,included,behavior_header,"usa apenas cabecalho, fluxo, flags ou metadados do pacote","alert icmp $EXTERNAL_NET any -> $HOME_NET any ( msg:""PROTOCOL-ICMP Parameter Problem Bad Length""; icode:2; itype:12; metadata:ruleset community; classtype:misc-activity; sid:425; rev:9; )"
195,426,PROTOCOL-ICMP Parameter Problem Missing a Required Option,included,behavior_header,"usa apenas cabecalho, fluxo, flags ou metadados do pacote","alert icmp $EXTERNAL_NET any -> $HOME_NET any ( msg:""PROTOCOL-ICMP Parameter Problem Missing a Required Option""; icode:1; itype:12; metadata:ruleset community; classtype:misc-activity; sid:426; rev:10; )"
196,427,PROTOCOL-ICMP Parameter Problem Unspecified Error,included,behavior_header,"usa apenas cabecalho, fluxo, flags ou metadados do pacote","alert icmp $EXTERNAL_NET any -> $HOME_NET any ( msg:""PROTOCOL-ICMP Parameter Problem Unspecified Error""; icode:0; itype:12; metadata:ruleset community; classtype:misc-activity; sid:427; rev:9; )"
197,428,PROTOCOL-ICMP Parameter Problem undefined Code,included,behavior_header,"usa apenas cabecalho, fluxo, flags ou metadados do pacote","alert icmp $EXTERNAL_NET any -> $HOME_NET any ( msg:""PROTOCOL-ICMP Parameter Problem undefined Code""; icode:>2; itype:12; metadata:ruleset community; classtype:misc-activity; sid:428; rev:10; )"
198,429,PROTOCOL-ICMP Photuris Reserved,included,behavior_header,"usa apenas cabecalho, fluxo, flags ou metadados do pacote","alert icmp $EXTERNAL_NET any -> $HOME_NET any ( msg:""PROTOCOL-ICMP Photuris Reserved""; icode:0; itype:40; metadata:ruleset community; classtype:misc-activity; sid:429; rev:9; )"
199,430,PROTOCOL-ICMP Photuris Unknown Security Parameters Index,included,behavior_header,"usa apenas cabecalho, fluxo, flags ou metadados do pacote","alert icmp $EXTERNAL_NET any -> $HOME_NET any ( msg:""PROTOCOL-ICMP Photuris Unknown Security Parameters Index""; icode:1; itype:40; metadata:ruleset community; classtype:misc-activity; sid:430; rev:9; )"
200,431,"PROTOCOL-ICMP Photuris Valid Security Parameters, But Authentication Failed",included,behavior_header,"usa apenas cabecalho, fluxo, flags ou metadados do pacote","alert icmp $EXTERNAL_NET any -> $HOME_NET any ( msg:""PROTOCOL-ICMP Photuris Valid Security Parameters, But Authentication Failed""; icode:2; itype:40; metadata:ruleset community; classtype:misc-activity; sid:431; rev:9; )"
201,432,"PROTOCOL-ICMP Photuris Valid Security Parameters, But Decryption Failed",included,behavior_header,"usa apenas cabecalho, fluxo, flags ou metadados do pacote","alert icmp $EXTERNAL_NET any -> $HOME_NET any ( msg:""PROTOCOL-ICMP Photuris Valid Security Parameters, But Decryption Failed""; icode:3; itype:40; metadata:ruleset community; classtype:misc-activity; sid:432; rev:9; )"
202,433,PROTOCOL-ICMP Photuris undefined code!,included,behavior_header,"usa apenas cabecalho, fluxo, flags ou metadados do pacote","alert icmp $EXTERNAL_NET any -> $HOME_NET any ( msg:""PROTOCOL-ICMP Photuris undefined code!""; icode:>3; itype:40; metadata:ruleset community; classtype:misc-activity; sid:433; rev:11; )"
203,436,PROTOCOL-ICMP Redirect for TOS and Host,included,behavior_header,"usa apenas cabecalho, fluxo, flags ou metadados do pacote","alert icmp $EXTERNAL_NET any -> $HOME_NET any ( msg:""PROTOCOL-ICMP Redirect for TOS and Host""; icode:3; itype:5; metadata:ruleset community; reference:cve,1999-0265; classtype:misc-activity; sid:436; rev:10; )"
204,437,PROTOCOL-ICMP Redirect for TOS and Network,included,behavior_header,"usa apenas cabecalho, fluxo, flags ou metadados do pacote","alert icmp $EXTERNAL_NET any -> $HOME_NET any ( msg:""PROTOCOL-ICMP Redirect for TOS and Network""; icode:2; itype:5; metadata:ruleset community; reference:cve,1999-0265; classtype:misc-activity; sid:437; rev:10; )"
205,438,PROTOCOL-ICMP Redirect undefined code,included,behavior_header,"usa apenas cabecalho, fluxo, flags ou metadados do pacote","alert icmp $EXTERNAL_NET any -> $HOME_NET any ( msg:""PROTOCOL-ICMP Redirect undefined code""; icode:>3; itype:5; metadata:ruleset community; reference:cve,1999-0265; classtype:misc-activity; sid:438; rev:13; )"
206,439,PROTOCOL-ICMP Reserved for Security Type 19,included,behavior_header,"usa apenas cabecalho, fluxo, flags ou metadados do pacote","alert icmp $EXTERNAL_NET any -> $HOME_NET any ( msg:""PROTOCOL-ICMP Reserved for Security Type 19""; icode:0; itype:19; metadata:ruleset community; classtype:misc-activity; sid:439; rev:9; )"
207,440,PROTOCOL-ICMP Reserved for Security Type 19 undefined code,included,behavior_header,"usa apenas cabecalho, fluxo, flags ou metadados do pacote","alert icmp $EXTERNAL_NET any -> $HOME_NET any ( msg:""PROTOCOL-ICMP Reserved for Security Type 19 undefined code""; icode:>0; itype:19; metadata:ruleset community; classtype:misc-activity; sid:440; rev:10; )"
208,441,PROTOCOL-ICMP Router Advertisement,included,behavior_header,"usa apenas cabecalho, fluxo, flags ou metadados do pacote","alert icmp $EXTERNAL_NET any -> $HOME_NET any ( msg:""PROTOCOL-ICMP Router Advertisement""; icode:0; itype:9; metadata:ruleset community; classtype:misc-activity; sid:441; rev:10; )"
209,443,PROTOCOL-ICMP Router Selection,included,behavior_header,"usa apenas cabecalho, fluxo, flags ou metadados do pacote","alert icmp $EXTERNAL_NET any -> $HOME_NET any ( msg:""PROTOCOL-ICMP Router Selection""; icode:0; itype:10; metadata:ruleset community; classtype:misc-activity; sid:443; rev:9; )"
210,445,PROTOCOL-ICMP SKIP,included,behavior_header,"usa apenas cabecalho, fluxo, flags ou metadados do pacote","alert icmp $EXTERNAL_NET any -> $HOME_NET any ( msg:""PROTOCOL-ICMP SKIP""; icode:0; itype:39; metadata:ruleset community; classtype:misc-activity; sid:445; rev:8; )"
211,446,PROTOCOL-ICMP SKIP undefined code,included,behavior_header,"usa apenas cabecalho, fluxo, flags ou metadados do pacote","alert icmp $EXTERNAL_NET any -> $HOME_NET any ( msg:""PROTOCOL-ICMP SKIP undefined code""; icode:>0; itype:39; metadata:ruleset community; classtype:misc-activity; sid:446; rev:10; )"
212,448,PROTOCOL-ICMP Source Quench undefined code,included,behavior_header,"usa apenas cabecalho, fluxo, flags ou metadados do pacote","alert icmp $EXTERNAL_NET any -> $HOME_NET any ( msg:""PROTOCOL-ICMP Source Quench undefined code""; icode:>0; itype:4; metadata:ruleset community; classtype:misc-activity; sid:448; rev:10; )"
213,449,PROTOCOL-ICMP Time-To-Live Exceeded in Transit,included,behavior_header,"usa apenas cabecalho, fluxo, flags ou metadados do pacote","alert icmp $HOME_NET any -> $EXTERNAL_NET any ( msg:""PROTOCOL-ICMP Time-To-Live Exceeded in Transit""; icode:0; itype:11; metadata:ruleset community; classtype:misc-activity; sid:449; rev:9; )"
214,450,PROTOCOL-ICMP Time-To-Live Exceeded in Transit undefined code,included,behavior_header,"usa apenas cabecalho, fluxo, flags ou metadados do pacote","alert icmp $HOME_NET any -> $EXTERNAL_NET any ( msg:""PROTOCOL-ICMP Time-To-Live Exceeded in Transit undefined code""; icode:>1; itype:11; metadata:ruleset community; classtype:misc-activity; sid:450; rev:11; )"
215,451,PROTOCOL-ICMP Timestamp Reply,included,behavior_header,"usa apenas cabecalho, fluxo, flags ou metadados do pacote","alert icmp $EXTERNAL_NET any -> $HOME_NET any ( msg:""PROTOCOL-ICMP Timestamp Reply""; icode:0; itype:14; metadata:ruleset community; classtype:misc-activity; sid:451; rev:8; )"
216,452,PROTOCOL-ICMP Timestamp Reply undefined code,included,behavior_header,"usa apenas cabecalho, fluxo, flags ou metadados do pacote","alert icmp $EXTERNAL_NET any -> $HOME_NET any ( msg:""PROTOCOL-ICMP Timestamp Reply undefined code""; icode:>0; itype:14; metadata:ruleset community; classtype:misc-activity; sid:452; rev:10; )"
217,453,PROTOCOL-ICMP Timestamp Request,included,behavior_header,"usa apenas cabecalho, fluxo, flags ou metadados do pacote","alert icmp $EXTERNAL_NET any -> $HOME_NET any ( msg:""PROTOCOL-ICMP Timestamp Request""; icode:0; itype:13; metadata:ruleset community; classtype:misc-activity; sid:453; rev:8; )"
218,454,PROTOCOL-ICMP Timestamp Request undefined code,included,behavior_header,"usa apenas cabecalho, fluxo, flags ou metadados do pacote","alert icmp $EXTERNAL_NET any -> $HOME_NET any ( msg:""PROTOCOL-ICMP Timestamp Request undefined code""; icode:>0; itype:13; metadata:ruleset community; classtype:misc-activity; sid:454; rev:10; )"
219,456,PROTOCOL-ICMP Traceroute,included,behavior_header,"usa apenas cabecalho, fluxo, flags ou metadados do pacote","alert icmp $EXTERNAL_NET any -> $HOME_NET any ( msg:""PROTOCOL-ICMP Traceroute""; icode:0; itype:30; metadata:ruleset community; classtype:misc-activity; sid:456; rev:8; )"
220,457,PROTOCOL-ICMP Traceroute undefined code,included,behavior_header,"usa apenas cabecalho, fluxo, flags ou metadados do pacote","alert icmp $EXTERNAL_NET any -> $HOME_NET any ( msg:""PROTOCOL-ICMP Traceroute undefined code""; icode:>0; itype:30; metadata:ruleset community; classtype:misc-activity; sid:457; rev:10; )"
221,458,PROTOCOL-ICMP unassigned type 1,included,behavior_header,"usa apenas cabecalho, fluxo, flags ou metadados do pacote","alert icmp $EXTERNAL_NET any -> $HOME_NET any ( msg:""PROTOCOL-ICMP unassigned type 1""; icode:0; itype:1; metadata:ruleset community; classtype:misc-activity; sid:458; rev:12; )"
222,459,PROTOCOL-ICMP unassigned type 1 undefined code,included,behavior_header,"usa apenas cabecalho, fluxo, flags ou metadados do pacote","alert icmp $EXTERNAL_NET any -> $HOME_NET any ( msg:""PROTOCOL-ICMP unassigned type 1 undefined code""; itype:1; metadata:ruleset community; classtype:misc-activity; sid:459; rev:12; )"
223,460,PROTOCOL-ICMP unassigned type 2,included,behavior_header,"usa apenas cabecalho, fluxo, flags ou metadados do pacote","alert icmp $EXTERNAL_NET any -> $HOME_NET any ( msg:""PROTOCOL-ICMP unassigned type 2""; icode:0; itype:2; metadata:ruleset community; classtype:misc-activity; sid:460; rev:12; )"
224,461,PROTOCOL-ICMP unassigned type 2 undefined code,included,behavior_header,"usa apenas cabecalho, fluxo, flags ou metadados do pacote","alert icmp $EXTERNAL_NET any -> $HOME_NET any ( msg:""PROTOCOL-ICMP unassigned type 2 undefined code""; itype:2; metadata:ruleset community; classtype:misc-activity; sid:461; rev:12; )"
225,462,PROTOCOL-ICMP unassigned type 7,included,behavior_header,"usa apenas cabecalho, fluxo, flags ou metadados do pacote","alert icmp $EXTERNAL_NET any -> $HOME_NET any ( msg:""PROTOCOL-ICMP unassigned type 7""; icode:0; itype:7; metadata:ruleset community; classtype:misc-activity; sid:462; rev:12; )"
226,463,PROTOCOL-ICMP unassigned type 7 undefined code,included,behavior_header,"usa apenas cabecalho, fluxo, flags ou metadados do pacote","alert icmp $EXTERNAL_NET any -> $HOME_NET any ( msg:""PROTOCOL-ICMP unassigned type 7 undefined code""; itype:7; metadata:ruleset community; reference:cve,1999-0454; classtype:misc-activity; sid:463; rev:14; )"
227,465,PROTOCOL-ICMP ISS Pinger,included,"behavior_header,payload_positioned",combina cabecalho/fluxo com payload posicionado por offset/depth; todos os contents possuem offset/depth absoluto,"alert icmp $EXTERNAL_NET any -> $HOME_NET any ( msg:""PROTOCOL-ICMP ISS Pinger""; itype:8; content:""ISSPNGRQ"",depth 32; metadata:ruleset community; classtype:attempted-recon; sid:465; rev:8; )"
228,466,PROTOCOL-ICMP L3retriever Ping,included,"behavior_header,payload_positioned",combina cabecalho/fluxo com payload posicionado por offset/depth; todos os contents possuem offset/depth absoluto,"alert icmp $EXTERNAL_NET any -> $HOME_NET any ( msg:""PROTOCOL-ICMP L3retriever Ping""; icode:0; itype:8; content:""ABCDEFGHIJKLMNOPQRSTUVWABCDEFGHI"",depth 32; metadata:ruleset community; classtype:attempted-recon; sid:466; rev:9; )"
232,480,PROTOCOL-ICMP PING speedera,included,"behavior_header,payload_positioned",combina cabecalho/fluxo com payload posicionado por offset/depth; todos os contents possuem offset/depth absoluto,"alert icmp $EXTERNAL_NET any -> $HOME_NET any ( msg:""PROTOCOL-ICMP PING speedera""; itype:8; content:""89|3A 3B|<=>?"",depth 100; metadata:ruleset community; classtype:misc-activity; sid:480; rev:9; )"
233,481,PROTOCOL-ICMP TJPingPro1.1Build 2 Windows,included,"behavior_header,payload_positioned",combina cabecalho/fluxo com payload posicionado por offset/depth; todos os contents possuem offset/depth absoluto,"alert icmp $EXTERNAL_NET any -> $HOME_NET any ( msg:""PROTOCOL-ICMP TJPingPro1.1Build 2 Windows""; itype:8; content:""TJPingPro by Jim"",depth 32; metadata:ruleset community; classtype:misc-activity; sid:481; rev:10; )"
234,482,PROTOCOL-ICMP PING WhatsupGold Windows,included,"behavior_header,payload_positioned",combina cabecalho/fluxo com payload posicionado por offset/depth; todos os contents possuem offset/depth absoluto,"alert icmp $EXTERNAL_NET any -> $HOME_NET any ( msg:""PROTOCOL-ICMP PING WhatsupGold Windows""; itype:8; content:""WhatsUp - A Netw"",depth 32; metadata:ruleset community; classtype:misc-activity; sid:482; rev:10; )"
235,483,PROTOCOL-ICMP PING CyberKit 2.2 Windows,included,"behavior_header,payload_positioned",combina cabecalho/fluxo com payload posicionado por offset/depth; todos os contents possuem offset/depth absoluto,"alert icmp $EXTERNAL_NET any -> $HOME_NET any ( msg:""PROTOCOL-ICMP PING CyberKit 2.2 Windows""; itype:8; content:""|AA AA AA AA AA AA AA AA AA AA AA AA AA AA AA AA|"",depth 32; metadata:ruleset community; classtype:misc-activity; sid:483; rev:10; )"
236,484,PROTOCOL-ICMP PING Sniffer Pro/NetXRay network scan,included,"behavior_header,payload_positioned",combina cabecalho/fluxo com payload posicionado por offset/depth; todos os contents possuem offset/depth absoluto,"alert icmp $EXTERNAL_NET any -> $HOME_NET any ( msg:""PROTOCOL-ICMP PING Sniffer Pro/NetXRay network scan""; itype:8; content:""Cinco Network, Inc."",depth 32; metadata:ruleset community; classtype:misc-activity; sid:484; rev:8; )"
246,505,SERVER-OTHER Insecure TIMBUKTU Password,included,"behavior_header,payload_positioned",combina cabecalho/fluxo com payload posicionado por offset/depth; todos os contents possuem offset/depth absoluto,"alert tcp $EXTERNAL_NET any -> $HOME_NET 1417 ( msg:""SERVER-OTHER Insecure TIMBUKTU Password""; flow:to_server,established; content:""|05 00|>"",depth 16; metadata:ruleset community; classtype:bad-unknown; sid:505; rev:9; )"
249,509,SERVER-WEBAPP PCCS mysql database admin tool access,included,"behavior_header,payload_positioned",combina cabecalho/fluxo com payload posicionado por offset/depth; todos os contents possuem offset/depth absoluto,"alert tcp $EXTERNAL_NET any -> $HTTP_SERVERS $HTTP_PORTS ( msg:""SERVER-WEBAPP PCCS mysql database admin tool access""; flow:to_server,established; content:""pccsmysqladm/incs/dbconnect.inc"",depth 36,nocase; metadata:ruleset community; service:http; reference:bugtraq,1557; reference:cve,2000-0707; reference:nessus,10783; classtype:web-application-attack; sid:509; rev:18; )"
251,512,PUA-OTHER PCAnywhere Failed Login,included,"behavior_header,payload_positioned",combina cabecalho/fluxo com payload posicionado por offset/depth; todos os contents possuem offset/depth absoluto,"alert tcp $HOME_NET 5631:5632 -> $EXTERNAL_NET any ( msg:""PUA-OTHER PCAnywhere Failed Login""; flow:to_client,established; content:""Invalid login"",depth 16; metadata:ruleset community; classtype:unsuccessful-user; sid:512; rev:9; )"
252,514,SERVER-OTHER ramen worm,included,"behavior_header,payload_positioned",combina cabecalho/fluxo com payload posicionado por offset/depth; todos os contents possuem offset/depth absoluto,"alert tcp $HOME_NET any -> $EXTERNAL_NET 27374 ( msg:""SERVER-OTHER ramen worm""; flow:to_server,established; content:""GET "",depth 8,nocase; metadata:ruleset community; classtype:bad-unknown; sid:514; rev:9; )"
255,518,PROTOCOL-TFTP Put,included,"behavior_header,payload_positioned",combina cabecalho/fluxo com payload posicionado por offset/depth; todos os contents possuem offset/depth absoluto,"alert udp $EXTERNAL_NET any -> $HOME_NET 69 ( msg:""PROTOCOL-TFTP Put""; flow:to_server; content:""|00 02|"",depth 2; metadata:policy max-detect-ips drop,ruleset community; reference:cve,1999-0183; reference:url,github.com/rapid7/metasploit-framework/blob/unstable/unstable-modules/auxiliary/d20tftpbd.rb; classtype:bad-unknown; sid:518; rev:16; )"
256,519,PROTOCOL-TFTP parent directory,included,"behavior_header,payload_positioned",combina cabecalho/fluxo com payload posicionado por offset/depth; todos os contents possuem offset/depth absoluto,"alert udp $EXTERNAL_NET any -> $HOME_NET 69 ( msg:""PROTOCOL-TFTP parent directory""; flow:to_server; content:"".."",offset 2; metadata:policy max-detect-ips drop,ruleset community; reference:cve,1999-0183; reference:cve,2002-1209; reference:cve,2007-0888; reference:cve,2011-4722; classtype:bad-unknown; gid:1; sid:519; rev:16; )"
257,520,PROTOCOL-TFTP root directory,included,"behavior_header,payload_positioned",combina cabecalho/fluxo com payload posicionado por offset/depth; todos os contents possuem offset/depth absoluto,"alert udp $EXTERNAL_NET any -> $HOME_NET 69 ( msg:""PROTOCOL-TFTP root directory""; flow:to_server; content:""|00 01|/"",depth 3; metadata:policy max-detect-ips drop,ruleset community; reference:cve,1999-0183; classtype:bad-unknown; sid:520; rev:13; )"
268,546,INDICATOR-COMPROMISE FTP 'CWD  ' possible warez site,included,"behavior_header,payload_positioned",combina cabecalho/fluxo com payload posicionado por offset/depth; todos os contents possuem offset/depth absoluto,"alert tcp $EXTERNAL_NET any -> $HOME_NET 21 ( msg:""INDICATOR-COMPROMISE FTP 'CWD  ' possible warez site""; flow:to_server,established; content:""CWD  "",depth 5,nocase; metadata:ruleset community; service:ftp; classtype:misc-activity; sid:546; rev:10; )"
269,547,INDICATOR-COMPROMISE FTP 'MKD  ' possible warez site,included,"behavior_header,payload_positioned",combina cabecalho/fluxo com payload posicionado por offset/depth; todos os contents possuem offset/depth absoluto,"alert tcp $EXTERNAL_NET any -> $HOME_NET 21 ( msg:""INDICATOR-COMPROMISE FTP 'MKD  ' possible warez site""; flow:to_server,established; content:""MKD  "",depth 5,nocase; metadata:ruleset community; service:ftp; classtype:misc-activity; sid:547; rev:11; )"
270,548,INDICATOR-COMPROMISE FTP 'MKD .' possible warez site,included,"behavior_header,payload_positioned",combina cabecalho/fluxo com payload posicionado por offset/depth; todos os contents possuem offset/depth absoluto,"alert tcp $EXTERNAL_NET any -> $HOME_NET 21 ( msg:""INDICATOR-COMPROMISE FTP 'MKD .' possible warez site""; flow:to_server,established; content:""MKD ."",depth 5,nocase; metadata:ruleset community; service:ftp; classtype:misc-activity; sid:548; rev:10; )"
274,556,PUA-P2P Outbound GNUTella client request,included,"behavior_header,payload_positioned",combina cabecalho/fluxo com payload posicionado por offset/depth; todos os contents possuem offset/depth absoluto,"alert tcp $HOME_NET any -> $EXTERNAL_NET any ( msg:""PUA-P2P Outbound GNUTella client request""; flow:to_server,established; content:""GNUTELLA CONNECT"",depth 40; metadata:ruleset community; classtype:policy-violation; sid:556; rev:10; )"
275,557,PUA-P2P GNUTella client request,included,"behavior_header,payload_positioned",combina cabecalho/fluxo com payload posicionado por offset/depth; todos os contents possuem offset/depth absoluto,"alert tcp $HOME_NET any -> $EXTERNAL_NET any ( msg:""PUA-P2P GNUTella client request""; flow:to_server,established; content:""GNUTELLA OK"",depth 40; metadata:ruleset community; classtype:policy-violation; sid:557; rev:11; )"
276,560,APP-DETECT VNC server response,included,"behavior_header,payload_positioned",combina cabecalho/fluxo com payload posicionado por offset/depth; todos os contents possuem offset/depth absoluto,"alert tcp $EXTERNAL_NET any -> $HOME_NET any ( msg:""APP-DETECT VNC server response""; flow:established; content:""RFB 0"",depth 5; content:"".0"",depth 2,offset 7; metadata:ruleset community; classtype:misc-activity; sid:560; rev:9; )"
278,567,SERVER-MAIL SMTP relaying denied,included,"behavior_header,payload_positioned",combina cabecalho/fluxo com payload posicionado por offset/depth; todos os contents possuem offset/depth absoluto,"alert tcp $SMTP_SERVERS 25 -> $EXTERNAL_NET any ( msg:""SERVER-MAIL SMTP relaying denied""; flow:to_client,established; content:""550 5.7.1"",depth 70; metadata:ruleset community; service:smtp; reference:url,mail-abuse.org/tsi/ar-fix.html; classtype:misc-activity; sid:567; rev:17; )"
281,572,PROTOCOL-RPC DOS ttdbserv Solaris,included,"behavior_header,payload_positioned",combina cabecalho/fluxo com payload posicionado por offset/depth; todos os contents possuem offset/depth absoluto,"alert tcp $EXTERNAL_NET any -> $HOME_NET 32771:34000 ( msg:""PROTOCOL-RPC DOS ttdbserv Solaris""; flow:to_server,established; content:""|00 00 00 00|"",depth 4,offset 8; content:""|00 01 86 F3 00 00 00 01 00 00 00 0F 00 00 00 01|"",depth 32,offset 16; metadata:ruleset community; reference:bugtraq,122; reference:cve,1999-0003; classtype:attempted-dos; sid:572; rev:14; )"
316,613,INDICATOR-SCAN myscan,included,behavior_header,"usa apenas cabecalho, fluxo, flags ou metadados do pacote","alert tcp $EXTERNAL_NET 10101 -> $HOME_NET any ( msg:""INDICATOR-SCAN myscan""; flow:stateless; ack:0; flags:S; ttl:>220; metadata:ruleset community; reference:url,attack.mitre.org/techniques/T1018; reference:url,attack.mitre.org/techniques/T1040; reference:url,attack.mitre.org/techniques/T1046; classtype:attempted-recon; sid:613; rev:11; )"
317,614,MALWARE-BACKDOOR hack-a-tack attempt,included,"behavior_header,payload_positioned",combina cabecalho/fluxo com payload posicionado por offset/depth; todos os contents possuem offset/depth absoluto,"alert tcp $EXTERNAL_NET 31790 -> $HOME_NET 31789 ( msg:""MALWARE-BACKDOOR hack-a-tack attempt""; flow:stateless; flags:A+; content:""A"",depth 1; metadata:ruleset community; classtype:attempted-recon; sid:614; rev:13; )"
318,616,INDICATOR-SCAN ident version request,included,"behavior_header,payload_positioned",combina cabecalho/fluxo com payload posicionado por offset/depth; todos os contents possuem offset/depth absoluto,"alert tcp $EXTERNAL_NET any -> $HOME_NET 113 ( msg:""INDICATOR-SCAN ident version request""; flow:to_server,established; content:""VERSION|0A|"",depth 16; metadata:ruleset community; reference:url,attack.mitre.org/techniques/T1018; reference:url,attack.mitre.org/techniques/T1040; reference:url,attack.mitre.org/techniques/T1046; classtype:attempted-recon; sid:616; rev:9; )"
320,622,INDICATOR-SCAN ipEye SYN scan,included,behavior_header,"usa apenas cabecalho, fluxo, flags ou metadados do pacote","alert tcp $EXTERNAL_NET any -> $HOME_NET any ( msg:""INDICATOR-SCAN ipEye SYN scan""; flow:stateless; flags:S; seq:1958810375; metadata:ruleset community; reference:url,attack.mitre.org/techniques/T1018; reference:url,attack.mitre.org/techniques/T1040; reference:url,attack.mitre.org/techniques/T1046; classtype:attempted-recon; sid:622; rev:12; )"
321,626,INDICATOR-SCAN cybercop os PA12 attempt,included,"behavior_header,payload_positioned",combina cabecalho/fluxo com payload posicionado por offset/depth; todos os contents possuem offset/depth absoluto,"alert tcp $EXTERNAL_NET any -> $HOME_NET any ( msg:""INDICATOR-SCAN cybercop os PA12 attempt""; flow:stateless; flags:12AP; content:""AAAAAAAAAAAAAAAA"",depth 16; metadata:ruleset community; reference:url,attack.mitre.org/techniques/T1018; reference:url,attack.mitre.org/techniques/T1040; reference:url,attack.mitre.org/techniques/T1046; classtype:attempted-recon; sid:626; rev:13; )"
322,627,INDICATOR-SCAN cybercop os SFU12 probe,included,"behavior_header,payload_positioned",combina cabecalho/fluxo com payload posicionado por offset/depth; todos os contents possuem offset/depth absoluto,"alert tcp $EXTERNAL_NET any -> $HOME_NET any ( msg:""INDICATOR-SCAN cybercop os SFU12 probe""; flow:stateless; ack:0; flags:12FSU; content:""AAAAAAAAAAAAAAAA"",depth 16; metadata:ruleset community; reference:url,attack.mitre.org/techniques/T1018; reference:url,attack.mitre.org/techniques/T1040; reference:url,attack.mitre.org/techniques/T1046; classtype:attempted-recon; sid:627; rev:13; )"
323,630,INDICATOR-SCAN synscan portscan,included,behavior_header,"usa apenas cabecalho, fluxo, flags ou metadados do pacote","alert tcp $EXTERNAL_NET any -> $HOME_NET any ( msg:""INDICATOR-SCAN synscan portscan""; flow:stateless; flags:FS; id:39426; metadata:ruleset community; reference:url,attack.mitre.org/techniques/T1018; reference:url,attack.mitre.org/techniques/T1040; reference:url,attack.mitre.org/techniques/T1046; classtype:attempted-recon; sid:630; rev:11; )"
362,676,SQL sp_start_job - program execution,included,"behavior_header,payload_positioned",combina cabecalho/fluxo com payload posicionado por offset/depth; todos os contents possuem offset/depth absoluto,"alert tcp $EXTERNAL_NET any -> $SQL_SERVERS 139 ( msg:""SQL sp_start_job - program execution""; flow:to_server,established; content:""s|00|p|00|_|00|s|00|t|00|a|00|r|00|t|00|_|00|j|00|o|00|b|00|"",depth 32,offset 32,nocase; metadata:ruleset community; classtype:attempted-user; sid:676; rev:9; )"
365,679,SQL sp_adduser database user creation,included,"behavior_header,payload_positioned",combina cabecalho/fluxo com payload posicionado por offset/depth; todos os contents possuem offset/depth absoluto,"alert tcp $EXTERNAL_NET any -> $SQL_SERVERS 139 ( msg:""SQL sp_adduser database user creation""; flow:to_server,established; content:""s|00|p|00|_|00|a|00|d|00|d|00|u|00|s|00|e|00|r|00|"",depth 32,offset 32,nocase; metadata:ruleset community; classtype:attempted-user; sid:679; rev:9; )"
366,681,SQL xp_cmdshell program execution,included,"behavior_header,payload_positioned",combina cabecalho/fluxo com payload posicionado por offset/depth; todos os contents possuem offset/depth absoluto,"alert tcp $EXTERNAL_NET any -> $SQL_SERVERS 139 ( msg:""SQL xp_cmdshell program execution""; flow:to_server,established; content:""x|00|p|00|_|00|c|00|m|00|d|00|s|00|h|00|e|00|l|00|l|00|"",offset 32,nocase; metadata:ruleset community; reference:bugtraq,5309; classtype:attempted-user; sid:681; rev:10; )"
373,689,SERVER-MSSQL xp_reg* registry access,included,"behavior_header,payload_positioned",combina cabecalho/fluxo com payload posicionado por offset/depth; todos os contents possuem offset/depth absoluto,"alert tcp $EXTERNAL_NET any -> $SQL_SERVERS 139 ( msg:""SERVER-MSSQL xp_reg* registry access""; flow:to_server,established; content:""x|00|p|00|_|00|r|00|e|00|g|00|"",depth 32,offset 32,nocase; metadata:ruleset community; reference:bugtraq,5205; reference:cve,2002-0642; reference:nessus,10642; reference:url,technet.microsoft.com/en-us/security/bulletin/MS02-034; classtype:attempted-user; sid:689; rev:16; )"
378,695,SERVER-MSSQL xp_sprintf possible buffer overflow,included,"behavior_header,payload_positioned",combina cabecalho/fluxo com payload posicionado por offset/depth; todos os contents possuem offset/depth absoluto,"alert tcp $EXTERNAL_NET any -> $SQL_SERVERS 139 ( msg:""SERVER-MSSQL xp_sprintf possible buffer overflow""; flow:to_server,established; content:""x|00|p|00|_|00|s|00|p|00|r|00|i|00|n|00|t|00|f|00|"",offset 32,nocase; metadata:ruleset community; reference:bugtraq,1204; reference:url,technet.microsoft.com/en-us/security/bulletin/MS01-060; classtype:attempted-user; sid:695; rev:14; )"
542,969,SERVER-IIS WebDAV file lock attempt,included,"behavior_header,payload_positioned",combina cabecalho/fluxo com payload posicionado por offset/depth; todos os contents possuem offset/depth absoluto,"alert tcp $EXTERNAL_NET any -> $HTTP_SERVERS $HTTP_PORTS ( msg:""SERVER-IIS WebDAV file lock attempt""; flow:to_server,established; content:""LOCK "",depth 5; metadata:ruleset community; service:http; reference:bugtraq,2736; reference:nessus,10732; classtype:web-application-activity; sid:969; rev:13; )"
612,1047,SERVER-WEBAPP Netscape Enterprise DOS,included,"behavior_header,payload_positioned",combina cabecalho/fluxo com payload posicionado por offset/depth; todos os contents possuem offset/depth absoluto,"alert tcp $EXTERNAL_NET any -> $HTTP_SERVERS $HTTP_PORTS ( msg:""SERVER-WEBAPP Netscape Enterprise DOS""; flow:to_server,established; content:""REVLOG / "",depth 9; metadata:ruleset community; service:http; reference:bugtraq,2294; reference:cve,2001-0251; classtype:web-application-attack; sid:1047; rev:15; )"
613,1048,SERVER-WEBAPP Netscape Enterprise directory listing attempt,included,"behavior_header,payload_positioned",combina cabecalho/fluxo com payload posicionado por offset/depth; todos os contents possuem offset/depth absoluto,"alert tcp $EXTERNAL_NET any -> $HTTP_SERVERS $HTTP_PORTS ( msg:""SERVER-WEBAPP Netscape Enterprise directory listing attempt""; flow:to_server,established; content:""INDEX "",depth 6; metadata:ruleset community; service:http; reference:bugtraq,2285; reference:cve,2001-0250; reference:nessus,10691; classtype:web-application-attack; sid:1048; rev:16; )"
614,1050,SERVER-WEBAPP iPlanet GETPROPERTIES attempt,included,"behavior_header,payload_positioned",combina cabecalho/fluxo com payload posicionado por offset/depth; todos os contents possuem offset/depth absoluto,"alert tcp $EXTERNAL_NET any -> $HTTP_SERVERS $HTTP_PORTS ( msg:""SERVER-WEBAPP iPlanet GETPROPERTIES attempt""; flow:to_server,established; content:""GETPROPERTIES"",depth 13; metadata:ruleset community; service:http; reference:bugtraq,2732; reference:cve,2001-0746; classtype:web-application-attack; sid:1050; rev:17; )"
632,1070,SERVER-WEBAPP WebDAV search access,included,"behavior_header,payload_positioned",combina cabecalho/fluxo com payload posicionado por offset/depth; todos os contents possuem offset/depth absoluto,"alert tcp $EXTERNAL_NET any -> $HTTP_SERVERS $HTTP_PORTS ( msg:""SERVER-WEBAPP WebDAV search access""; flow:to_server,established; content:""SEARCH "",depth 8,nocase; metadata:ruleset community; service:http; reference:bugtraq,1756; reference:cve,2000-0951; classtype:web-application-activity; sid:1070; rev:16; )"
687,1133,INDICATOR-SCAN cybercop os probe,included,"behavior_header,payload_positioned",combina cabecalho/fluxo com payload posicionado por offset/depth; todos os contents possuem offset/depth absoluto,"alert tcp $EXTERNAL_NET any -> $HTTP_SERVERS $HTTP_PORTS ( msg:""INDICATOR-SCAN cybercop os probe""; flow:stateless; ack:0; flags:FPS; content:""AAAAAAAAAAAAAAAA"",depth 16; metadata:ruleset community; service:http; reference:url,attack.mitre.org/techniques/T1018; reference:url,attack.mitre.org/techniques/T1040; reference:url,attack.mitre.org/techniques/T1046; classtype:attempted-recon; sid:1133; rev:18; )"
790,1257,SERVER-OTHER Winnuke attack,included,behavior_header,"usa apenas cabecalho, fluxo, flags ou metadados do pacote","alert tcp $EXTERNAL_NET any -> $HOME_NET 135:139 ( msg:""SERVER-OTHER Winnuke attack""; flow:stateless; flags:U+; metadata:ruleset community; reference:bugtraq,2010; reference:cve,1999-0153; classtype:attempted-dos; sid:1257; rev:15; )"
816,1289,PROTOCOL-TFTP GET Admin.dll,included,"behavior_header,payload_positioned",combina cabecalho/fluxo com payload posicionado por offset/depth; todos os contents possuem offset/depth absoluto,"alert udp any any -> any 69 ( msg:""PROTOCOL-TFTP GET Admin.dll""; flow:to_server; content:""|00 01|"",depth 2; content:""admin.dll"",offset 2,nocase; metadata:policy max-detect-ips drop,ruleset community; reference:url,www.cert.org/advisories/CA-2001-26.html; classtype:successful-admin; sid:1289; rev:11; )"
834,1327,INDICATOR-SHELLCODE ssh CRC32 overflow,included,"behavior_header,payload_positioned",combina cabecalho/fluxo com payload posicionado por offset/depth; todos os contents possuem offset/depth absoluto,"alert tcp $EXTERNAL_NET any -> $HOME_NET $SSH_PORTS ( msg:""INDICATOR-SHELLCODE ssh CRC32 overflow""; flow:to_server,established; content:""|00 01|W|00 00 00 18|"",depth 7; content:""|FF FF FF FF 00 00|"",depth 14,offset 8; metadata:ruleset community; reference:bugtraq,2347; reference:cve,2001-0144; reference:cve,2001-0572; reference:nessus,10607; classtype:shellcode-detect; sid:1327; rev:14; )"
836,1375,SERVER-WEBAPP sadmind worm access,included,"behavior_header,payload_positioned",combina cabecalho/fluxo com payload posicionado por offset/depth; todos os contents possuem offset/depth absoluto,"alert tcp $EXTERNAL_NET any -> $HTTP_SERVERS $HTTP_PORTS ( msg:""SERVER-WEBAPP sadmind worm access""; flow:to_server,established; content:""GET x HTTP/1.0"",depth 15; metadata:ruleset community; service:http; reference:url,www.cert.org/advisories/CA-2001-11.html; classtype:attempted-recon; sid:1375; rev:12; )"
846,1386,SERVER-MSSQL raiserror possible buffer overflow,included,"behavior_header,payload_positioned",combina cabecalho/fluxo com payload posicionado por offset/depth; todos os contents possuem offset/depth absoluto,"alert tcp $EXTERNAL_NET any -> $SQL_SERVERS 139 ( msg:""SERVER-MSSQL raiserror possible buffer overflow""; flow:to_server,established; content:""r|00|a|00|i|00|s|00|e|00|r|00|r|00|o|00|r|00|"",offset 32,nocase; metadata:ruleset community; reference:bugtraq,3733; reference:cve,2001-0542; reference:url,technet.microsoft.com/en-us/security/bulletin/MS01-060; classtype:attempted-user; sid:1386; rev:15; )"
855,1398,SERVER-OTHER CDE dtspcd exploit attempt,included,"behavior_header,payload_positioned",combina cabecalho/fluxo com payload posicionado por offset/depth; todos os contents possuem offset/depth absoluto,"alert tcp $EXTERNAL_NET any -> $HOME_NET 6112 ( msg:""SERVER-OTHER CDE dtspcd exploit attempt""; flow:to_server,established; content:""1"",depth 1,offset 10; content:!""000"",depth 3,offset 11; metadata:ruleset community; reference:bugtraq,3517; reference:cve,2001-0803; reference:nessus,10833; reference:url,www.cert.org/advisories/CA-2002-01.html; classtype:misc-attack; sid:1398; rev:14; )"
864,1409,PROTOCOL-SNMP community string buffer overflow attempt,included,"behavior_header,payload_positioned",combina cabecalho/fluxo com payload posicionado por offset/depth; todos os contents possuem offset/depth absoluto,"alert udp $EXTERNAL_NET any -> $HOME_NET 161:162 ( msg:""PROTOCOL-SNMP community string buffer overflow attempt""; flow:to_server; content:""|02 01 00 04 82 01 00|"",offset 4; metadata:policy max-detect-ips drop,policy security-ips drop,ruleset community; service:snmp; reference:bugtraq,4088; reference:bugtraq,4089; reference:cve,2002-0012; reference:cve,2002-0013; reference:url,www.cert.org/advisories/CA-2002-03.html; classtype:misc-attack; sid:1409; rev:21; )"
870,1415,PROTOCOL-SNMP Broadcast request,included,behavior_header,"usa apenas cabecalho, fluxo, flags ou metadados do pacote","alert udp any any -> 255.255.255.255 161 ( msg:""PROTOCOL-SNMP Broadcast request""; flow:to_server; metadata:policy max-detect-ips drop,ruleset community; service:snmp; reference:bugtraq,4088; reference:bugtraq,4089; reference:bugtraq,4132; reference:cve,2002-0012; reference:cve,2002-0013; classtype:attempted-recon; sid:1415; rev:18; )"
871,1416,PROTOCOL-SNMP broadcast trap,included,behavior_header,"usa apenas cabecalho, fluxo, flags ou metadados do pacote","alert udp any any -> 255.255.255.255 162 ( msg:""PROTOCOL-SNMP broadcast trap""; flow:to_server; metadata:policy max-detect-ips drop,ruleset community; service:snmp; reference:bugtraq,4088; reference:bugtraq,4089; reference:bugtraq,4132; reference:cve,2002-0012; reference:cve,2002-0013; classtype:attempted-recon; sid:1416; rev:18; )"
872,1417,PROTOCOL-SNMP request udp,included,behavior_header,"usa apenas cabecalho, fluxo, flags ou metadados do pacote","alert udp $EXTERNAL_NET any -> $HOME_NET 161 ( msg:""PROTOCOL-SNMP request udp""; flow:to_server; metadata:policy max-detect-ips drop,ruleset community; service:snmp; reference:bugtraq,4088; reference:bugtraq,4089; reference:bugtraq,4132; reference:cve,2002-0012; reference:cve,2002-0013; classtype:attempted-recon; sid:1417; rev:18; )"
873,1418,PROTOCOL-SNMP request tcp,included,behavior_header,"usa apenas cabecalho, fluxo, flags ou metadados do pacote","alert tcp $EXTERNAL_NET any -> $HOME_NET 161 ( msg:""PROTOCOL-SNMP request tcp""; flow:stateless; metadata:policy max-detect-ips drop,ruleset community; service:snmp; reference:bugtraq,4088; reference:bugtraq,4089; reference:bugtraq,4132; reference:cve,2002-0012; reference:cve,2002-0013; classtype:attempted-recon; sid:1418; rev:19; )"
874,1419,PROTOCOL-SNMP trap udp,included,behavior_header,"usa apenas cabecalho, fluxo, flags ou metadados do pacote","alert udp $EXTERNAL_NET any -> $HOME_NET 162 ( msg:""PROTOCOL-SNMP trap udp""; flow:to_server; metadata:policy max-detect-ips drop,ruleset community; service:snmp; reference:bugtraq,4088; reference:bugtraq,4089; reference:bugtraq,4132; reference:cve,2002-0012; reference:cve,2002-0013; classtype:attempted-recon; sid:1419; rev:18; )"
875,1420,PROTOCOL-SNMP trap tcp,included,behavior_header,"usa apenas cabecalho, fluxo, flags ou metadados do pacote","alert tcp $EXTERNAL_NET any -> $HOME_NET 162 ( msg:""PROTOCOL-SNMP trap tcp""; flow:stateless; metadata:policy max-detect-ips drop,ruleset community; service:snmp; reference:bugtraq,4088; reference:bugtraq,4089; reference:bugtraq,4132; reference:cve,2002-0012; reference:cve,2002-0013; classtype:attempted-recon; sid:1420; rev:19; )"
876,1421,PROTOCOL-SNMP AgentX/tcp request,included,behavior_header,"usa apenas cabecalho, fluxo, flags ou metadados do pacote","alert tcp $EXTERNAL_NET any -> $HOME_NET 705 ( msg:""PROTOCOL-SNMP AgentX/tcp request""; flow:stateless; metadata:policy max-detect-ips drop,ruleset community; service:snmp; reference:bugtraq,4088; reference:bugtraq,4089; reference:bugtraq,4132; reference:cve,2002-0012; reference:cve,2002-0013; classtype:attempted-recon; sid:1421; rev:19; )"
877,1422,PROTOCOL-SNMP community string buffer overflow attempt with evasion,included,"behavior_header,payload_positioned",combina cabecalho/fluxo com payload posicionado por offset/depth; todos os contents possuem offset/depth absoluto,"alert udp $EXTERNAL_NET any -> $HOME_NET 161:162 ( msg:""PROTOCOL-SNMP community string buffer overflow attempt with evasion""; flow:to_server; content:"" |04 82 01 00|"",depth 5,offset 7; metadata:policy max-detect-ips drop,policy security-ips drop,ruleset community; service:snmp; reference:bugtraq,4088; reference:bugtraq,4089; reference:cve,2002-0012; reference:cve,2002-0013; reference:url,www.cert.org/advisories/CA-2002-03.html; classtype:misc-attack; sid:1422; rev:21; )"
882,1428,POLICY-MULTIMEDIA audio galaxy keepalive,included,"behavior_header,payload_positioned",combina cabecalho/fluxo com payload posicionado por offset/depth; todos os contents possuem offset/depth absoluto,"alert tcp $HOME_NET any -> 64.245.58.0/23 any ( msg:""POLICY-MULTIMEDIA audio galaxy keepalive""; flow:established; content:""E_|00 03 05|"",depth 5; metadata:ruleset community; classtype:misc-activity; sid:1428; rev:8; )"
883,1432,PUA-P2P GNUTella client request,included,"behavior_header,payload_positioned",combina cabecalho/fluxo com payload posicionado por offset/depth; todos os contents possuem offset/depth absoluto,"alert tcp $HOME_NET any -> $EXTERNAL_NET any ( msg:""PUA-P2P GNUTella client request""; flow:to_server,established; content:""GNUTELLA"",depth 8; metadata:ruleset community; classtype:policy-violation; sid:1432; rev:11; )"
886,1435,PROTOCOL-DNS named authors attempt,included,"behavior_header,payload_positioned",combina cabecalho/fluxo com payload posicionado por offset/depth; todos os contents possuem offset/depth absoluto,"alert tcp $EXTERNAL_NET any -> $HOME_NET 53 ( msg:""PROTOCOL-DNS named authors attempt""; flow:to_server,established; content:""|07|authors"",offset 12,nocase; content:""|04|bind|00|"",offset 12,nocase; metadata:policy max-detect-ips drop,ruleset community; service:dns; reference:nessus,10728; classtype:attempted-recon; sid:1435; rev:16; )"
891,1441,PROTOCOL-TFTP GET nc.exe,included,"behavior_header,payload_positioned",combina cabecalho/fluxo com payload posicionado por offset/depth; todos os contents possuem offset/depth absoluto,"alert udp any any -> any 69 ( msg:""PROTOCOL-TFTP GET nc.exe""; flow:to_server; content:""|00 01|"",depth 2; content:""nc.exe"",offset 2,nocase; metadata:policy max-detect-ips drop,ruleset community; classtype:successful-admin; sid:1441; rev:11; )"
892,1442,PROTOCOL-TFTP GET shadow,included,"behavior_header,payload_positioned",combina cabecalho/fluxo com payload posicionado por offset/depth; todos os contents possuem offset/depth absoluto,"alert udp any any -> any 69 ( msg:""PROTOCOL-TFTP GET shadow""; flow:to_server; content:""|00 01|"",depth 2; content:""shadow"",offset 2,nocase; metadata:policy max-detect-ips drop,ruleset community; classtype:successful-admin; sid:1442; rev:11; )"
893,1443,PROTOCOL-TFTP GET passwd,included,"behavior_header,payload_positioned",combina cabecalho/fluxo com payload posicionado por offset/depth; todos os contents possuem offset/depth absoluto,"alert udp any any -> any 69 ( msg:""PROTOCOL-TFTP GET passwd""; flow:to_server; content:""|00 01|"",depth 2; content:""passwd"",offset 2,nocase; metadata:policy max-detect-ips drop,ruleset community; reference:cve,2021-1437; reference:url,tools.cisco.com/security/center/content/CiscoSecurityAdvisory/cisco-sa-aironet-info-disc-BfWqghj; classtype:successful-admin; sid:1443; rev:12; )"
894,1444,PROTOCOL-TFTP Get,included,"behavior_header,payload_positioned",combina cabecalho/fluxo com payload posicionado por offset/depth; todos os contents possuem offset/depth absoluto,"alert udp $EXTERNAL_NET any -> $HOME_NET 69 ( msg:""PROTOCOL-TFTP Get""; flow:to_server; content:""|00 01|"",depth 2; metadata:policy max-detect-ips drop,ruleset community; classtype:bad-unknown; sid:1444; rev:10; )"
897,1447,POLICY-OTHER Microsoft Windows Terminal server RDP attempt,included,"behavior_header,payload_positioned",combina cabecalho/fluxo com payload posicionado por offset/depth; todos os contents possuem offset/depth absoluto,"alert tcp $EXTERNAL_NET any -> $HOME_NET 3389 ( msg:""POLICY-OTHER Microsoft Windows Terminal server RDP attempt""; flow:to_server,established; content:""|03 00 00 0B 06 E0 00 00 00 00 00|"",depth 11; metadata:ruleset community; service:rdp; reference:bugtraq,3099; reference:cve,2001-0540; reference:cve,2001-0663; reference:nessus,10940; reference:url,technet.microsoft.com/en-us/security/bulletin/MS01-040; reference:url,technet.microsoft.com/en-us/security/bulletin/MS01-052; classtype:protocol-command-decode; sid:1447; rev:20; )"
898,1448,POLICY-OTHER Microsoft Windows Terminal server request attempt,included,"behavior_header,payload_positioned",combina cabecalho/fluxo com payload posicionado por offset/depth; todos os contents possuem offset/depth absoluto,"alert tcp $EXTERNAL_NET any -> $HOME_NET 3389 ( msg:""POLICY-OTHER Microsoft Windows Terminal server request attempt""; flow:to_server,established; content:""|03 00 00|"",depth 3; content:""|E0 00 00 00 00 00|"",depth 6,offset 5; metadata:ruleset community; service:rdp; reference:bugtraq,3099; reference:cve,2001-0540; reference:cve,2001-0663; reference:nessus,10940; reference:url,technet.microsoft.com/en-us/security/bulletin/MS01-040; reference:url,technet.microsoft.com/en-us/security/bulletin/MS01-052; classtype:protocol-command-decode; sid:1448; rev:20; )"
1044,1603,SERVER-WEBAPP DELETE attempt,included,"behavior_header,payload_positioned",combina cabecalho/fluxo com payload posicionado por offset/depth; todos os contents possuem offset/depth absoluto,"alert tcp $EXTERNAL_NET any -> $HTTP_SERVERS $HTTP_PORTS ( msg:""SERVER-WEBAPP DELETE attempt""; flow:to_server,established; content:""DELETE "",depth 7,nocase; metadata:ruleset community; service:http; reference:nessus,10498; classtype:web-application-activity; sid:1603; rev:13; )"
1056,1616,PROTOCOL-DNS named version attempt,included,"behavior_header,payload_positioned",combina cabecalho/fluxo com payload posicionado por offset/depth; todos os contents possuem offset/depth absoluto,"alert udp $EXTERNAL_NET any -> $HOME_NET 53 ( msg:""PROTOCOL-DNS named version attempt""; flow:to_server; content:""|07|version"",offset 12,nocase; content:""|04|bind|00|"",offset 12,nocase; metadata:policy max-detect-ips drop,ruleset community; service:dns; reference:nessus,10028; classtype:attempted-recon; sid:1616; rev:17; )"
1220,1819,SERVER-OTHER Alcatel PABX 4400 connection attempt,included,"behavior_header,payload_positioned",combina cabecalho/fluxo com payload posicionado por offset/depth; todos os contents possuem offset/depth absoluto,"alert tcp $EXTERNAL_NET any -> $HOME_NET 2533 ( msg:""SERVER-OTHER Alcatel PABX 4400 connection attempt""; flow:to_server,established; content:""|00 01|C"",depth 3; metadata:ruleset community; reference:nessus,11019; classtype:misc-activity; sid:1819; rev:9; )"
1241,1843,MALWARE-BACKDOOR trinity connection attempt,included,"behavior_header,payload_positioned",combina cabecalho/fluxo com payload posicionado por offset/depth; todos os contents possuem offset/depth absoluto,"alert tcp $EXTERNAL_NET any -> $HOME_NET 33270 ( msg:""MALWARE-BACKDOOR trinity connection attempt""; flow:to_server,established; content:""!@|23|"",depth 3; metadata:ruleset community; reference:cve,2000-0138; reference:nessus,10501; classtype:attempted-admin; sid:1843; rev:11; )"
1251,1853,MALWARE-BACKDOOR win-trin00 connection attempt,included,"behavior_header,payload_positioned",combina cabecalho/fluxo com payload posicionado por offset/depth; todos os contents possuem offset/depth absoluto,"alert udp $EXTERNAL_NET any -> $HOME_NET 35555 ( msg:""MALWARE-BACKDOOR win-trin00 connection attempt""; flow:to_server; content:""png []..Ks l44"",depth 14; metadata:ruleset community; reference:cve,2000-0138; reference:nessus,10307; classtype:attempted-admin; sid:1853; rev:12; )"
1278,1881,SERVER-WEBAPP bad HTTP 1.1 request - potential worm attack,included,"behavior_header,payload_positioned",combina cabecalho/fluxo com payload posicionado por offset/depth; todos os contents possuem offset/depth absoluto,"alert tcp $EXTERNAL_NET any -> $HTTP_SERVERS $HTTP_PORTS ( msg:""SERVER-WEBAPP bad HTTP 1.1 request - potential worm attack""; flow:to_server,established; content:""GET / HTTP/1.1|0D 0A 0D 0A|"",depth 18; metadata:ruleset community; service:http; reference:url,securityresponse.symantec.com/avcenter/security/Content/2002.09.13.html; classtype:web-application-activity; sid:1881; rev:13; )"
1293,1900,SERVER-OTHER successful kadmind buffer overflow attempt,included,"behavior_header,payload_positioned",combina cabecalho/fluxo com payload posicionado por offset/depth; todos os contents possuem offset/depth absoluto,"alert tcp $HOME_NET 749 -> $EXTERNAL_NET any ( msg:""SERVER-OTHER successful kadmind buffer overflow attempt""; flow:to_client,established; content:""*GOBBLE*"",depth 8; metadata:ruleset community; reference:bugtraq,5731; reference:bugtraq,6024; reference:cve,2002-1226; reference:cve,2002-1235; reference:url,www.kb.cert.org/vuls/id/875073; classtype:successful-admin; sid:1900; rev:15; )"
1294,1901,SERVER-OTHER successful kadmind buffer overflow attempt,included,"behavior_header,payload_positioned",combina cabecalho/fluxo com payload posicionado por offset/depth; todos os contents possuem offset/depth absoluto,"alert tcp $HOME_NET 751 -> $EXTERNAL_NET any ( msg:""SERVER-OTHER successful kadmind buffer overflow attempt""; flow:to_client,established; content:""*GOBBLE*"",depth 8; metadata:ruleset community; reference:bugtraq,5731; reference:bugtraq,6024; reference:cve,2002-1226; reference:cve,2002-1235; reference:url,www.kb.cert.org/vuls/id/875073; classtype:successful-admin; sid:1901; rev:16; )"
1369,1980,MALWARE-BACKDOOR DeepThroat 3.1 Connection,included,"behavior_header,payload_positioned",combina cabecalho/fluxo com payload posicionado por offset/depth; todos os contents possuem offset/depth absoluto,"alert udp $EXTERNAL_NET any -> $HOME_NET 2140 ( msg:""MALWARE-BACKDOOR DeepThroat 3.1 Connection""; flow:to_server; content:""00"",depth 2; metadata:policy max-detect-ips drop,ruleset community; reference:nessus,10053; classtype:trojan-activity; sid:1980; rev:13; )"
1370,1981,MALWARE-BACKDOOR DeepThroat 3.1 Connection attempt on port 3150,included,"behavior_header,payload_positioned",combina cabecalho/fluxo com payload posicionado por offset/depth; todos os contents possuem offset/depth absoluto,"alert udp $EXTERNAL_NET any -> $HOME_NET 3150 ( msg:""MALWARE-BACKDOOR DeepThroat 3.1 Connection attempt on port 3150""; flow:to_server; content:""00"",depth 2; metadata:ruleset community; reference:nessus,10053; classtype:trojan-activity; sid:1981; rev:12; )"
1372,1983,MALWARE-BACKDOOR DeepThroat 3.1 Connection attempt on port 4120,included,"behavior_header,payload_positioned",combina cabecalho/fluxo com payload posicionado por offset/depth; todos os contents possuem offset/depth absoluto,"alert udp $EXTERNAL_NET any -> $HOME_NET 4120 ( msg:""MALWARE-BACKDOOR DeepThroat 3.1 Connection attempt on port 4120""; flow:to_server; content:""00"",depth 2; metadata:ruleset community; reference:nessus,10053; classtype:trojan-activity; sid:1983; rev:11; )"
1379,1990,POLICY-SOCIAL Microsoft MSN user search,included,"behavior_header,payload_positioned",combina cabecalho/fluxo com payload posicionado por offset/depth; todos os contents possuem offset/depth absoluto,"alert tcp $HOME_NET any -> $EXTERNAL_NET 1863 ( msg:""POLICY-SOCIAL Microsoft MSN user search""; flow:to_server,established; content:""CAL "",depth 4,nocase; metadata:ruleset community; classtype:policy-violation; sid:1990; rev:7; )"
1433,2044,POLICY-OTHER PPTP Start Control Request attempt,included,"behavior_header,payload_positioned",combina cabecalho/fluxo com payload posicionado por offset/depth; todos os contents possuem offset/depth absoluto,"alert tcp $EXTERNAL_NET any -> $HOME_NET 1723 ( msg:""POLICY-OTHER PPTP Start Control Request attempt""; flow:to_server,established,no_stream; content:""|00 01|"",depth 2,offset 2; content:""|00 01|"",depth 2,offset 8; metadata:ruleset community; classtype:attempted-admin; sid:2044; rev:8; )"
1436,2047,SERVER-OTHER rsyncd module list access,included,"behavior_header,payload_positioned",combina cabecalho/fluxo com payload posicionado por offset/depth; todos os contents possuem offset/depth absoluto,"alert tcp $EXTERNAL_NET any -> $HOME_NET 873 ( msg:""SERVER-OTHER rsyncd module list access""; flow:to_server,established; content:""|23|list"",depth 5; metadata:ruleset community; classtype:misc-activity; sid:2047; rev:5; )"
1437,2049,SQL ping attempt,included,"behavior_header,payload_positioned",combina cabecalho/fluxo com payload posicionado por offset/depth; todos os contents possuem offset/depth absoluto,"alert udp $EXTERNAL_NET any -> $HOME_NET 1434 ( msg:""SQL ping attempt""; flow:to_server; content:""|02|"",depth 1; metadata:policy max-detect-ips drop,ruleset community; reference:nessus,10674; classtype:misc-activity; sid:2049; rev:9; )"
1444,2056,SERVER-WEBAPP TRACE attempt,included,"behavior_header,payload_positioned",combina cabecalho/fluxo com payload posicionado por offset/depth; todos os contents possuem offset/depth absoluto,"alert tcp $EXTERNAL_NET any -> $HOME_NET $HTTP_PORTS ( msg:""SERVER-WEBAPP TRACE attempt""; flow:to_server,established; content:""TRACE"",depth 5; metadata:ruleset community; service:http; reference:bugtraq,9561; reference:cve,2003-1567; reference:cve,2004-2320; reference:cve,2010-0360; reference:nessus,11213; classtype:web-application-attack; sid:2056; rev:12; )"
1486,2104,INDICATOR-COMPROMISE rexec username too long response,included,"behavior_header,payload_positioned",combina cabecalho/fluxo com payload posicionado por offset/depth; todos os contents possuem offset/depth absoluto,"alert tcp $HOME_NET 512 -> $EXTERNAL_NET any ( msg:""INDICATOR-COMPROMISE rexec username too long response""; flow:to_client,established; content:""username too long"",depth 17; metadata:ruleset community; reference:bugtraq,7459; reference:cve,2003-1097; classtype:unsuccessful-user; sid:2104; rev:10; )"
1506,2124,MALWARE-BACKDOOR Remote PC Access connection,included,"behavior_header,payload_positioned",combina cabecalho/fluxo com payload posicionado por offset/depth; todos os contents possuem offset/depth absoluto,"alert tcp $EXTERNAL_NET any -> $HOME_NET 34012 ( msg:""MALWARE-BACKDOOR Remote PC Access connection""; flow:to_server,established; content:""|28 00 01 00 04 00 00 00 00 00 00 00|"",depth 12; metadata:ruleset community; reference:nessus,11673; classtype:trojan-activity; sid:2124; rev:8; )"
1547,2181,PUA-P2P BitTorrent transfer,included,"behavior_header,payload_positioned",combina cabecalho/fluxo com payload posicionado por offset/depth; todos os contents possuem offset/depth absoluto,"alert tcp $HOME_NET any -> $EXTERNAL_NET any ( msg:""PUA-P2P BitTorrent transfer""; flow:to_server,established; content:""|13|BitTorrent protocol"",depth 20; metadata:ruleset community; classtype:policy-violation; sid:2181; rev:8; )"
1631,2275,SERVER-MAIL AUTH LOGON brute force attempt,included,"behavior_header,payload_positioned",combina cabecalho/fluxo com payload posicionado por offset/depth; todos os contents possuem offset/depth absoluto,"alert tcp $SMTP_SERVERS 25 -> $EXTERNAL_NET any ( msg:""SERVER-MAIL AUTH LOGON brute force attempt""; flow:to_client,established,no_stream; content:""Authentication unsuccessful"",offset 54,nocase; detection_filter:track by_dst,count 5,seconds 60; metadata:ruleset community; service:smtp; reference:url,attack.mitre.org/techniques/T1110; classtype:suspicious-login; sid:2275; rev:12; )"
1685,2339,PROTOCOL-TFTP NULL command attempt,included,"behavior_header,payload_positioned",combina cabecalho/fluxo com payload posicionado por offset/depth; todos os contents possuem offset/depth absoluto,"alert udp $EXTERNAL_NET any -> $HOME_NET 69 ( msg:""PROTOCOL-TFTP NULL command attempt""; flow:to_server; content:""|00 00|"",depth 2; metadata:policy max-detect-ips drop,ruleset community; reference:bugtraq,7575; classtype:bad-unknown; sid:2339; rev:9; )"
1716,2375,MALWARE-CNC DoomJuice/mydoom.a backdoor upload/execute,included,"behavior_header,payload_positioned",combina cabecalho/fluxo com payload posicionado por offset/depth; todos os contents possuem offset/depth absoluto,"alert tcp $EXTERNAL_NET any -> $HOME_NET 3127:3199 ( msg:""MALWARE-CNC DoomJuice/mydoom.a backdoor upload/execute""; flow:to_server,established; content:""|85 13|<|9E A2|"",depth 5; metadata:ruleset community; reference:url,securityresponse.symantec.com/avcenter/venc/data/w32.hllw.doomjuice.html; classtype:trojan-activity; sid:2375; rev:9; )"
1748,2413,SERVER-OTHER ISAKMP delete hash with empty hash attempt,included,"behavior_header,payload_positioned",combina cabecalho/fluxo com payload posicionado por offset/depth; todos os contents possuem offset/depth absoluto,"alert udp $EXTERNAL_NET any -> $HOME_NET 500 ( msg:""SERVER-OTHER ISAKMP delete hash with empty hash attempt""; flow:to_server; content:""|08|"",depth 1,offset 16; content:""|0C|"",depth 1,offset 28; content:""|00 04|"",depth 2,offset 30; metadata:policy max-detect-ips drop,ruleset community; reference:bugtraq,9416; reference:bugtraq,9417; reference:cve,2004-0164; classtype:misc-attack; sid:2413; rev:16; )"
1749,2414,SERVER-OTHER ISAKMP initial contact notification without SPI attempt,included,"behavior_header,payload_positioned",combina cabecalho/fluxo com payload posicionado por offset/depth; todos os contents possuem offset/depth absoluto,"alert udp $EXTERNAL_NET any -> $HOME_NET 500 ( msg:""SERVER-OTHER ISAKMP initial contact notification without SPI attempt""; flow:to_server; content:""|0B|"",depth 1,offset 16; content:""|00 0C 00 00 00 01 01 00 06 02|"",depth 10,offset 30; metadata:policy max-detect-ips drop,ruleset community; reference:bugtraq,9416; reference:bugtraq,9417; reference:cve,2004-0164; classtype:misc-attack; sid:2414; rev:16; )"
1753,2418,POLICY-OTHER Microsoft Windows Terminal Server no encryption session initiation attempt,included,"behavior_header,payload_positioned",combina cabecalho/fluxo com payload posicionado por offset/depth; todos os contents possuem offset/depth absoluto,"alert tcp $EXTERNAL_NET any -> $HOME_NET 3389 ( msg:""POLICY-OTHER Microsoft Windows Terminal Server no encryption session initiation attempt""; flow:to_server,established; content:""|03 00 01|"",depth 3; content:""|00|"",depth 1,offset 288; metadata:ruleset community; reference:cve,2001-0663; reference:url,technet.microsoft.com/en-us/security/bulletin/MS01-052; classtype:attempted-dos; sid:2418; rev:10; )"
1779,2450,POLICY-SOCIAL Yahoo IM successful logon,included,"behavior_header,payload_positioned",combina cabecalho/fluxo com payload posicionado por offset/depth; todos os contents possuem offset/depth absoluto,"alert tcp $EXTERNAL_NET 5050 -> $HOME_NET any ( msg:""POLICY-SOCIAL Yahoo IM successful logon""; flow:to_client,established; content:""YMSG"",depth 4,nocase; content:""|00 01|"",depth 2,offset 10; metadata:ruleset community; classtype:policy-violation; sid:2450; rev:9; )"
1780,2451,POLICY-SOCIAL Yahoo IM voicechat,included,"behavior_header,payload_positioned",combina cabecalho/fluxo com payload posicionado por offset/depth; todos os contents possuem offset/depth absoluto,"alert tcp $EXTERNAL_NET 5050 -> $HOME_NET any ( msg:""POLICY-SOCIAL Yahoo IM voicechat""; flow:to_client,established; content:""YMSG"",depth 4,nocase; content:""|00|J"",depth 2,offset 10; metadata:ruleset community; classtype:policy-violation; sid:2451; rev:9; )"
1781,2452,POLICY-SOCIAL Yahoo IM ping,included,"behavior_header,payload_positioned",combina cabecalho/fluxo com payload posicionado por offset/depth; todos os contents possuem offset/depth absoluto,"alert tcp $HOME_NET any -> $EXTERNAL_NET 5050 ( msg:""POLICY-SOCIAL Yahoo IM ping""; flow:to_server,established; content:""YMSG"",depth 4,nocase; content:""|00 12|"",depth 2,offset 10; metadata:ruleset community; classtype:policy-violation; sid:2452; rev:9; )"
1782,2453,POLICY-SOCIAL Yahoo IM conference invitation,included,"behavior_header,payload_positioned",combina cabecalho/fluxo com payload posicionado por offset/depth; todos os contents possuem offset/depth absoluto,"alert tcp $EXTERNAL_NET 5050 -> $HOME_NET any ( msg:""POLICY-SOCIAL Yahoo IM conference invitation""; flow:to_client,established; content:""YMSG"",depth 4,nocase; content:""|00 18|"",depth 2,offset 10; metadata:ruleset community; classtype:policy-violation; sid:2453; rev:9; )"
1783,2454,POLICY-SOCIAL Yahoo IM conference logon success,included,"behavior_header,payload_positioned",combina cabecalho/fluxo com payload posicionado por offset/depth; todos os contents possuem offset/depth absoluto,"alert tcp $EXTERNAL_NET 5050 -> $HOME_NET any ( msg:""POLICY-SOCIAL Yahoo IM conference logon success""; flow:to_client,established; content:""YMSG"",depth 4,nocase; content:""|00 19|"",depth 2,offset 10; metadata:ruleset community; classtype:policy-violation; sid:2454; rev:9; )"
1784,2455,POLICY-SOCIAL Yahoo IM conference message,included,"behavior_header,payload_positioned",combina cabecalho/fluxo com payload posicionado por offset/depth; todos os contents possuem offset/depth absoluto,"alert tcp $HOME_NET any -> $EXTERNAL_NET 5050 ( msg:""POLICY-SOCIAL Yahoo IM conference message""; flow:to_server,established; content:""YMSG"",depth 4,nocase; content:""|00 1D|"",depth 2,offset 10; metadata:ruleset community; classtype:policy-violation; sid:2455; rev:8; )"
1785,2456,POLICY-SOCIAL Yahoo Messenger File Transfer Receive Request,included,"behavior_header,payload_positioned",combina cabecalho/fluxo com payload posicionado por offset/depth; todos os contents possuem offset/depth absoluto,"alert tcp $EXTERNAL_NET 5050 -> $HOME_NET any ( msg:""POLICY-SOCIAL Yahoo Messenger File Transfer Receive Request""; flow:established; content:""YMSG"",depth 4; content:""|00|M"",depth 2,offset 10; metadata:ruleset community; classtype:policy-violation; sid:2456; rev:9; )"
1786,2457,POLICY-SOCIAL Yahoo IM message,included,"behavior_header,payload_positioned",combina cabecalho/fluxo com payload posicionado por offset/depth; todos os contents possuem offset/depth absoluto,"alert tcp any any <> any 5101 ( msg:""POLICY-SOCIAL Yahoo IM message""; flow:established; content:""YMSG"",depth 4,nocase; metadata:ruleset community; classtype:policy-violation; sid:2457; rev:7; )"
1787,2458,POLICY-SOCIAL Yahoo IM successful chat join,included,"behavior_header,payload_positioned",combina cabecalho/fluxo com payload posicionado por offset/depth; todos os contents possuem offset/depth absoluto,"alert tcp $EXTERNAL_NET 5050 -> $HOME_NET any ( msg:""POLICY-SOCIAL Yahoo IM successful chat join""; flow:to_client,established; content:""YMSG"",depth 4,nocase; content:""|00 98|"",depth 2,offset 10; metadata:ruleset community; classtype:policy-violation; sid:2458; rev:9; )"
1788,2459,POLICY-SOCIAL Yahoo IM conference offer invitation,included,"behavior_header,payload_positioned",combina cabecalho/fluxo com payload posicionado por offset/depth; todos os contents possuem offset/depth absoluto,"alert tcp $HOME_NET any -> $EXTERNAL_NET 5050 ( msg:""POLICY-SOCIAL Yahoo IM conference offer invitation""; flow:to_server,established; content:""YMSG"",depth 4,nocase; content:""|00|P"",depth 2,offset 10; metadata:ruleset community; classtype:policy-violation; sid:2459; rev:9; )"
1790,2461,POLICY-SOCIAL Yahoo IM conference watch,included,"behavior_header,payload_positioned",combina cabecalho/fluxo com payload posicionado por offset/depth; todos os contents possuem offset/depth absoluto,"alert tcp $EXTERNAL_NET 5100 -> $HOME_NET any ( msg:""POLICY-SOCIAL Yahoo IM conference watch""; flow:to_client,established; content:""|0D 00 05 00|"",depth 4; metadata:ruleset community; classtype:policy-violation; sid:2461; rev:10; )"
1804,2523,SERVER-OTHER BGP spoofed connection reset attempt,included,"behavior_frequency,behavior_header","usa limite/frequencia de eventos sem depender do payload; usa apenas cabecalho, fluxo, flags ou metadados do pacote","alert tcp $EXTERNAL_NET any <> $HOME_NET 179 ( msg:""SERVER-OTHER BGP spoofed connection reset attempt""; flow:established,no_stream; flags:FRS*; detection_filter:track by_dst,count 10,seconds 10; metadata:ruleset community; reference:bugtraq,10183; reference:cve,2004-0230; reference:url,www.uniras.gov.uk/vuls/2004/236929/index.htm; classtype:attempted-dos; sid:2523; rev:15; )"
2142,2942,NETBIOS DCERPC NCACN-IP-TCP winreg InitiateSystemShutdown attempt,included,behavior_header,"usa apenas cabecalho, fluxo, flags ou metadados do pacote","alert tcp $EXTERNAL_NET any -> $HOME_NET [139,445] ( msg:""NETBIOS DCERPC NCACN-IP-TCP winreg InitiateSystemShutdown attempt""; flow:to_server,established; dce_iface:uuid 338cd001-2244-31f1-aaaa-900038001003; dce_opnum:""24""; metadata:ruleset community; service:netbios-ssn; reference:url,msdn.microsoft.com/library/default.asp?url=/library/en-us/shutdown/base/initiatesystemshutdown.asp; classtype:protocol-command-decode; sid:2942; rev:14; )"
2146,3009,MALWARE-BACKDOOR NetBus Pro 2.0 connection request,included,"behavior_header,payload_positioned",combina cabecalho/fluxo com payload posicionado por offset/depth; todos os contents possuem offset/depth absoluto,"alert tcp $EXTERNAL_NET any -> $HOME_NET 20034 ( msg:""MALWARE-BACKDOOR NetBus Pro 2.0 connection request""; flow:to_server,established; content:""BN |00 02 00|"",depth 6; content:""|05 00|"",depth 2,offset 8; flowbits:set,backdoor.netbus_2.connect; flowbits:noalert; metadata:ruleset community; classtype:misc-activity; sid:3009; rev:8; )"
2147,3010,MALWARE-CNC RUX the Tick get windows directory,included,"behavior_header,payload_positioned",combina cabecalho/fluxo com payload posicionado por offset/depth; todos os contents possuem offset/depth absoluto,"alert tcp $EXTERNAL_NET any -> $HOME_NET 22222 ( msg:""MALWARE-CNC RUX the Tick get windows directory""; flow:to_server,established; content:""WINDIR"",depth 6; metadata:ruleset community; classtype:misc-activity; sid:3010; rev:6; )"
2148,3011,MALWARE-CNC RUX the Tick get system directory,included,"behavior_header,payload_positioned",combina cabecalho/fluxo com payload posicionado por offset/depth; todos os contents possuem offset/depth absoluto,"alert tcp $EXTERNAL_NET any -> $HOME_NET 22222 ( msg:""MALWARE-CNC RUX the Tick get system directory""; flow:to_server,established; content:""SYSDIR"",depth 6; metadata:ruleset community; classtype:misc-activity; sid:3011; rev:6; )"
2149,3012,MALWARE-CNC RUX the Tick upload/execute arbitrary file,included,"behavior_header,payload_positioned",combina cabecalho/fluxo com payload posicionado por offset/depth; todos os contents possuem offset/depth absoluto,"alert tcp $EXTERNAL_NET any -> $HOME_NET 22222 ( msg:""MALWARE-CNC RUX the Tick upload/execute arbitrary file""; flow:to_server,established; content:""ABCJZDATEIV"",depth 11; metadata:ruleset community; classtype:misc-activity; sid:3012; rev:6; )"
2150,3013,MALWARE-CNC Asylum 0.1 connection request,included,"behavior_header,payload_positioned",combina cabecalho/fluxo com payload posicionado por offset/depth; todos os contents possuem offset/depth absoluto,"alert tcp $EXTERNAL_NET any -> $HOME_NET 23432 ( msg:""MALWARE-CNC Asylum 0.1 connection request""; flow:to_server,established; content:""RQS"",depth 3; flowbits:set,backdoor.asylum.connect; flowbits:noalert; metadata:ruleset community; classtype:misc-activity; sid:3013; rev:8; )"
2151,3014,MALWARE-CNC Asylum 0.1 connection,included,"behavior_header,payload_positioned",combina cabecalho/fluxo com payload posicionado por offset/depth; todos os contents possuem offset/depth absoluto,"alert tcp $HOME_NET 23432 -> $EXTERNAL_NET any ( msg:""MALWARE-CNC Asylum 0.1 connection""; flow:to_client,established; flowbits:isset,backdoor.asylum.connect; content:""GNT"",depth 3; metadata:ruleset community; classtype:misc-activity; sid:3014; rev:10; )"
2152,3015,MALWARE-CNC Insane Network 4.0 connection,included,"behavior_header,payload_positioned",combina cabecalho/fluxo com payload posicionado por offset/depth; todos os contents possuem offset/depth absoluto,"alert tcp $HOME_NET 2000 -> $EXTERNAL_NET any ( msg:""MALWARE-CNC Insane Network 4.0 connection""; flow:to_client,established; content:""Insane Network vs 4.0 by Suid Flow|0A 0D|www.blackcode.com|0A 0D|[r00t]|23|"",depth 62; metadata:ruleset community; classtype:misc-activity; sid:3015; rev:10; )"
2153,3016,MALWARE-CNC Insane Network 4.0 connection port 63536,included,"behavior_header,payload_positioned",combina cabecalho/fluxo com payload posicionado por offset/depth; todos os contents possuem offset/depth absoluto,"alert tcp $HOME_NET 63536 -> $EXTERNAL_NET any ( msg:""MALWARE-CNC Insane Network 4.0 connection port 63536""; flow:to_client,established; content:""Insane Network vs 4.0 by Suid Flow|0A 0D|www.blackcode.com|0A 0D|[r00t]|23|"",depth 62; metadata:ruleset community; classtype:misc-activity; sid:3016; rev:10; )"
2196,3061,APP-DETECT distccd remote command execution attempt,included,"behavior_header,payload_positioned",combina cabecalho/fluxo com payload posicionado por offset/depth; todos os contents possuem offset/depth absoluto,"alert tcp $EXTERNAL_NET any -> $HOME_NET 3632 ( msg:""APP-DETECT distccd remote command execution attempt""; flow:to_server,established; content:""DIST00000001"",depth 12,nocase; metadata:ruleset community; reference:url,distcc.samba.org/security.html; classtype:policy-violation; sid:3061; rev:5; )"
2198,3063,MALWARE-BACKDOOR Vampire 1.2 connection request,included,"behavior_header,payload_positioned",combina cabecalho/fluxo com payload posicionado por offset/depth; todos os contents possuem offset/depth absoluto,"alert tcp $EXTERNAL_NET any -> $HOME_NET 1020 ( msg:""MALWARE-BACKDOOR Vampire 1.2 connection request""; flow:to_server,established; content:""Hello..."",depth 8; flowbits:set,backdoor.vampire_12.connect; flowbits:noalert; metadata:ruleset community; classtype:misc-activity; sid:3063; rev:6; )"
2199,3064,MALWARE-BACKDOOR Vampire 1.2 connection confirmation,included,"behavior_header,payload_positioned",combina cabecalho/fluxo com payload posicionado por offset/depth; todos os contents possuem offset/depth absoluto,"alert tcp $HOME_NET 1020 -> $EXTERNAL_NET any ( msg:""MALWARE-BACKDOOR Vampire 1.2 connection confirmation""; flow:to_client,established; flowbits:isset,backdoor.vampire_12.connect; content:""Vampire v1.2 Server On-Line....."",depth 32; metadata:ruleset community; classtype:misc-activity; sid:3064; rev:8; )"
2215,3081,MALWARE-BACKDOOR Y3KRAT 1.5 Connect,included,"behavior_header,payload_positioned",combina cabecalho/fluxo com payload posicionado por offset/depth; todos os contents possuem offset/depth absoluto,"alert tcp $HOME_NET 5880 -> $EXTERNAL_NET any ( msg:""MALWARE-BACKDOOR Y3KRAT 1.5 Connect""; flow:to_client,established; content:""connected"",depth 9; flowbits:set,backdoor.y3krat_15.connect; flowbits:noalert; metadata:ruleset community; classtype:misc-activity; sid:3081; rev:13; )"
2216,3082,MALWARE-BACKDOOR Y3KRAT 1.5 Connect Client Response,included,"behavior_header,payload_positioned",combina cabecalho/fluxo com payload posicionado por offset/depth; todos os contents possuem offset/depth absoluto,"alert tcp $EXTERNAL_NET any -> $HOME_NET 5880 ( msg:""MALWARE-BACKDOOR Y3KRAT 1.5 Connect Client Response""; flow:to_server,established; flowbits:isset,backdoor.y3krat_15.connect; content:""getclient"",depth 9; flowbits:set,backdoor.y3krat_15.client.response; flowbits:noalert; metadata:ruleset community; classtype:misc-activity; sid:3082; rev:13; )"
2217,3083,MALWARE-BACKDOOR Y3KRAT 1.5 Connection confirmation,included,"behavior_header,payload_positioned",combina cabecalho/fluxo com payload posicionado por offset/depth; todos os contents possuem offset/depth absoluto,"alert tcp $HOME_NET 5880 -> $EXTERNAL_NET any ( msg:""MALWARE-BACKDOOR Y3KRAT 1.5 Connection confirmation""; flow:to_client,established; flowbits:isset,backdoor.y3krat_15.client.response; content:""client"",depth 7; metadata:ruleset community; classtype:misc-activity; sid:3083; rev:10; )"
2280,3459,PUA-P2P Manolito Search Query,included,"behavior_header,payload_positioned",combina cabecalho/fluxo com payload posicionado por offset/depth; todos os contents possuem offset/depth absoluto,"alert udp $HOME_NET any -> $EXTERNAL_NET 41170 ( msg:""PUA-P2P Manolito Search Query""; flow:to_server; content:""|01 02 00 14|"",depth 4,offset 16; metadata:ruleset community; reference:url,openlito.sourceforge.net; reference:url,www.blubster.com; classtype:policy-violation; sid:3459; rev:9; )"
2305,19678,SERVER-OTHER multiple products blacknurse ICMP denial of service attempt,included,"behavior_frequency,behavior_header","usa limite/frequencia de eventos sem depender do payload; usa apenas cabecalho, fluxo, flags ou metadados do pacote","alert icmp $EXTERNAL_NET any -> $HOME_NET any ( msg:""SERVER-OTHER multiple products blacknurse ICMP denial of service attempt""; icode:3; itype:3; detection_filter:track by_src,count 250,seconds 1; metadata:policy max-detect-ips drop,ruleset community; reference:cve,2011-1871; reference:url,soc.tdc.dk/blacknurse/blacknurse.pdf; reference:url,technet.microsoft.com/en-us/security/bulletin/MS11-064; reference:url,technet.microsoft.com/en-us/security/bulletin/MS11-083; classtype:attempted-dos; sid:19678; rev:10; )"
2584,26655,MALWARE-BACKDOOR Win.Backdoor.PCRat data upload,included,"behavior_header,payload_positioned",combina cabecalho/fluxo com payload posicionado por offset/depth; todos os contents possuem offset/depth absoluto,"alert tcp $HOME_NET any -> $EXTERNAL_NET any ( msg:""MALWARE-BACKDOOR Win.Backdoor.PCRat data upload""; flow:to_server,established; content:""PCRatd"",depth 6; metadata:policy balanced-ips drop,policy max-detect-ips drop,policy security-ips drop,ruleset community; service:http; reference:url,www.virustotal.com/en/file/669DF9DED24D56997D7B1EA6249BB704226DADA09230DC285AE66CA0C9B7247B/analysis/; classtype:misc-activity; sid:26655; rev:2; )"
2826,28986,MALWARE-CNC Win.Worm.Neeris IRCbot variant outbound connection,included,"behavior_header,payload_positioned",combina cabecalho/fluxo com payload posicionado por offset/depth; todos os contents possuem offset/depth absoluto,"alert tcp $HOME_NET any -> $EXTERNAL_NET any ( msg:""MALWARE-CNC Win.Worm.Neeris IRCbot variant outbound connection""; flow:to_server,established; content:""JOIN #biz abc|0D 0A|"",depth 15; metadata:impact_flag red,ruleset community; service:irc; reference:url,www.virustotal.com/en/file/0a8f320fc7535f164bbd9d0e462fd459c55ff448cf5e84dc2115f2f4aa800e6b/analysis/1387176826/; classtype:trojan-activity; sid:28986; rev:3; )"
2827,28987,MALWARE-CNC Win.Worm.Steckt IRCbot variant outbound connection,included,"behavior_header,payload_positioned",combina cabecalho/fluxo com payload posicionado por offset/depth; todos os contents possuem offset/depth absoluto,"alert tcp $HOME_NET any -> $EXTERNAL_NET any ( msg:""MALWARE-CNC Win.Worm.Steckt IRCbot variant outbound connection""; flow:to_server,established; content:""JOIN #n jobs|0D 0A|"",depth 14; metadata:impact_flag red,ruleset community; service:irc; reference:url,www.virustotal.com/en/file/480eb4aa76a55ad7b0db128138113615ca834f9e6c62f798f54c8ac0759657fe/analysis/1387177714/; reference:url,www.virustotal.com/en/file/5b1d04b7504a3ac1befe4408fd4f9cd877b92661db47a75f197924cb660551d3/analysis/1387178129/; classtype:trojan-activity; sid:28987; rev:3; )"
2828,28988,MALWARE-CNC Win.Worm.Steckt IRCbot variant outbound connection,included,"behavior_header,payload_positioned",combina cabecalho/fluxo com payload posicionado por offset/depth; todos os contents possuem offset/depth absoluto,"alert tcp $HOME_NET any -> $EXTERNAL_NET any ( msg:""MALWARE-CNC Win.Worm.Steckt IRCbot variant outbound connection""; flow:to_server,established; content:""JOIN #test1|20 7C 0D 0A|JOIN #test2|20 7C 0D 0A|JOIN #test3 (null)|0D 0A|"",depth 50; metadata:impact_flag red,ruleset community; service:irc; reference:url,www.virustotal.com/en/file/480eb4aa76a55ad7b0db128138113615ca834f9e6c62f798f54c8ac0759657fe/analysis/1387177714/; reference:url,www.virustotal.com/en/file/5b1d04b7504a3ac1befe4408fd4f9cd877b92661db47a75f197924cb660551d3/analysis/1387178129/; classtype:trojan-activity; sid:28988; rev:3; )"
2913,30510,SERVER-OTHER OpenSSL SSLv3 heartbeat read overrun attempt,included,"behavior_header,payload_positioned",combina cabecalho/fluxo com payload posicionado por offset/depth; todos os contents possuem offset/depth absoluto,"alert tcp $EXTERNAL_NET any -> $HOME_NET [21,25,443,465,636,992,993,995,2484] ( msg:""SERVER-OTHER OpenSSL SSLv3 heartbeat read overrun attempt""; flow:to_server,established,only_stream; content:""|18 03 00|"",depth 3; detection_filter:track by_src,count 3,seconds 1; metadata:policy balanced-ips drop,policy max-detect-ips drop,policy security-ips drop,ruleset community; service:ssl; reference:cve,2014-0160; classtype:attempted-recon; sid:30510; rev:8; )"
2914,30511,SERVER-OTHER OpenSSL TLSv1 heartbeat read overrun attempt,included,"behavior_header,payload_positioned",combina cabecalho/fluxo com payload posicionado por offset/depth; todos os contents possuem offset/depth absoluto,"alert tcp $EXTERNAL_NET any -> $HOME_NET [21,25,443,465,636,992,993,995,2484] ( msg:""SERVER-OTHER OpenSSL TLSv1 heartbeat read overrun attempt""; flow:to_server,established,only_stream; content:""|18 03 01|"",depth 3; detection_filter:track by_src,count 3,seconds 1; metadata:policy balanced-ips drop,policy max-detect-ips drop,policy security-ips drop,ruleset community; service:ssl; reference:cve,2014-0160; classtype:attempted-recon; sid:30511; rev:8; )"
2915,30512,SERVER-OTHER OpenSSL TLSv1.1 heartbeat read overrun attempt,included,"behavior_header,payload_positioned",combina cabecalho/fluxo com payload posicionado por offset/depth; todos os contents possuem offset/depth absoluto,"alert tcp $EXTERNAL_NET any -> $HOME_NET [21,25,443,465,636,992,993,995,2484] ( msg:""SERVER-OTHER OpenSSL TLSv1.1 heartbeat read overrun attempt""; flow:to_server,established,only_stream; content:""|18 03 02|"",depth 3; detection_filter:track by_src,count 3,seconds 1; metadata:policy balanced-ips drop,policy max-detect-ips drop,policy security-ips drop,ruleset community; service:ssl; reference:cve,2014-0160; classtype:attempted-recon; sid:30512; rev:8; )"
2916,30513,SERVER-OTHER OpenSSL TLSv1.2 heartbeat read overrun attempt,included,"behavior_header,payload_positioned",combina cabecalho/fluxo com payload posicionado por offset/depth; todos os contents possuem offset/depth absoluto,"alert tcp $EXTERNAL_NET any -> $HOME_NET [21,25,443,465,636,992,993,995,2484] ( msg:""SERVER-OTHER OpenSSL TLSv1.2 heartbeat read overrun attempt""; flow:to_server,established,only_stream; content:""|18 03 03|"",depth 3; detection_filter:track by_src,count 3,seconds 1; metadata:policy balanced-ips drop,policy max-detect-ips drop,policy security-ips drop,ruleset community; service:ssl; reference:cve,2014-0160; classtype:attempted-recon; sid:30513; rev:8; )"
3377,39801,MALWARE-CNC Win.Trojan.Spyrat variant outbound connection,included,"behavior_header,payload_positioned",combina cabecalho/fluxo com payload posicionado por offset/depth; todos os contents possuem offset/depth absoluto,"alert tcp $HOME_NET any -> $EXTERNAL_NET 900 ( msg:""MALWARE-CNC Win.Trojan.Spyrat variant outbound connection""; flow:to_server,established; content:""myversion|7C|2.5.2."",depth 19; metadata:impact_flag red,ruleset community; reference:url,www.virustotal.com/en/file/e64f536556739d50a673a952da7f110f1156fad0f7360d401794e5a8d65ce63a/analysis/; classtype:trojan-activity; sid:39801; rev:2; )"
3384,40063,OS-LINUX Linux Kernel Challenge ACK provocation attempt,included,"behavior_frequency,behavior_header","usa limite/frequencia de eventos sem depender do payload; usa apenas cabecalho, fluxo, flags ou metadados do pacote","alert tcp $EXTERNAL_NET any -> $HOME_NET any ( msg:""OS-LINUX Linux Kernel Challenge ACK provocation attempt""; flow:to_server,no_stream; flags:R; detection_filter:track by_src,count 200,seconds 1; metadata:policy max-detect-ips drop,ruleset community; reference:bugtraq,91704; reference:cve,2016-5696; reference:cve,2017-7285; classtype:attempted-admin; sid:40063; rev:5; )"
3402,40831,MALWARE-CNC Win.Backdoor.Houdini variant initial outbound connection,included,"behavior_header,payload_positioned",combina cabecalho/fluxo com payload posicionado por offset/depth; todos os contents possuem offset/depth absoluto,"alert tcp $HOME_NET any -> $EXTERNAL_NET any ( msg:""MALWARE-CNC Win.Backdoor.Houdini variant initial outbound connection""; flow:to_server,established; content:""new_houdini|0D 0A|"",depth 13,offset 4; metadata:impact_flag red,ruleset community; classtype:trojan-activity; sid:40831; rev:3; )"
3404,40833,MALWARE-CNC Win.Backdoor.Houdini variant screenshot inbound init command attempt,included,"behavior_header,payload_positioned",combina cabecalho/fluxo com payload posicionado por offset/depth; todos os contents possuem offset/depth absoluto,"alert tcp $EXTERNAL_NET any -> $HOME_NET any ( msg:""MALWARE-CNC Win.Backdoor.Houdini variant screenshot inbound init command attempt""; flow:to_client; content:""screenshot_init|0D 0A|"",depth 17,offset 4; metadata:impact_flag red,ruleset community; classtype:trojan-activity; sid:40833; rev:2; )"
3406,40835,MALWARE-CNC Win.Backdoor.Houdini variant screen_thumb inbound init command attempt,included,"behavior_header,payload_positioned",combina cabecalho/fluxo com payload posicionado por offset/depth; todos os contents possuem offset/depth absoluto,"alert tcp $EXTERNAL_NET any -> $HOME_NET any ( msg:""MALWARE-CNC Win.Backdoor.Houdini variant screen_thumb inbound init command attempt""; flow:to_client,established; content:""screen_thumb|0D 0A|"",depth 14,offset 4; metadata:impact_flag red,ruleset community; classtype:trojan-activity; sid:40835; rev:2; )"
3448,41711,MALWARE-CNC Win.Trojan.Houdini variant initial outbound connection,included,"behavior_header,payload_positioned",combina cabecalho/fluxo com payload posicionado por offset/depth; todos os contents possuem offset/depth absoluto,"alert tcp $HOME_NET any -> $EXTERNAL_NET any ( msg:""MALWARE-CNC Win.Trojan.Houdini variant initial outbound connection""; flow:to_server,established; content:""new_slave|0D 0A|"",depth 11,offset 4; metadata:impact_flag red,ruleset community; reference:url,virustotal.com/en/file/8d75e47c04bb2cc0f4c2e973475d4ff1fc8f32039794e3ea5ca2494c66d80d3f/analysis/; classtype:trojan-activity; sid:41711; rev:2; )"
3491,43194,MALWARE-CNC Win.Trojan.HiddenCobra variant outbound connection,included,"behavior_header,payload_positioned",combina cabecalho/fluxo com payload posicionado por offset/depth; todos os contents possuem offset/depth absoluto,"alert tcp $HOME_NET any -> $EXTERNAL_NET any ( msg:""MALWARE-CNC Win.Trojan.HiddenCobra variant outbound connection""; flow:to_server,established; content:""|1B 17 E9 E9 E9 E9|"",depth 6; metadata:impact_flag red,ruleset community; reference:url,www.us-cert.gov/ncas/alerts/TA17-164A; classtype:trojan-activity; sid:43194; rev:2; )"
3565,45962,MALWARE-CNC Win.Trojan.Revenge RAT inbound heartbeat check,included,"behavior_header,payload_positioned",combina cabecalho/fluxo com payload posicionado por offset/depth; todos os contents possuem offset/depth absoluto,"alert tcp $EXTERNAL_NET any -> $HOME_NET any ( msg:""MALWARE-CNC Win.Trojan.Revenge RAT inbound heartbeat check""; flow:to_client,established; content:""PNC|2A 2D 5D|NK|5B 2D 2A|"",depth 11; metadata:impact_flag red,policy balanced-ips drop,policy max-detect-ips drop,policy security-ips drop,ruleset community; reference:url,www.virustotal.com/en/file/518f7803ad1b8e630f50719d7cb3638ea5d67fa4d4387a55f44ddca4ef55a3ee/analysis/; reference:url,www.virustotal.com/en/file/79bdbf9ec639d5ccf3992e9c9fe9eeba21d191dc168194a80b50f3aa8068892a/analysis/; reference:url,www.virustotal.com/en/file/edb115dd5ca7c7f9dd069746daa0a4ee6298bf94de62510d3f8bebfa5f5a8bcd/analysis/; classtype:trojan-activity; sid:45962; rev:1; )"
3663,46747,MALWARE-CNC Win.Trojan.Qarallax outbound connection,included,"behavior_header,payload_positioned",combina cabecalho/fluxo com payload posicionado por offset/depth; todos os contents possuem offset/depth absoluto,"alert tcp $HOME_NET any -> $EXTERNAL_NET any ( msg:""MALWARE-CNC Win.Trojan.Qarallax outbound connection""; flow:to_server,established; content:""|00 07|nemesis"",depth 10; metadata:impact_flag red,policy balanced-ips drop,policy max-detect-ips drop,policy security-ips drop,ruleset community; reference:url,www.virustotal.com/en/file/658f67dbf509fc017ace6db7ed38b3591fe72b9ba950a59054869cd718b4da2b/analysis; classtype:trojan-activity; sid:46747; rev:1; )"
3689,46827,MALWARE-CNC Win.Trojan.Dunihi outbound connection,included,"behavior_header,payload_positioned",combina cabecalho/fluxo com payload posicionado por offset/depth; todos os contents possuem offset/depth absoluto,"alert tcp $HOME_NET any -> $EXTERNAL_NET any ( msg:""MALWARE-CNC Win.Trojan.Dunihi outbound connection""; flow:to_server,established; content:""|00 00 A2 30 81 9F 30 0D 06 09 2A 86 48 86 F7 0D 01 01 01 05 00 03 81 8D 00 30 81 89 02 81 81 00|"",depth 32; metadata:impact_flag red,policy balanced-ips drop,policy max-detect-ips drop,policy security-ips drop,ruleset community; reference:url,www.virustotal.com/en/file/be442a5f8be3bf720236f71a613a534b8aa82b16b0daf8ff84a59bcb92e19e7d/analysis/; classtype:trojan-activity; sid:46827; rev:2; )"
3894,,INDICATOR-COMPROMISE RTF document with Equation and BITSAdmin download attempt,included,behavior_header,"usa apenas cabecalho, fluxo, flags ou metadados do pacote","alert tcp $EXTERNAL_NET any -> $SMTP_SERVERS 25 ( msg:""INDICATOR-COMPROMISE RTF document with Equation and BITSAdmin download attempt""; flow:to_server,established; flowbits:isset,file.doc|file.rtf; file_data; content:""0200000002CE020000000000C000000000000046"",fast_pattern,nocase; content:""6269747361646d696e"",nocase; metadata:impact_flag red,ruleset community; service:smtp; classtype:trojan-activity; sid:53582; rev:2; )"
3895,,INDICATOR-COMPROMISE RTF document with Equation and BITSAdmin download attempt,included,behavior_header,"usa apenas cabecalho, fluxo, flags ou metadados do pacote","alert tcp $EXTERNAL_NET $FILE_DATA_PORTS -> $HOME_NET any ( msg:""INDICATOR-COMPROMISE RTF document with Equation and BITSAdmin download attempt""; flow:to_client,established; flowbits:isset,file.doc|file.rtf; file_data; content:""0200000002CE020000000000C000000000000046"",fast_pattern,nocase; content:""6269747361646d696e"",nocase; metadata:impact_flag red,ruleset community; service:ftp-data,http,imap,pop3; classtype:trojan-activity; sid:53583; rev:2; )"
