line,sid,msg,status,category,reason,rule
82,279,SERVER-OTHER Bay/Nortel Nautica Marlin,review,size_dependent_rule,usa dsize/stream_size; a lavagem altera tamanho e pode exigir ajuste proprio,"alert udp $EXTERNAL_NET any -> $HOME_NET 161 ( msg:""SERVER-OTHER Bay/Nortel Nautica Marlin""; flow:to_server; dsize:0; metadata:policy max-detect-ips drop,ruleset community; reference:bugtraq,1009; reference:cve,2000-0221; classtype:attempted-dos; sid:279; rev:11; )"
145,375,PROTOCOL-ICMP PING LINUX/*BSD,review,size_dependent_rule,usa dsize/stream_size; a lavagem altera tamanho e pode exigir ajuste proprio,"alert icmp $EXTERNAL_NET any -> $HOME_NET any ( msg:""PROTOCOL-ICMP PING LINUX/*BSD""; dsize:8; id:13170; itype:8; metadata:ruleset community; classtype:misc-activity; sid:375; rev:10; )"
151,381,PROTOCOL-ICMP PING Oracle Solaris,review,size_dependent_rule,usa dsize/stream_size; a lavagem altera tamanho e pode exigir ajuste proprio,"alert icmp $EXTERNAL_NET any -> $HOME_NET any ( msg:""PROTOCOL-ICMP PING Oracle Solaris""; dsize:8; itype:8; metadata:ruleset community; classtype:misc-activity; sid:381; rev:11; )"
296,588,PROTOCOL-RPC portmap ttdbserv request UDP,review,relative_payload_position,"cadeia com distance/within ancorada, mas o adaptador atual ainda nao recalcula posicoes relativas; usa operador de payload ainda nao suportado automaticamente pelo adaptador","alert udp $EXTERNAL_NET any -> $HOME_NET 111 ( msg:""PROTOCOL-RPC portmap ttdbserv request UDP""; content:""|00 01 86 A0|"",depth 4,offset 12; content:""|00 00 00 03|"",within 4,distance 4; byte_jump:4,4,relative,align; byte_jump:4,4,relative,align; content:""|00 01 86 F3|"",within 4; content:""|00 00 00 00|"",depth 4,offset 4; metadata:policy max-detect-ips drop,ruleset community; service:sunrpc; reference:bugtraq,122; reference:bugtraq,3382; reference:cve,1999-0003; reference:cve,1999-0687; reference:cve,1999-1075; reference:cve,2001-0717; reference:url,www.cert.org/advisories/CA-2001-05.html; classtype:rpc-portmap-decode; sid:588; rev:27; )"
297,589,PROTOCOL-RPC portmap yppasswd request UDP,review,relative_payload_position,"cadeia com distance/within ancorada, mas o adaptador atual ainda nao recalcula posicoes relativas; usa operador de payload ainda nao suportado automaticamente pelo adaptador","alert udp $EXTERNAL_NET any -> $HOME_NET 111 ( msg:""PROTOCOL-RPC portmap yppasswd request UDP""; content:""|00 01 86 A0|"",depth 4,offset 12; content:""|00 00 00 03|"",within 4,distance 4; byte_jump:4,4,relative,align; byte_jump:4,4,relative,align; content:""|00 01 86 A9|"",within 4; content:""|00 00 00 00|"",depth 4,offset 4; metadata:policy max-detect-ips drop,ruleset community; service:sunrpc; classtype:rpc-portmap-decode; sid:589; rev:16; )"
309,606,PROTOCOL-SERVICES rlogin root,review,size_dependent_rule,usa dsize/stream_size; a lavagem altera tamanho e pode exigir ajuste proprio,"alert tcp $EXTERNAL_NET any -> $HOME_NET 513 ( msg:""PROTOCOL-SERVICES rlogin root""; flow:to_server,established; content:""root|00|root|00|"",depth 11; stream_size:1,to_client; metadata:policy max-detect-ips drop,policy security-ips drop,ruleset community; classtype:attempted-admin; gid:1; sid:606; rev:13; )"
315,612,PROTOCOL-RPC rusers query UDP,review,relative_payload_position,"cadeia com distance/within ancorada, mas o adaptador atual ainda nao recalcula posicoes relativas","alert udp $EXTERNAL_NET any -> $HOME_NET any ( msg:""PROTOCOL-RPC rusers query UDP""; content:""|00 01 86 A2|"",depth 4,offset 12; content:""|00 00 00 02|"",within 4,distance 4; content:""|00 00 00 00|"",depth 4,offset 4; metadata:policy max-detect-ips drop,ruleset community; reference:cve,1999-0626; classtype:attempted-recon; sid:612; rev:12; )"
661,1102,SERVER-WEBAPP nessus 1.X 404 probe,review,normalized_buffer_rule,usa buffer normalizado/camada de aplicacao; offset pode nao corresponder ao pacote bruto,"alert tcp $EXTERNAL_NET any -> $HTTP_SERVERS $HTTP_PORTS ( msg:""SERVER-WEBAPP nessus 1.X 404 probe""; flow:to_server,established; http_uri; content:""/nessus_is_probing_you_"",depth 32; metadata:ruleset community; service:http; classtype:web-application-attack; sid:1102; rev:16; )"
786,1253,PROTOCOL-TELNET bsd exploit client finishing,review,unsupported_payload_operator,usa operador de payload ainda nao suportado automaticamente pelo adaptador,"alert tcp $EXTERNAL_NET any -> $TELNET_SERVERS 23 ( msg:""PROTOCOL-TELNET bsd exploit client finishing""; flow:to_server,established; isdataat:200; raw_data; content:""|FF F6 FF F6 FF FB 08 FF F6|"",depth 50,offset 200; metadata:ruleset community; service:telnet; reference:bugtraq,3064; reference:cve,2001-0554; reference:nessus,10709; classtype:successful-admin; sid:1253; rev:24; )"
1329,1939,SERVER-OTHER bootp hardware address length overflow,review,unsupported_payload_operator,usa operador de payload ainda nao suportado automaticamente pelo adaptador,"alert udp $EXTERNAL_NET any -> $HOME_NET 67 ( msg:""SERVER-OTHER bootp hardware address length overflow""; flow:to_server; content:""|01|"",depth 1; byte_test:1,>,6,2; metadata:policy max-detect-ips drop,ruleset community; reference:cve,1999-0798; classtype:misc-activity; sid:1939; rev:10; )"
1330,1940,SERVER-OTHER bootp invalid hardware type,review,unsupported_payload_operator,usa operador de payload ainda nao suportado automaticamente pelo adaptador,"alert udp $EXTERNAL_NET any -> $HOME_NET 67 ( msg:""SERVER-OTHER bootp invalid hardware type""; flow:to_server; content:""|01|"",depth 1; byte_test:1,>,7,1; metadata:policy max-detect-ips drop,ruleset community; reference:cve,1999-0798; classtype:misc-activity; sid:1940; rev:9; )"
1346,1957,PROTOCOL-RPC sadmind UDP PING,review,relative_payload_position,"cadeia com distance/within ancorada, mas o adaptador atual ainda nao recalcula posicoes relativas","alert udp $EXTERNAL_NET any -> $HOME_NET any ( msg:""PROTOCOL-RPC sadmind UDP PING""; content:""|00 01 87 88|"",depth 4,offset 12; content:""|00 00 00 00|"",within 4,distance 4; content:""|00 00 00 00|"",depth 4,offset 4; metadata:policy max-detect-ips drop,ruleset community; reference:bugtraq,866; reference:cve,1999-0977; reference:nessus,10229; classtype:protocol-command-decode; sid:1957; rev:16; )"
1348,1959,PROTOCOL-RPC portmap NFS request UDP,review,relative_payload_position,"cadeia com distance/within ancorada, mas o adaptador atual ainda nao recalcula posicoes relativas; usa operador de payload ainda nao suportado automaticamente pelo adaptador","alert udp $EXTERNAL_NET any -> $HOME_NET 111 ( msg:""PROTOCOL-RPC portmap NFS request UDP""; content:""|00 01 86 A0|"",depth 4,offset 12; content:""|00 00 00 03|"",within 4,distance 4; byte_jump:4,4,relative,align; byte_jump:4,4,relative,align; content:""|00 01 86 A3|"",within 4; content:""|00 00 00 00|"",depth 4,offset 4; metadata:policy max-detect-ips drop,ruleset community; service:sunrpc; classtype:rpc-portmap-decode; sid:1959; rev:14; )"
1350,1961,PROTOCOL-RPC portmap RQUOTA request UDP,review,relative_payload_position,"cadeia com distance/within ancorada, mas o adaptador atual ainda nao recalcula posicoes relativas; usa operador de payload ainda nao suportado automaticamente pelo adaptador","alert udp $EXTERNAL_NET any -> $HOME_NET 111 ( msg:""PROTOCOL-RPC portmap RQUOTA request UDP""; content:""|00 01 86 A0|"",depth 4,offset 12; content:""|00 00 00 03|"",within 4,distance 4; byte_jump:4,4,relative,align; byte_jump:4,4,relative,align; content:""|00 01 86 AB|"",within 4; content:""|00 00 00 00|"",depth 4,offset 4; metadata:policy max-detect-ips drop,ruleset community; service:sunrpc; classtype:rpc-portmap-decode; sid:1961; rev:14; )"
1352,1963,PROTOCOL-RPC RQUOTA getquota overflow attempt UDP,review,relative_payload_position,"cadeia com distance/within ancorada, mas o adaptador atual ainda nao recalcula posicoes relativas; usa operador de payload ainda nao suportado automaticamente pelo adaptador","alert udp $EXTERNAL_NET any -> $HOME_NET any ( msg:""PROTOCOL-RPC RQUOTA getquota overflow attempt UDP""; content:""|00 01 86 AB|"",depth 4,offset 12; content:""|00 00 00 01|"",within 4,distance 4; byte_jump:4,4,relative,align; byte_jump:4,4,relative,align; byte_test:4,>,128,0,relative; content:""|00 00 00 00|"",depth 4,offset 4; metadata:policy max-detect-ips drop,ruleset community; reference:bugtraq,864; reference:cve,1999-0974; classtype:misc-attack; sid:1963; rev:15; )"
1376,1987,SERVER-OTHER xfs overflow attempt,review,unsupported_payload_operator,usa operador de payload ainda nao suportado automaticamente pelo adaptador,"alert tcp $EXTERNAL_NET any -> $HOME_NET 7100 ( msg:""SERVER-OTHER xfs overflow attempt""; flow:to_server,established; isdataat:512; content:""B|00 02|"",depth 3; metadata:ruleset community; reference:bugtraq,6241; reference:cve,2002-1317; reference:nessus,11188; classtype:misc-activity; sid:1987; rev:11; )"
1432,2043,INDICATOR-SCAN isakmp login failed,review,relative_payload_position,"cadeia com distance/within ancorada, mas o adaptador atual ainda nao recalcula posicoes relativas","alert udp $HOME_NET 500 -> $EXTERNAL_NET 500 ( msg:""INDICATOR-SCAN isakmp login failed""; content:""|10 05|"",depth 2,offset 17; content:""|00 00 00 01 01 00 00 18|"",within 8,distance 13; metadata:policy max-detect-ips drop,ruleset community; reference:url,attack.mitre.org/techniques/T1018; reference:url,attack.mitre.org/techniques/T1040; reference:url,attack.mitre.org/techniques/T1046; classtype:misc-activity; sid:2043; rev:8; )"
1438,2050,SERVER-MSSQL version overflow attempt,review,size_dependent_rule,usa dsize/stream_size; a lavagem altera tamanho e pode exigir ajuste proprio,"alert udp $EXTERNAL_NET any -> $HOME_NET 1434 ( msg:""SERVER-MSSQL version overflow attempt""; flow:to_server; dsize:>100; content:""|04|"",depth 1; metadata:policy max-detect-ips drop,ruleset community; reference:bugtraq,5310; reference:cve,2002-0649; reference:nessus,10674; reference:url,technet.microsoft.com/en-us/security/bulletin/MS02-039; classtype:attempted-admin; sid:2050; rev:19; )"
1475,2088,PROTOCOL-RPC ypupdated arbitrary command attempt UDP,review,relative_payload_position,"cadeia com distance/within ancorada, mas o adaptador atual ainda nao recalcula posicoes relativas; usa operador de payload ainda nao suportado automaticamente pelo adaptador","alert udp $EXTERNAL_NET any -> $HOME_NET any ( msg:""PROTOCOL-RPC ypupdated arbitrary command attempt UDP""; content:""|00 01 86 BC|"",depth 4,offset 12; content:""|00 00 00 01|"",within 4,distance 4; byte_jump:4,4,relative,align; byte_jump:4,4,relative,align; content:""|7C|"",distance 4; content:""|00 00 00 00|"",depth 4,offset 4; metadata:policy max-detect-ips drop,policy security-ips drop,ruleset community; reference:bugtraq,1749; reference:bugtraq,28383; reference:cve,1999-0208; classtype:misc-attack; sid:2088; rev:17; )"
1508,2126,OS-WINDOWS Microsoft Windows PPTP Start Control Request buffer overflow attempt,review,unsupported_payload_operator,usa operador de payload ainda nao suportado automaticamente pelo adaptador,"alert tcp $EXTERNAL_NET any -> $HOME_NET 1723 ( msg:""OS-WINDOWS Microsoft Windows PPTP Start Control Request buffer overflow attempt""; flow:to_server,established,no_stream; isdataat:156; content:""|00 01|"",depth 2,offset 2; content:""|00 01|"",depth 2,offset 8; metadata:policy max-detect-ips drop,ruleset community; reference:bugtraq,5807; reference:cve,2002-1214; reference:nessus,11178; reference:url,technet.microsoft.com/en-us/security/bulletin/MS02-063; classtype:attempted-admin; sid:2126; rev:16; )"
1613,2257,OS-WINDOWS DCERPC Messenger Service buffer overflow attempt,review,unsupported_payload_operator,usa operador de payload ainda nao suportado automaticamente pelo adaptador,"alert udp $EXTERNAL_NET any -> $HOME_NET 135 ( msg:""OS-WINDOWS DCERPC Messenger Service buffer overflow attempt""; content:""|04 00|"",depth 2; byte_test:1,>,15,2,relative; byte_jump:4,86,relative,little,align; byte_jump:4,8,relative,little,align; byte_test:4,>,1024,0,relative,little; metadata:policy max-detect-ips drop,ruleset community; reference:bugtraq,8826; reference:cve,2003-0717; reference:nessus,11888; reference:nessus,11890; reference:url,technet.microsoft.com/en-us/security/bulletin/MS03-043; classtype:attempted-admin; sid:2257; rev:16; )"
1717,2376,SERVER-OTHER ISAKMP first payload certificate request length overflow attempt,review,unsupported_payload_operator,usa operador de payload ainda nao suportado automaticamente pelo adaptador,"alert udp $EXTERNAL_NET any -> $HOME_NET 500 ( msg:""SERVER-OTHER ISAKMP first payload certificate request length overflow attempt""; flow:to_server; byte_test:4,>,2043,24; content:""|07|"",depth 1,offset 16; byte_test:2,>,2043,30; metadata:policy max-detect-ips drop,ruleset community; reference:bugtraq,9582; reference:cve,2004-0040; classtype:attempted-admin; sid:2376; rev:9; )"
1718,2377,SERVER-OTHER ISAKMP second payload certificate request length overflow attempt,review,unsupported_payload_operator,usa operador de payload ainda nao suportado automaticamente pelo adaptador,"alert udp $EXTERNAL_NET any -> $HOME_NET 500 ( msg:""SERVER-OTHER ISAKMP second payload certificate request length overflow attempt""; flow:to_server; byte_test:4,>,2043,24; content:""|07|"",depth 1,offset 28; byte_jump:2,30; byte_test:2,>,2043,-2,relative; metadata:policy max-detect-ips drop,ruleset community; reference:bugtraq,9582; reference:cve,2004-0040; classtype:attempted-admin; sid:2377; rev:9; )"
1791,2462,SERVER-OTHER Ethereal IGMP IGAP account overflow attempt,review,unsupported_payload_operator,usa operador de payload ainda nao suportado automaticamente pelo adaptador,"alert ip any any -> any any ( msg:""SERVER-OTHER Ethereal IGMP IGAP account overflow attempt""; ip_proto:2; byte_test:1,>,63,0; byte_test:1,<,67,0; byte_test:1,>,16,12; metadata:ruleset community; reference:bugtraq,9952; reference:cve,2004-0176; reference:cve,2004-0367; classtype:attempted-admin; sid:2462; rev:10; )"
1792,2463,SERVER-OTHER Ethereal IGMP IGAP message overflow attempt,review,unsupported_payload_operator,usa operador de payload ainda nao suportado automaticamente pelo adaptador,"alert ip any any -> any any ( msg:""SERVER-OTHER Ethereal IGMP IGAP message overflow attempt""; ip_proto:2; byte_test:1,>,63,0; byte_test:1,<,67,0; byte_test:1,>,64,13; metadata:ruleset community; reference:bugtraq,9952; reference:cve,2004-0176; reference:cve,2004-0367; classtype:attempted-admin; sid:2463; rev:10; )"
1793,2464,SERVER-OTHER Ethereal EIGRP prefix length overflow attempt,review,unsupported_payload_operator,usa operador de payload ainda nao suportado automaticamente pelo adaptador,"alert ip any any -> any any ( msg:""SERVER-OTHER Ethereal EIGRP prefix length overflow attempt""; ip_proto:88; byte_test:1,>,32,44; metadata:ruleset community; reference:bugtraq,9952; reference:cve,2004-0176; reference:cve,2004-0367; classtype:attempted-admin; sid:2464; rev:10; )"
1797,2486,SERVER-OTHER ISAKMP invalid identification payload attempt,review,unsupported_payload_operator,usa operador de payload ainda nao suportado automaticamente pelo adaptador,"alert udp $EXTERNAL_NET any -> $HOME_NET 500 ( msg:""SERVER-OTHER ISAKMP invalid identification payload attempt""; flow:to_server; content:""|05|"",depth 1,offset 16; byte_test:1,!&,1,19; byte_test:1,>,8,32; byte_test:2,>,0,30; byte_test:2,<,10,30; byte_test:2,!=,8,30; metadata:policy max-detect-ips drop,ruleset community; reference:bugtraq,10004; reference:cve,2004-0184; classtype:attempted-dos; sid:2486; rev:14; )"
1803,2511,OS-WINDOWS DCERPC NCADG-IP-UDP lsass DsRolerUpgradeDownlevelServer overflow attempt,review,unsupported_payload_operator,usa operador de payload ainda nao suportado automaticamente pelo adaptador,"alert udp $EXTERNAL_NET any -> $HOME_NET [135,138,1024:] ( msg:""OS-WINDOWS DCERPC NCADG-IP-UDP lsass DsRolerUpgradeDownlevelServer overflow attempt""; dce_iface:uuid 3919286a-b10c-11d0-9ba8-00c04fd92ef5; dce_opnum:""9""; dce_stub_data; byte_test:4,>,256,0,dce; metadata:policy max-detect-ips drop,ruleset community; service:netbios-dgm; reference:bugtraq,10108; reference:cve,2003-0533; reference:nessus,12205; reference:url,technet.microsoft.com/en-us/security/bulletin/MS04-011; classtype:attempted-admin; sid:2511; rev:22; )"
1823,2563,NETBIOS NS lookup response name overflow attempt,review,unsupported_payload_operator,usa operador de payload ainda nao suportado automaticamente pelo adaptador,"alert udp $EXTERNAL_NET 137 -> $HOME_NET 137 ( msg:""NETBIOS NS lookup response name overflow attempt""; byte_test:1,&,0x80,2; content:""|00 01|"",depth 2,offset 6; byte_test:1,>,32,12; metadata:policy max-detect-ips drop,ruleset community; service:netbios-ns; reference:bugtraq,10333; reference:cve,2004-0444; reference:url,www.eeye.com/html/Research/Advisories/AD20040512A.html; classtype:attempted-admin; sid:2563; rev:8; )"
1824,2564,NETBIOS NS lookup short response attempt,review,size_dependent_rule,usa operador de payload ainda nao suportado automaticamente pelo adaptador; usa dsize/stream_size; a lavagem altera tamanho e pode exigir ajuste proprio,"alert udp $EXTERNAL_NET 137 -> $HOME_NET 137 ( msg:""NETBIOS NS lookup short response attempt""; dsize:<56; byte_test:1,&,0x80,2; content:""|00 01|"",depth 2,offset 6; metadata:policy max-detect-ips drop,ruleset community; service:netbios-ns; reference:bugtraq,10335; reference:cve,2004-0444; reference:url,www.eeye.com/html/Research/Advisories/AD20040512C.html; classtype:attempted-admin; sid:2564; rev:8; )"
1880,2656,SERVER-WEBAPP SSLv2 Client_Hello Challenge Length overflow attempt,review,normalized_buffer_rule,usa operador de payload ainda nao suportado automaticamente pelo adaptador; usa buffer normalizado/camada de aplicacao; offset pode nao corresponder ao pacote bruto,"alert tcp $EXTERNAL_NET any -> $HOME_NET 443 ( msg:""SERVER-WEBAPP SSLv2 Client_Hello Challenge Length overflow attempt""; flow:to_server,established; ssl_version:sslv2; ssl_state:client_hello; content:""|01 00 02|"",depth 3,offset 2; byte_test:1,>,127,0; byte_test:2,>,32,9; metadata:policy max-detect-ips drop,ruleset community; service:ssl; reference:bugtraq,11015; reference:cve,2004-0826; classtype:attempted-admin; sid:2656; rev:22; )"
1881,2657,SERVER-WEBAPP SSLv2 Client_Hello with pad Challenge Length overflow attempt,review,normalized_buffer_rule,usa operador de payload ainda nao suportado automaticamente pelo adaptador; usa buffer normalizado/camada de aplicacao; offset pode nao corresponder ao pacote bruto,"alert tcp $EXTERNAL_NET any -> $HOME_NET 443 ( msg:""SERVER-WEBAPP SSLv2 Client_Hello with pad Challenge Length overflow attempt""; flow:to_server,established; ssl_version:sslv2; ssl_state:client_hello; content:""|01 00 02|"",depth 3,offset 2; byte_test:2,>,32,9; metadata:policy max-detect-ips drop,ruleset community; service:ssl; classtype:attempted-admin; sid:2657; rev:20; )"
2141,2936,OS-WINDOWS DCERPC NCACN-IP-TCP nddeapi NDdeSetTrustedShareW overflow attempt,review,unsupported_payload_operator,usa operador de payload ainda nao suportado automaticamente pelo adaptador,"alert tcp $EXTERNAL_NET any -> $HOME_NET [139,445] ( msg:""OS-WINDOWS DCERPC NCACN-IP-TCP nddeapi NDdeSetTrustedShareW overflow attempt""; flow:to_server,established; dce_iface:uuid 2f5f3220-c126-1076-b549-074d078619da; dce_opnum:""12""; dce_stub_data; isdataat:256; content:!""|00|"",depth 256,offset 12; metadata:ruleset community; service:netbios-ssn; reference:bugtraq,11372; reference:cve,2004-0206; reference:url,technet.microsoft.com/en-us/security/bulletin/ms04-031; classtype:attempted-admin; sid:2936; rev:18; )"
2143,3006,SERVER-OTHER Volition Freespace 2 buffer overflow attempt,review,unsupported_payload_operator,usa operador de payload ainda nao suportado automaticamente pelo adaptador,"alert udp $EXTERNAL_NET 7808 -> $HOME_NET any ( msg:""SERVER-OTHER Volition Freespace 2 buffer overflow attempt""; flow:to_client; content:""|00 E1|..|B4 00 00 00|"",depth 8; isdataat:160,relative; metadata:policy max-detect-ips drop,ruleset community; reference:bugtraq,9785; classtype:misc-attack; sid:3006; rev:7; )"
2223,3089,SERVER-OTHER squid WCCP I_SEE_YOU message overflow attempt,review,unsupported_payload_operator,usa operador de payload ainda nao suportado automaticamente pelo adaptador,"alert udp $EXTERNAL_NET any -> $HOME_NET 2048 ( msg:""SERVER-OTHER squid WCCP I_SEE_YOU message overflow attempt""; flow:to_server; content:""|00 00 00 08|"",depth 4; byte_test:4,>,32,16; metadata:policy max-detect-ips drop,ruleset community; reference:bugtraq,12275; reference:cve,2005-0095; classtype:attempted-user; sid:3089; rev:10; )"
2253,3171,OS-WINDOWS DCERPC NCADG-IP-UDP msqueue function 4 overflow attempt,review,unsupported_payload_operator,usa operador de payload ainda nao suportado automaticamente pelo adaptador,"alert udp $EXTERNAL_NET any -> $HOME_NET [135,1024:] ( msg:""OS-WINDOWS DCERPC NCADG-IP-UDP msqueue function 4 overflow attempt""; dce_iface:uuid 975201b0-59ca-11d0-a8d5-00a0c90d8051; dce_opnum:""4""; dce_stub_data; byte_test:4,>,128,8,dce; metadata:policy max-detect-ips drop,policy security-ips drop,ruleset community; service:dcerpc; reference:cve,2005-0059; reference:url,technet.microsoft.com/en-us/security/bulletin/MS05-017; classtype:attempted-admin; sid:3171; rev:16; )"
2257,3195,OS-WINDOWS name query overflow attempt TCP,review,unsupported_payload_operator,usa operador de payload ainda nao suportado automaticamente pelo adaptador,"alert tcp $EXTERNAL_NET any -> $HOME_NET 137 ( msg:""OS-WINDOWS name query overflow attempt TCP""; flow:to_server,established; byte_test:1,&,64,2; content:"" "",offset 12; isdataat:56,relative; metadata:policy max-detect-ips drop,ruleset community; service:netbios-ns; reference:bugtraq,9624; reference:cve,2003-0825; reference:nessus,15912; reference:url,technet.microsoft.com/en-us/security/bulletin/ms04-006; classtype:attempted-admin; sid:3195; rev:11; )"
2258,3196,OS-WINDOWS name query overflow attempt UDP,review,unsupported_payload_operator,usa operador de payload ainda nao suportado automaticamente pelo adaptador,"alert udp $EXTERNAL_NET any -> $HOME_NET 137 ( msg:""OS-WINDOWS name query overflow attempt UDP""; byte_test:1,&,64,2; content:"" "",offset 12; isdataat:56,relative; metadata:policy max-detect-ips drop,ruleset community; service:netbios-ns; reference:bugtraq,9624; reference:cve,2003-0825; reference:nessus,15912; reference:url,technet.microsoft.com/en-us/security/bulletin/ms04-006; classtype:attempted-admin; sid:3196; rev:9; )"
2259,3199,OS-WINDOWS Microsoft Windows WINS name query overflow attempt TCP,review,unsupported_payload_operator,usa operador de payload ainda nao suportado automaticamente pelo adaptador,"alert tcp $EXTERNAL_NET any -> $HOME_NET 42 ( msg:""OS-WINDOWS Microsoft Windows WINS name query overflow attempt TCP""; flow:established; byte_test:1,&,64,2; content:"" "",offset 12; isdataat:56,relative; metadata:policy max-detect-ips drop,ruleset community; reference:bugtraq,9624; reference:cve,2003-0825; reference:nessus,15912; reference:url,technet.microsoft.com/en-us/security/bulletin/MS04-006; classtype:attempted-admin; sid:3199; rev:12; )"
2260,3200,OS-WINDOWS Microsoft Windows WINS name query overflow attempt UDP,review,unsupported_payload_operator,usa operador de payload ainda nao suportado automaticamente pelo adaptador,"alert udp $EXTERNAL_NET any -> $HOME_NET 42 ( msg:""OS-WINDOWS Microsoft Windows WINS name query overflow attempt UDP""; flow:to_server; byte_test:1,&,64,2; content:"" "",offset 12; isdataat:56,relative; metadata:policy max-detect-ips drop,ruleset community; reference:bugtraq,9624; reference:cve,2003-0825; reference:nessus,15912; reference:url,technet.microsoft.com/en-us/security/bulletin/MS04-006; classtype:attempted-admin; sid:3200; rev:13; )"
2263,3234,OS-WINDOWS Messenger message little endian overflow attempt,review,relative_payload_position,"cadeia com distance/within ancorada, mas o adaptador atual ainda nao recalcula posicoes relativas; usa operador de payload ainda nao suportado automaticamente pelo adaptador","alert udp $EXTERNAL_NET any -> $HOME_NET 135 ( msg:""OS-WINDOWS Messenger message little endian overflow attempt""; content:""|04 00|"",depth 2; byte_test:1,&,16,2,relative; content:""|F8 91|{Z|00 FF D0 11 A9 B2 00 C0|O|B6 E6 FC|"",within 16,distance 22; content:""|00 00|"",within 2,distance 28; byte_jump:4,18,relative,little,align; byte_jump:4,8,relative,little,align; byte_test:4,>,1024,8,relative,little; metadata:policy max-detect-ips drop,ruleset community; reference:bugtraq,8826; reference:cve,2003-0717; classtype:attempted-admin; sid:3234; rev:6; )"
2264,3235,OS-WINDOWS Messenger message overflow attempt,review,relative_payload_position,"cadeia com distance/within ancorada, mas o adaptador atual ainda nao recalcula posicoes relativas; usa operador de payload ainda nao suportado automaticamente pelo adaptador","alert udp $EXTERNAL_NET any -> $HOME_NET 135 ( msg:""OS-WINDOWS Messenger message overflow attempt""; content:""|04 00|"",depth 2; byte_test:1,!&,16,2,relative; content:""|F8 91|{Z|00 FF D0 11 A9 B2 00 C0|O|B6 E6 FC|"",within 16,distance 22; content:""|00 00|"",within 2,distance 28; byte_jump:4,18,relative,align; byte_jump:4,8,relative,align; byte_test:4,>,1024,8,relative; metadata:policy max-detect-ips drop,ruleset community; reference:bugtraq,8826; reference:cve,2003-0717; classtype:attempted-admin; sid:3235; rev:6; )"
2278,3457,SERVER-OTHER Arkeia backup client type 77 overflow attempt,review,unsupported_payload_operator,usa operador de payload ainda nao suportado automaticamente pelo adaptador,"alert tcp $EXTERNAL_NET any -> $HOME_NET 617 ( msg:""SERVER-OTHER Arkeia backup client type 77 overflow attempt""; flow:to_server,established; content:""|00|M"",depth 2; byte_test:2,>,23,6; metadata:policy max-detect-ips drop,policy security-ips drop,ruleset community; reference:bugtraq,12594; reference:cve,2005-0491; reference:nessus,17158; classtype:attempted-user; sid:3457; rev:14; )"
2279,3458,SERVER-OTHER Arkeia backup client type 84 overflow attempt,review,unsupported_payload_operator,usa operador de payload ainda nao suportado automaticamente pelo adaptador,"alert tcp $EXTERNAL_NET any -> $HOME_NET 617 ( msg:""SERVER-OTHER Arkeia backup client type 84 overflow attempt""; flow:to_server,established; content:""|00|T"",depth 2; byte_test:2,>,255,6; isdataat:263; content:!""|00|"",depth 255,offset 8; metadata:policy max-detect-ips drop,policy security-ips drop,ruleset community; reference:bugtraq,12594; reference:cve,2005-0491; classtype:attempted-user; sid:3458; rev:9; )"
2299,17314,FILE-IDENTIFY OLE document file magic detected,review,unsupported_payload_operator,usa operador de payload ainda nao suportado automaticamente pelo adaptador,"alert tcp $EXTERNAL_NET $FILE_DATA_PORTS -> $HOME_NET any ( msg:""FILE-IDENTIFY OLE document file magic detected""; flow:to_client,established; file_data; content:""|D0 CF 11 E0 A1 B1 1A E1|"",depth 8; flowbits:set,file.ole; flowbits:set,file.fpx; flowbits:noalert; metadata:policy balanced-ips alert,policy connectivity-ips alert,policy max-detect-ips alert,policy security-ips alert,ruleset community; service:ftp-data,http,imap,pop3; classtype:misc-activity; sid:17314; rev:27; )"
2317,20478,FILE-IDENTIFY PNG file magic detected,review,unsupported_payload_operator,usa operador de payload ainda nao suportado automaticamente pelo adaptador,"alert tcp $EXTERNAL_NET $FILE_DATA_PORTS -> $HOME_NET any ( msg:""FILE-IDENTIFY PNG file magic detected""; flow:to_client,established; file_data; content:""|89|PNG|0D 0A 1A 0A|"",depth 8; flowbits:set,file.png; flowbits:noalert; metadata:policy balanced-ips alert,policy max-detect-ips alert,policy security-ips alert,ruleset community; service:ftp-data,http,imap,pop3; classtype:misc-activity; sid:20478; rev:22; )"
2318,20480,FILE-IDENTIFY JPEG file magic detection,review,unsupported_payload_operator,usa operador de payload ainda nao suportado automaticamente pelo adaptador,"alert tcp $EXTERNAL_NET $FILE_DATA_PORTS -> $HOME_NET any ( msg:""FILE-IDENTIFY JPEG file magic detection""; flow:to_client,established; file_data; content:""|FF D8 FF|"",depth 3; flowbits:set,file.jpeg; flowbits:noalert; metadata:policy balanced-ips alert,policy max-detect-ips alert,policy security-ips alert,ruleset community; service:ftp-data,http,imap,pop3; classtype:misc-activity; sid:20480; rev:21; )"
2319,20483,FILE-IDENTIFY JPEG file magic detected,review,unsupported_payload_operator,usa operador de payload ainda nao suportado automaticamente pelo adaptador,"alert tcp $EXTERNAL_NET $FILE_DATA_PORTS -> $HOME_NET any ( msg:""FILE-IDENTIFY JPEG file magic detected""; flow:to_client,established; file_data; content:""|FF D8 FF E0|"",depth 4; flowbits:set,file.jpeg; flowbits:noalert; metadata:policy balanced-ips alert,policy max-detect-ips alert,policy security-ips alert,ruleset community; service:ftp-data,http,imap,pop3; classtype:misc-activity; sid:20483; rev:22; )"
2356,21480,FILE-IDENTIFY XML file magic detected,review,unsupported_payload_operator,usa operador de payload ainda nao suportado automaticamente pelo adaptador,"alert tcp $EXTERNAL_NET $FILE_DATA_PORTS -> $HOME_NET any ( msg:""FILE-IDENTIFY XML file magic detected""; flow:to_client,established; file_data; content:""<xml>"",depth 50,nocase; flowbits:set,file.xml; flowbits:set,file.xul; flowbits:noalert; metadata:policy max-detect-ips alert,policy security-ips alert,ruleset community; service:ftp-data,http,imap,pop3; classtype:misc-activity; sid:21480; rev:16; )"
2357,21498,FILE-IDENTIFY XML file magic detected,review,unsupported_payload_operator,usa operador de payload ainda nao suportado automaticamente pelo adaptador,"alert tcp $EXTERNAL_NET $FILE_DATA_PORTS -> $HOME_NET any ( msg:""FILE-IDENTIFY XML file magic detected""; flow:to_client,established; file_data; content:""<?xml"",depth 50,nocase; flowbits:set,file.xml; flowbits:set,file.xul; flowbits:noalert; metadata:policy max-detect-ips alert,policy security-ips alert,ruleset community; service:ftp-data,http,imap,pop3; classtype:misc-activity; sid:21498; rev:16; )"
2433,23492,MALWARE-CNC Win.Trojan.ZeroAccess outbound connection,review,size_dependent_rule,usa dsize/stream_size; a lavagem altera tamanho e pode exigir ajuste proprio,"alert udp $HOME_NET any -> $EXTERNAL_NET 53 ( msg:""MALWARE-CNC Win.Trojan.ZeroAccess outbound connection""; flow:to_server; dsize:20; content:""|9E 98|"",depth 2,offset 6; metadata:ruleset community; reference:url,www.virustotal.com/file/50cdd9f6c5629630c8d8a3a4fe7d929d3c6463b2f9407d9a90703047e7db7ff9/analysis/; classtype:trojan-activity; sid:23492; rev:6; )"
2437,23652,FILE-IDENTIFY JAR/ZIP file magic detected,review,unsupported_payload_operator,usa operador de payload ainda nao suportado automaticamente pelo adaptador,"alert tcp $EXTERNAL_NET any -> $SMTP_SERVERS 25 ( msg:""FILE-IDENTIFY JAR/ZIP file magic detected""; flow:to_server,established; file_data; content:""PK00PK|03 04|"",depth 8; flowbits:set,file.zip; flowbits:set,file.jar; flowbits:noalert; metadata:policy balanced-ips alert,policy connectivity-ips alert,policy max-detect-ips alert,policy security-ips alert,ruleset community; service:smtp; classtype:misc-activity; sid:23652; rev:16; )"
2438,23653,FILE-IDENTIFY JAR/ZIP file magic detected,review,unsupported_payload_operator,usa operador de payload ainda nao suportado automaticamente pelo adaptador,"alert tcp $EXTERNAL_NET any -> $SMTP_SERVERS 25 ( msg:""FILE-IDENTIFY JAR/ZIP file magic detected""; flow:to_server,established; file_data; content:""PK|01 02|"",depth 4; flowbits:set,file.zip; flowbits:set,file.jar; flowbits:noalert; metadata:policy balanced-ips alert,policy connectivity-ips alert,policy max-detect-ips alert,policy security-ips alert,ruleset community; service:smtp; classtype:misc-activity; sid:23653; rev:16; )"
2439,23654,FILE-IDENTIFY JAR/ZIP file magic detected,review,unsupported_payload_operator,usa operador de payload ainda nao suportado automaticamente pelo adaptador,"alert tcp $EXTERNAL_NET any -> $SMTP_SERVERS 25 ( msg:""FILE-IDENTIFY JAR/ZIP file magic detected""; flow:to_server,established; file_data; content:""PK|05 06|"",depth 4; flowbits:set,file.zip; flowbits:set,file.jar; flowbits:noalert; metadata:policy balanced-ips alert,policy connectivity-ips alert,policy max-detect-ips alert,policy security-ips alert,ruleset community; service:smtp; classtype:misc-activity; sid:23654; rev:16; )"
2440,23655,FILE-IDENTIFY JAR/ZIP file magic detected,review,unsupported_payload_operator,usa operador de payload ainda nao suportado automaticamente pelo adaptador,"alert tcp $EXTERNAL_NET any -> $SMTP_SERVERS 25 ( msg:""FILE-IDENTIFY JAR/ZIP file magic detected""; flow:to_server,established; file_data; content:""PK|06 08|"",depth 4; flowbits:set,file.zip; flowbits:set,file.jar; flowbits:noalert; metadata:policy balanced-ips alert,policy connectivity-ips alert,policy max-detect-ips alert,policy security-ips alert,ruleset community; service:smtp; classtype:misc-activity; sid:23655; rev:16; )"
2441,23656,FILE-IDENTIFY JAR/ZIP file magic detected,review,unsupported_payload_operator,usa operador de payload ainda nao suportado automaticamente pelo adaptador,"alert tcp $EXTERNAL_NET any -> $SMTP_SERVERS 25 ( msg:""FILE-IDENTIFY JAR/ZIP file magic detected""; flow:to_server,established; file_data; content:""PK|06 07|"",depth 4; flowbits:set,file.zip; flowbits:set,file.jar; flowbits:noalert; metadata:policy balanced-ips alert,policy connectivity-ips alert,policy max-detect-ips alert,policy security-ips alert,ruleset community; service:smtp; classtype:misc-activity; sid:23656; rev:16; )"
2442,23657,FILE-IDENTIFY JAR/ZIP file magic detected,review,unsupported_payload_operator,usa operador de payload ainda nao suportado automaticamente pelo adaptador,"alert tcp $EXTERNAL_NET any -> $SMTP_SERVERS 25 ( msg:""FILE-IDENTIFY JAR/ZIP file magic detected""; flow:to_server,established; file_data; content:""PK|06 06|"",depth 4; flowbits:set,file.zip; flowbits:set,file.jar; flowbits:noalert; metadata:policy balanced-ips alert,policy connectivity-ips alert,policy max-detect-ips alert,policy security-ips alert,ruleset community; service:smtp; classtype:misc-activity; sid:23657; rev:16; )"
2443,23664,FILE-IDENTIFY PNG file magic detected,review,unsupported_payload_operator,usa operador de payload ainda nao suportado automaticamente pelo adaptador,"alert tcp $EXTERNAL_NET any -> $SMTP_SERVERS 25 ( msg:""FILE-IDENTIFY PNG file magic detected""; flow:to_server,established; file_data; content:""|89|PNG|0D 0A 1A 0A|"",depth 8; flowbits:set,file.png; flowbits:noalert; metadata:policy balanced-ips alert,policy max-detect-ips alert,policy security-ips alert,ruleset community; service:smtp; classtype:misc-activity; sid:23664; rev:17; )"
2444,23667,FILE-IDENTIFY JPEG file magic detected,review,unsupported_payload_operator,usa operador de payload ainda nao suportado automaticamente pelo adaptador,"alert tcp $EXTERNAL_NET any -> $SMTP_SERVERS 25 ( msg:""FILE-IDENTIFY JPEG file magic detected""; flow:to_server,established; file_data; content:""|FF D8 FF E0|"",depth 4; flowbits:set,file.jpeg; flowbits:noalert; metadata:policy balanced-ips alert,policy max-detect-ips alert,policy security-ips alert,ruleset community; service:smtp; classtype:misc-activity; sid:23667; rev:14; )"
2449,23711,FILE-IDENTIFY OLE Document file magic detected,review,unsupported_payload_operator,usa operador de payload ainda nao suportado automaticamente pelo adaptador,"alert tcp $EXTERNAL_NET any -> $SMTP_SERVERS 25 ( msg:""FILE-IDENTIFY OLE Document file magic detected""; flow:to_server,established; file_data; content:""|D0 CF 11 E0 A1 B1 1A E1|"",depth 8; flowbits:set,file.ole; flowbits:set,file.fpx; flowbits:noalert; metadata:policy balanced-ips alert,policy connectivity-ips alert,policy max-detect-ips alert,policy security-ips alert,ruleset community; service:smtp; classtype:misc-activity; sid:23711; rev:14; )"
2451,23758,FILE-IDENTIFY XML file magic detected,review,unsupported_payload_operator,usa operador de payload ainda nao suportado automaticamente pelo adaptador,"alert tcp $EXTERNAL_NET any -> $SMTP_SERVERS 25 ( msg:""FILE-IDENTIFY XML file magic detected""; flow:to_server,established; file_data; content:""<xml>"",depth 50,nocase; flowbits:set,file.xml; flowbits:noalert; metadata:policy max-detect-ips alert,policy security-ips alert,ruleset community; service:smtp; classtype:misc-activity; sid:23758; rev:10; )"
2452,23759,FILE-IDENTIFY XML file magic detected,review,unsupported_payload_operator,usa operador de payload ainda nao suportado automaticamente pelo adaptador,"alert tcp $EXTERNAL_NET any -> $SMTP_SERVERS 25 ( msg:""FILE-IDENTIFY XML file magic detected""; flow:to_server,established; file_data; content:""<?xml"",depth 50,nocase; flowbits:set,file.xml; flowbits:noalert; metadata:policy max-detect-ips alert,policy security-ips alert,ruleset community; service:smtp; classtype:misc-activity; sid:23759; rev:10; )"
2463,24455,FILE-IDENTIFY JPEG file magic detected,review,unsupported_payload_operator,usa operador de payload ainda nao suportado automaticamente pelo adaptador,"alert tcp $EXTERNAL_NET $FILE_DATA_PORTS -> $HOME_NET any ( msg:""FILE-IDENTIFY JPEG file magic detected""; flow:to_client,established; file_data; content:""|FF D8 FF E1|"",depth 4; flowbits:set,file.jpeg; flowbits:noalert; metadata:policy balanced-ips alert,policy max-detect-ips alert,policy security-ips alert,ruleset community; service:ftp-data,http,imap,pop3; classtype:misc-activity; sid:24455; rev:12; )"
2464,24456,FILE-IDENTIFY JPEG file magic detected,review,unsupported_payload_operator,usa operador de payload ainda nao suportado automaticamente pelo adaptador,"alert tcp $EXTERNAL_NET $FILE_DATA_PORTS -> $HOME_NET any ( msg:""FILE-IDENTIFY JPEG file magic detected""; flow:to_client,established; file_data; content:""|FF D8 FF EE|"",depth 4; flowbits:set,file.jpeg; flowbits:noalert; metadata:policy balanced-ips alert,policy max-detect-ips alert,policy security-ips alert,ruleset community; service:ftp-data,http,imap,pop3; classtype:misc-activity; sid:24456; rev:12; )"
2465,24457,FILE-IDENTIFY JPEG file magic detected,review,unsupported_payload_operator,usa operador de payload ainda nao suportado automaticamente pelo adaptador,"alert tcp $EXTERNAL_NET any -> $SMTP_SERVERS 25 ( msg:""FILE-IDENTIFY JPEG file magic detected""; flow:to_server,established; file_data; content:""|FF D8 FF E1|"",depth 4; flowbits:set,file.jpeg; flowbits:noalert; metadata:policy balanced-ips alert,policy max-detect-ips alert,policy security-ips alert,ruleset community; service:smtp; classtype:misc-activity; sid:24457; rev:11; )"
2466,24458,FILE-IDENTIFY JPEG file magic detected,review,unsupported_payload_operator,usa operador de payload ainda nao suportado automaticamente pelo adaptador,"alert tcp $EXTERNAL_NET any -> $SMTP_SERVERS 25 ( msg:""FILE-IDENTIFY JPEG file magic detected""; flow:to_server,established; file_data; content:""|FF D8 FF EE|"",depth 4; flowbits:set,file.jpeg; flowbits:noalert; metadata:policy balanced-ips alert,policy max-detect-ips alert,policy security-ips alert,ruleset community; service:smtp; classtype:misc-activity; sid:24458; rev:11; )"
2510,25627,MALWARE-CNC Win.Trojan.Reventon variant outbound connection,review,unsupported_payload_operator,usa operador de payload ainda nao suportado automaticamente pelo adaptador,"alert tcp $HOME_NET any -> $EXTERNAL_NET [$HTTP_PORTS,443] ( msg:""MALWARE-CNC Win.Trojan.Reventon variant outbound connection""; flow:to_server,established; isdataat:!5; content:""|9A 02 00 00|"",depth 4,fast_pattern; metadata:impact_flag red,policy max-detect-ips drop,ruleset community; service:http; reference:url,www.virustotal.com/file/25c690dac0d17f9ba304e5e68c1da2381685b1aa0aa3cd503589bbc59daf81eb/analysis/; classtype:trojan-activity; sid:25627; rev:6; )"
2525,26057,FILE-IDENTIFY ZIP file download detected,review,unsupported_payload_operator,usa operador de payload ainda nao suportado automaticamente pelo adaptador,"alert tcp $EXTERNAL_NET $FILE_DATA_PORTS -> $HOME_NET any ( msg:""FILE-IDENTIFY ZIP file download detected""; flow:to_client,established; file_data; content:""PK|03 04 14 00 06 00|"",depth 8; flowbits:set,file.zip; flowbits:noalert; metadata:policy balanced-ips alert,policy connectivity-ips alert,policy max-detect-ips alert,policy security-ips alert,ruleset community; service:ftp-data,http,imap,pop3; classtype:misc-activity; sid:26057; rev:13; )"
2526,26058,FILE-IDENTIFY ZIP file attachment detected,review,unsupported_payload_operator,usa operador de payload ainda nao suportado automaticamente pelo adaptador,"alert tcp $EXTERNAL_NET any -> $SMTP_SERVERS 25 ( msg:""FILE-IDENTIFY ZIP file attachment detected""; flow:to_server,established; file_data; content:""PK|03 04 14 00 06 00|"",depth 8; flowbits:set,file.zip; flowbits:noalert; metadata:policy balanced-ips alert,policy connectivity-ips alert,policy max-detect-ips alert,policy security-ips alert,ruleset community; service:smtp; classtype:misc-activity; sid:26058; rev:12; )"
2551,26380,MALWARE-OTHER UTF-8 BOM in zip file attachment detected,review,unsupported_payload_operator,usa operador de payload ainda nao suportado automaticamente pelo adaptador,"alert tcp $EXTERNAL_NET any -> $SMTP_SERVERS 25 ( msg:""MALWARE-OTHER UTF-8 BOM in zip file attachment detected""; flow:to_server,established; file_data; content:""|EF BB BF 50 4B 03 04|"",depth 7; metadata:policy max-detect-ips drop,policy security-ips drop,ruleset community; service:smtp; classtype:trojan-activity; sid:26380; rev:4; )"
2552,26381,MALWARE-OTHER UTF-8 BOM in zip file attachment detected,review,unsupported_payload_operator,usa operador de payload ainda nao suportado automaticamente pelo adaptador,"alert tcp $EXTERNAL_NET [110,143] -> $HOME_NET any ( msg:""MALWARE-OTHER UTF-8 BOM in zip file attachment detected""; flow:to_client,established; file_data; content:""|EF BB BF 50 4B 03 04|"",depth 7; metadata:policy max-detect-ips drop,policy security-ips drop,ruleset community; service:ftp-data,imap,pop3; classtype:trojan-activity; sid:26381; rev:5; )"
2553,26382,MALWARE-OTHER UTF-8 BOM in zip file attachment detected,review,unsupported_payload_operator,usa operador de payload ainda nao suportado automaticamente pelo adaptador,"alert tcp $EXTERNAL_NET $HTTP_PORTS -> $HOME_NET any ( msg:""MALWARE-OTHER UTF-8 BOM in zip file attachment detected""; flow:to_client,established; file_data; content:""|EF BB BF 50 4B 03 04|"",depth 7; metadata:policy max-detect-ips drop,policy security-ips drop,ruleset community; service:http; classtype:trojan-activity; sid:26382; rev:4; )"
2560,26467,MALWARE-CNC Win.Trojan.Magic variant inbound connection,review,unsupported_payload_operator,usa operador de payload ainda nao suportado automaticamente pelo adaptador,"alert tcp $EXTERNAL_NET $HTTP_PORTS -> $HOME_NET any ( msg:""MALWARE-CNC Win.Trojan.Magic variant inbound connection""; flow:to_client,established; file_data; content:""some_magic_code1"",depth 36; metadata:ruleset community; service:http; reference:url,www.seculert.com/blog/2013/04/magic-persistent-threat.html; classtype:trojan-activity; sid:26467; rev:3; )"
2639,26837,MALWARE-CNC BitBot Idle C2 response,review,unsupported_payload_operator,usa operador de payload ainda nao suportado automaticamente pelo adaptador,"alert tcp $EXTERNAL_NET $HTTP_PORTS -> $HOME_NET any ( msg:""MALWARE-CNC BitBot Idle C2 response""; flow:to_client,established; file_data; content:""<|5C 5C 5C|>IDLE<|5C 5C 5C|>"",depth 18; metadata:ruleset community; service:http; classtype:trojan-activity; sid:26837; rev:3; )"
2736,28012,MALWARE-CNC Win.Trojan.Bancos variant outbound connection,review,normalized_buffer_rule,usa buffer normalizado/camada de aplicacao; offset pode nao corresponder ao pacote bruto,"alert tcp $HOME_NET any -> $EXTERNAL_NET $HTTP_PORTS ( msg:""MALWARE-CNC Win.Trojan.Bancos variant outbound connection""; flow:to_server,established; http_client_body; content:""from=%20Nome..:"",depth 15; metadata:impact_flag red,ruleset community; service:http; reference:url,www.virustotal.com/en/file/d8870137f7f761055a2ac83b03eb3f8fe26015fa0ba99f41551ca59374c6a3ec/analysis/1365436849/; classtype:trojan-activity; sid:28012; rev:2; )"
2802,28805,MALWARE-CNC Win.Trojan.Palevo outbound connection,review,size_dependent_rule,usa dsize/stream_size; a lavagem altera tamanho e pode exigir ajuste proprio,"alert udp $HOME_NET any -> $EXTERNAL_NET 2090 ( msg:""MALWARE-CNC Win.Trojan.Palevo outbound connection""; flow:to_server; dsize:21; content:""|00 00|"",depth 2,offset 19; metadata:impact_flag red,ruleset community; reference:url,palevotracker.abuse.ch/?ipaddress=209.222.14.3; reference:url,palevotracker.abuse.ch/?ipaddress=31.170.179.179; classtype:trojan-activity; sid:28805; rev:5; )"
2853,29454,PROTOCOL-ICMP Unusual L3retriever Ping detected,review,size_dependent_rule,usa dsize/stream_size; a lavagem altera tamanho e pode exigir ajuste proprio,"alert icmp $HOME_NET any -> $EXTERNAL_NET any ( msg:""PROTOCOL-ICMP Unusual L3retriever Ping detected""; icode:0; itype:8; dsize:>32; content:""ABCDEFGHIJKLMNOPQRSTUVWABCDEFGHI"",depth 32; metadata:policy max-detect-ips drop,ruleset community; reference:url,krebsonsecurity.com/2014/01/a-closer-look-at-the-target-malware-part-ii/; reference:url,krebsonsecurity.com/2014/01/a-first-look-at-the-target-intrusion-malware/; classtype:successful-recon-limited; sid:29454; rev:2; )"
2854,29455,PROTOCOL-ICMP Unusual Microsoft Windows Ping detected,review,size_dependent_rule,usa dsize/stream_size; a lavagem altera tamanho e pode exigir ajuste proprio,"alert icmp $HOME_NET any -> $EXTERNAL_NET any ( msg:""PROTOCOL-ICMP Unusual Microsoft Windows Ping detected""; icode:0; itype:8; dsize:>32; content:""0123456789abcdefghijklmnopqrstuv"",depth 32; metadata:policy max-detect-ips drop,ruleset community; reference:url,krebsonsecurity.com/2014/01/a-closer-look-at-the-target-malware-part-ii/; reference:url,krebsonsecurity.com/2014/01/a-first-look-at-the-target-intrusion-malware/; classtype:successful-recon-limited; sid:29455; rev:2; )"
2856,29457,PROTOCOL-ICMP Unusual Microsoft Windows 7 Ping detected,review,size_dependent_rule,usa dsize/stream_size; a lavagem altera tamanho e pode exigir ajuste proprio,"alert icmp $HOME_NET any -> $EXTERNAL_NET any ( msg:""PROTOCOL-ICMP Unusual Microsoft Windows 7 Ping detected""; icode:0; itype:8; dsize:>32; content:""abcdefghijklmnopqrstuvwabcdefghi"",depth 32; metadata:policy max-detect-ips drop,ruleset community; reference:url,krebsonsecurity.com/2014/01/a-closer-look-at-the-target-malware-part-ii/; reference:url,krebsonsecurity.com/2014/01/a-first-look-at-the-target-intrusion-malware/; classtype:successful-recon-limited; sid:29457; rev:2; )"
2921,30520,SERVER-OTHER OpenSSL SSLv3 heartbeat read overrun attempt - vulnerable client response,review,unsupported_payload_operator,usa operador de payload ainda nao suportado automaticamente pelo adaptador,"alert tcp $HOME_NET any -> $EXTERNAL_NET [21,25,443,465,636,992,993,995,2484] ( msg:""SERVER-OTHER OpenSSL SSLv3 heartbeat read overrun attempt - vulnerable client response""; flow:to_server,established,only_stream; content:""|18 03 00|"",depth 3; byte_test:2,>,128,3; detection_filter:track by_dst,count 2,seconds 5; metadata:policy balanced-ips drop,policy max-detect-ips drop,policy security-ips drop,ruleset community; service:ssl; reference:cve,2014-0160; classtype:attempted-recon; sid:30520; rev:9; )"
2922,30521,SERVER-OTHER OpenSSL TLSv1 heartbeat read overrun attempt - vulnerable client response,review,unsupported_payload_operator,usa operador de payload ainda nao suportado automaticamente pelo adaptador,"alert tcp $HOME_NET any -> $EXTERNAL_NET [21,25,443,465,636,992,993,995,2484] ( msg:""SERVER-OTHER OpenSSL TLSv1 heartbeat read overrun attempt - vulnerable client response""; flow:to_server,established,only_stream; content:""|18 03 01|"",depth 3; byte_test:2,>,128,3; detection_filter:track by_dst,count 2,seconds 5; metadata:policy balanced-ips drop,policy max-detect-ips drop,policy security-ips drop,ruleset community; service:ssl; reference:cve,2014-0160; classtype:attempted-recon; sid:30521; rev:9; )"
2923,30522,SERVER-OTHER OpenSSL TLSv1.1 heartbeat read overrun attempt - vulnerable client response,review,unsupported_payload_operator,usa operador de payload ainda nao suportado automaticamente pelo adaptador,"alert tcp $HOME_NET any -> $EXTERNAL_NET [21,25,443,465,636,992,993,995,2484] ( msg:""SERVER-OTHER OpenSSL TLSv1.1 heartbeat read overrun attempt - vulnerable client response""; flow:to_server,established,only_stream; content:""|18 03 02|"",depth 3; byte_test:2,>,128,3; detection_filter:track by_dst,count 2,seconds 5; metadata:policy balanced-ips drop,policy max-detect-ips drop,policy security-ips drop,ruleset community; service:ssl; reference:cve,2014-0160; classtype:attempted-recon; sid:30522; rev:9; )"
2924,30523,SERVER-OTHER OpenSSL TLSv1.2 heartbeat read overrun attempt - vulnerable client response,review,unsupported_payload_operator,usa operador de payload ainda nao suportado automaticamente pelo adaptador,"alert tcp $HOME_NET any -> $EXTERNAL_NET [21,25,443,465,636,992,993,995,2484] ( msg:""SERVER-OTHER OpenSSL TLSv1.2 heartbeat read overrun attempt - vulnerable client response""; flow:to_server,established,only_stream; content:""|18 03 03|"",depth 3; byte_test:2,>,128,3; detection_filter:track by_dst,count 2,seconds 5; metadata:policy balanced-ips drop,policy max-detect-ips drop,policy security-ips drop,ruleset community; service:ssl; reference:cve,2014-0160; classtype:attempted-recon; sid:30523; rev:9; )"
2926,30525,SERVER-OTHER OpenSSL TLSv1.2 heartbeat read overrun attempt,review,unsupported_payload_operator,usa operador de payload ainda nao suportado automaticamente pelo adaptador,"alert tcp $EXTERNAL_NET any -> $HOME_NET [21,25,443,465,636,992,993,995,2484] ( msg:""SERVER-OTHER OpenSSL TLSv1.2 heartbeat read overrun attempt""; flow:to_server,established; isdataat:68; isdataat:!69; content:""|18 03 03 00 40|"",depth 5; metadata:policy balanced-ips drop,policy max-detect-ips drop,policy security-ips drop,ruleset community; service:ssl; reference:cve,2014-0160; classtype:attempted-recon; sid:30525; rev:4; )"
2971,31136,MALWARE-CNC Win.Trojan.ZeroAccess inbound connection,review,size_dependent_rule,usa dsize/stream_size; a lavagem altera tamanho e pode exigir ajuste proprio,"alert udp $EXTERNAL_NET any -> $HOME_NET [16464,16465,16470,16471] ( msg:""MALWARE-CNC Win.Trojan.ZeroAccess inbound connection""; flow:to_server; dsize:16; content:""|28 94 8D AB|"",depth 4,offset 4; metadata:impact_flag red,ruleset community; reference:url,www.virustotal.com/file/50cdd9f6c5629630c8d8a3a4fe7d929d3c6463b2f9407d9a90703047e7db7ff9/analysis/; classtype:trojan-activity; sid:31136; rev:3; )"
3019,31871,FILE-IDENTIFY JPEG file magic detection,review,unsupported_payload_operator,usa operador de payload ainda nao suportado automaticamente pelo adaptador,"alert tcp $EXTERNAL_NET any -> $SMTP_SERVERS 25 ( msg:""FILE-IDENTIFY JPEG file magic detection""; flow:to_server,established; file_data; content:""|FF D8 FF|"",depth 3; flowbits:set,file.jpeg; flowbits:noalert; metadata:policy balanced-ips alert,policy max-detect-ips alert,policy security-ips alert,ruleset community; service:smtp; classtype:misc-activity; sid:31871; rev:11; )"
3056,32180,MALWARE-CNC Win.Backdoor.ZxShell connection incoming attempt,review,unsupported_payload_operator,usa operador de payload ainda nao suportado automaticamente pelo adaptador,"alert tcp $EXTERNAL_NET any -> $HOME_NET any ( msg:""MALWARE-CNC Win.Backdoor.ZxShell connection incoming attempt""; flow:to_client,established; isdataat:15; isdataat:!16; content:""|85 19 00 00 25 04 00 00|"",depth 8; metadata:impact_flag red,ruleset community; reference:url,virustotal.com/en/file/438ed90e1f69b5dcae2d30d241159aaed74f9d3125c60f1003915b2237978f7d/analysis/; classtype:trojan-activity; sid:32180; rev:4; )"
3057,32181,MALWARE-CNC Win.Backdoor.ZxShell connection outgoing attempt,review,unsupported_payload_operator,usa operador de payload ainda nao suportado automaticamente pelo adaptador,"alert tcp $HOME_NET any -> $EXTERNAL_NET any ( msg:""MALWARE-CNC Win.Backdoor.ZxShell connection outgoing attempt""; flow:to_server,established; isdataat:15; isdataat:!16; content:""|86 19 00 00 04 01 00 00|"",depth 8; metadata:impact_flag red,ruleset community; reference:url,virustotal.com/en/file/438ed90e1f69b5dcae2d30d241159aaed74f9d3125c60f1003915b2237978f7d/analysis/; classtype:trojan-activity; sid:32181; rev:4; )"
3110,32919,MALWARE-OTHER Win.Trojan.Wiper download attempt,review,unsupported_payload_operator,usa operador de payload ainda nao suportado automaticamente pelo adaptador,"alert tcp $EXTERNAL_NET $FILE_DATA_PORTS -> $HOME_NET any ( msg:""MALWARE-OTHER Win.Trojan.Wiper download attempt""; flow:to_client,established; file_data; content:""|C9 06 D9 96 FC 37 23 5A FE F9 40 BA 4C 94 14 98|"",depth 16; metadata:impact_flag red,policy max-detect-ips drop,ruleset community; service:ftp-data,http,imap,pop3; reference:url,us-cert.gov/ncas/alerts/TA14-353A; classtype:trojan-activity; sid:32919; rev:2; )"
3111,32920,MALWARE-OTHER Win.Trojan.Wiper download attempt,review,unsupported_payload_operator,usa operador de payload ainda nao suportado automaticamente pelo adaptador,"alert tcp $EXTERNAL_NET $FILE_DATA_PORTS -> $HOME_NET any ( msg:""MALWARE-OTHER Win.Trojan.Wiper download attempt""; flow:to_client,established; file_data; content:""|AA 64 BA F2 56|"",depth 50; metadata:impact_flag red,policy max-detect-ips drop,ruleset community; service:ftp-data,http,imap,pop3; reference:url,us-cert.gov/ncas/alerts/TA14-353A; classtype:trojan-activity; sid:32920; rev:2; )"
3112,32921,MALWARE-OTHER Win.Trojan.Wiper download attempt,review,unsupported_payload_operator,usa operador de payload ainda nao suportado automaticamente pelo adaptador,"alert tcp $EXTERNAL_NET $FILE_DATA_PORTS -> $HOME_NET any ( msg:""MALWARE-OTHER Win.Trojan.Wiper download attempt""; flow:to_client,established; file_data; content:""|AA 74 BA F2 B9 75|"",depth 74; metadata:impact_flag red,policy max-detect-ips drop,ruleset community; service:ftp-data,http,imap,pop3; reference:url,us-cert.gov/ncas/alerts/TA14-353A; classtype:trojan-activity; sid:32921; rev:2; )"
3113,32922,MALWARE-OTHER Win.Trojan.Wiper listener download attempt,review,unsupported_payload_operator,usa operador de payload ainda nao suportado automaticamente pelo adaptador,"alert tcp $EXTERNAL_NET $FILE_DATA_PORTS -> $HOME_NET any ( msg:""MALWARE-OTHER Win.Trojan.Wiper listener download attempt""; flow:to_client,established; file_data; content:""|0C 1F 1F 1F 4D 5A 4C 4F 50 51 4C 5A 3F 2D 2F 2F 3F 50 54 3E 3E 3E|"",depth 22; metadata:impact_flag red,policy max-detect-ips drop,ruleset community; service:ftp-data,http,imap,pop3; reference:url,us-cert.gov/ncas/alerts/TA14-353A; classtype:trojan-activity; sid:32922; rev:2; )"
3114,32923,MALWARE-OTHER Win.Trojan.Wiper listener download attempt,review,unsupported_payload_operator,usa operador de payload ainda nao suportado automaticamente pelo adaptador,"alert tcp $EXTERNAL_NET $FILE_DATA_PORTS -> $HOME_NET any ( msg:""MALWARE-OTHER Win.Trojan.Wiper listener download attempt""; flow:to_client,established; file_data; content:""|D3 C4 D2 D1 CE CF D2 C4 A1 B3 B1 B1 A1 CE CA A0 A0 A0|"",depth 18; metadata:impact_flag red,policy max-detect-ips drop,ruleset community; service:ftp-data,http,imap,pop3; reference:url,us-cert.gov/ncas/alerts/TA14-353A; classtype:trojan-activity; sid:32923; rev:2; )"
3115,32924,MALWARE-OTHER Win.Trojan.Wiper listener download attempt,review,unsupported_payload_operator,usa operador de payload ainda nao suportado automaticamente pelo adaptador,"alert tcp $EXTERNAL_NET $FILE_DATA_PORTS -> $HOME_NET any ( msg:""MALWARE-OTHER Win.Trojan.Wiper listener download attempt""; flow:to_client,established; file_data; content:""|17 08 14 13 67 0F 13 13 17 67 15 02 16 12 02 14 13 78 47 47|"",depth 24; metadata:impact_flag red,policy max-detect-ips drop,ruleset community; service:ftp-data,http,imap,pop3; reference:url,us-cert.gov/ncas/alerts/TA14-353A; classtype:trojan-activity; sid:32924; rev:2; )"
3116,32925,MALWARE-OTHER Win.Trojan.Wiper listener download attempt,review,unsupported_payload_operator,usa operador de payload ainda nao suportado automaticamente pelo adaptador,"alert tcp $EXTERNAL_NET $FILE_DATA_PORTS -> $HOME_NET any ( msg:""MALWARE-OTHER Win.Trojan.Wiper listener download attempt""; flow:to_client,established; file_data; content:""|4F 50 4C 4B 3F 57 4B 4B 4F 3F 4D 5A 4E 4A 5A 4C 4B 20 1F|"",depth 23; metadata:impact_flag red,policy max-detect-ips drop,ruleset community; service:ftp-data,http,imap,pop3; reference:url,us-cert.gov/ncas/alerts/TA14-353A; classtype:trojan-activity; sid:32925; rev:2; )"
3117,32926,MALWARE-OTHER Win.Trojan.Wiper listener download attempt,review,unsupported_payload_operator,usa operador de payload ainda nao suportado automaticamente pelo adaptador,"alert tcp $EXTERNAL_NET $FILE_DATA_PORTS -> $HOME_NET any ( msg:""MALWARE-OTHER Win.Trojan.Wiper listener download attempt""; flow:to_client,established; file_data; content:""|15 02 14 17 08 09 14 02 67 75 77 77 67 08 0C 66 66 66|"",depth 22; metadata:impact_flag red,policy max-detect-ips drop,ruleset community; service:ftp-data,http,imap,pop3; reference:url,us-cert.gov/ncas/alerts/TA14-353A; classtype:trojan-activity; sid:32926; rev:2; )"
3122,32931,MALWARE-OTHER Win.Trojan.Wiper listener download attempt,review,unsupported_payload_operator,usa operador de payload ainda nao suportado automaticamente pelo adaptador,"alert tcp $EXTERNAL_NET $FILE_DATA_PORTS -> $HOME_NET any ( msg:""MALWARE-OTHER Win.Trojan.Wiper listener download attempt""; flow:to_client,established; file_data; content:""|D1 CE D2 D5 A1 C9 D5 D5 D1 A1 D3 C4 D0 D4 C4 D2 D5 BE|"",depth 18; metadata:impact_flag red,policy max-detect-ips drop,ruleset community; service:ftp-data,http,imap,pop3; reference:url,us-cert.gov/ncas/alerts/TA14-353A; classtype:trojan-activity; sid:32931; rev:2; )"
3123,32932,MALWARE-OTHER Win.Trojan.Wiper listener download attempt,review,unsupported_payload_operator,usa operador de payload ainda nao suportado automaticamente pelo adaptador,"alert tcp $EXTERNAL_NET $FILE_DATA_PORTS -> $HOME_NET any ( msg:""MALWARE-OTHER Win.Trojan.Wiper listener download attempt""; flow:to_client,established; file_data; content:""|17 08 14 13 67 0F 13 13 17 67 15 02 16 12 02 14 13 78|"",depth 18; metadata:impact_flag red,policy max-detect-ips drop,ruleset community; service:ftp-data,http,imap,pop3; reference:url,us-cert.gov/ncas/alerts/TA14-353A; classtype:trojan-activity; sid:32932; rev:2; )"
3172,33740,FILE-IMAGE Microsoft emf file download request,review,unsupported_payload_operator,usa operador de payload ainda nao suportado automaticamente pelo adaptador,"alert tcp $EXTERNAL_NET any -> $SMTP_SERVERS 25 ( msg:""FILE-IMAGE Microsoft emf file download request""; flow:to_server,established; flowbits:isset,file.emf; file_data; content:"" EMF"",depth 4,offset 40; metadata:policy max-detect-ips drop,ruleset community; service:smtp; reference:bugtraq,10120; reference:bugtraq,28819; reference:bugtraq,9707; reference:cve,2003-0906; reference:cve,2007-5746; reference:url,technet.microsoft.com/en-us/security/bulletin/MS04-011; reference:url,technet.microsoft.com/en-us/security/bulletin/MS04-032; reference:url,technet.microsoft.com/en-us/security/bulletin/MS05-053; reference:url,technet.microsoft.com/en-us/security/bulletin/MS06-001; classtype:misc-activity; sid:33740; rev:2; )"
3224,34500,MALWARE-BACKDOOR Win.Backdoor.Wekby Torn variant outbound connection,review,unsupported_payload_operator,usa operador de payload ainda nao suportado automaticamente pelo adaptador,"alert tcp $HOME_NET any -> $EXTERNAL_NET any ( msg:""MALWARE-BACKDOOR Win.Backdoor.Wekby Torn variant outbound connection""; flow:to_server,established; isdataat:15; isdataat:!16; content:""|00 00 00 11 C8 00 00 00 00 00 00 00 00 00 00 00|"",depth 16,fast_pattern,fast_pattern_offset 0,fast_pattern_length 12; metadata:impact_flag red,policy balanced-ips drop,policy max-detect-ips drop,policy security-ips drop,ruleset community; reference:url,www.virustotal.com/en/file/1D6BCF409C85887861D587C8AABFC8C8393EA692FE93C0A6836BE507A7F75985/analysis/; classtype:trojan-activity; sid:34500; rev:4; )"
3225,34501,MALWARE-CNC Win.Backdoor.Wekby Torn variant outbound connection,review,unsupported_payload_operator,usa operador de payload ainda nao suportado automaticamente pelo adaptador,"alert tcp $HOME_NET any -> $EXTERNAL_NET any ( msg:""MALWARE-CNC Win.Backdoor.Wekby Torn variant outbound connection""; flow:to_server,established; isdataat:15; isdataat:!16; content:""|00 00 00 11 D0 00 00 00|"",depth 8; metadata:impact_flag red,ruleset community; reference:url,www.virustotal.com/en/file/1D6BCF409C85887861D587C8AABFC8C8393EA692FE93C0A6836BE507A7F75985/analysis/; classtype:trojan-activity; sid:34501; rev:3; )"
3257,35852,FILE-IDENTIFY JPEG file upload detected,review,unsupported_payload_operator,usa operador de payload ainda nao suportado automaticamente pelo adaptador,"alert tcp $EXTERNAL_NET any -> $HOME_NET $HTTP_PORTS ( msg:""FILE-IDENTIFY JPEG file upload detected""; flow:to_server,established; file_data; content:""|FF D8 FF E1|"",depth 4; flowbits:set,file.jpeg; flowbits:noalert; metadata:policy balanced-ips alert,policy max-detect-ips alert,policy security-ips alert,ruleset community; service:http; classtype:misc-activity; sid:35852; rev:9; )"
3292,38353,MALWARE-CNC Win.Trojan.NetWiredRC variant connection setup,review,unsupported_payload_operator,usa operador de payload ainda nao suportado automaticamente pelo adaptador,"alert tcp $HOME_NET any -> $EXTERNAL_NET any ( msg:""MALWARE-CNC Win.Trojan.NetWiredRC variant connection setup""; flow:to_server,established; content:""|43 00 00 00 05|"",depth 5; isdataat:!79; metadata:impact_flag red,ruleset community; reference:url,www.circl.lu/pub/tr-23/; classtype:trojan-activity; sid:38353; rev:3; )"
3293,38354,MALWARE-CNC Win.Trojan.NetWiredRC variant failed read logs,review,unsupported_payload_operator,usa operador de payload ainda nao suportado automaticamente pelo adaptador,"alert tcp $HOME_NET any -> $EXTERNAL_NET any ( msg:""MALWARE-CNC Win.Trojan.NetWiredRC variant failed read logs""; flow:to_server,established; content:""|01 00 00 00 3C|"",depth 5; isdataat:4; isdataat:!5; metadata:impact_flag red,ruleset community; reference:url,www.circl.lu/pub/tr-23/; classtype:trojan-activity; sid:38354; rev:3; )"
3294,38355,MALWARE-CNC Win.Trojan.NetWiredRC variant keepalive,review,unsupported_payload_operator,usa operador de payload ainda nao suportado automaticamente pelo adaptador,"alert tcp $HOME_NET any -> $EXTERNAL_NET any ( msg:""MALWARE-CNC Win.Trojan.NetWiredRC variant keepalive""; flow:to_server,established; content:""|01 00 00 00 01|"",depth 5; isdataat:4; isdataat:!5; metadata:impact_flag red,ruleset community; reference:url,www.circl.lu/pub/tr-23/; classtype:trojan-activity; sid:38355; rev:3; )"
3295,38357,MALWARE-CNC Win.Trojan.NetWiredRC variant send credentials,review,unsupported_payload_operator,usa operador de payload ainda nao suportado automaticamente pelo adaptador,"alert tcp $HOME_NET any -> $EXTERNAL_NET any ( msg:""MALWARE-CNC Win.Trojan.NetWiredRC variant send credentials""; flow:to_server,established; content:""|01 00 00 00 3D|"",depth 5; isdataat:4; isdataat:!5; metadata:impact_flag red,ruleset community; reference:url,www.circl.lu/pub/tr-23/; classtype:trojan-activity; sid:38357; rev:3; )"
3296,38359,MALWARE-CNC Win.Trojan.NetWiredRC variant send mail credentials,review,unsupported_payload_operator,usa operador de payload ainda nao suportado automaticamente pelo adaptador,"alert tcp $HOME_NET any -> $EXTERNAL_NET any ( msg:""MALWARE-CNC Win.Trojan.NetWiredRC variant send mail credentials""; flow:to_server,established; content:""|01 00 00 00 41|"",depth 5; isdataat:!9; metadata:impact_flag red,ruleset community; reference:url,www.circl.lu/pub/tr-23/; classtype:trojan-activity; sid:38359; rev:3; )"
3320,38580,FILE-OFFICE RFT document malformed header,review,unsupported_payload_operator,usa operador de payload ainda nao suportado automaticamente pelo adaptador,"alert tcp $EXTERNAL_NET $FILE_DATA_PORTS -> $HOME_NET any ( msg:""FILE-OFFICE RFT document malformed header""; flow:to_client,established; flowbits:isset,file.rtf; file_data; content:""|7B 5C|rtvpn"",depth 7; metadata:policy balanced-ips drop,policy max-detect-ips drop,policy security-ips drop,ruleset community; service:ftp-data,http,imap,pop3; reference:cve,2015-1641; reference:url,technet.microsoft.com/en-us/security/bulletin/ms15-033; classtype:attempted-user; sid:38580; rev:2; )"
3321,38581,FILE-OFFICE RFT document malformed header,review,unsupported_payload_operator,usa operador de payload ainda nao suportado automaticamente pelo adaptador,"alert tcp $EXTERNAL_NET any -> $SMTP_SERVERS 25 ( msg:""FILE-OFFICE RFT document malformed header""; flow:to_server,established; flowbits:isset,file.rtf; file_data; content:""|7B 5C|rtvpn"",depth 7; metadata:policy balanced-ips drop,policy max-detect-ips drop,policy security-ips drop,ruleset community; service:smtp; reference:cve,2015-1641; reference:url,technet.microsoft.com/en-us/security/bulletin/ms15-033; classtype:attempted-user; sid:38581; rev:2; )"
3336,38886,MALWARE-CNC Win.Trojan.Bayrob variant outbound connection,review,unsupported_payload_operator,usa operador de payload ainda nao suportado automaticamente pelo adaptador,"alert tcp $HOME_NET any -> $EXTERNAL_NET any ( msg:""MALWARE-CNC Win.Trojan.Bayrob variant outbound connection""; flow:to_server,established; isdataat:7; isdataat:!8; content:""|4C 48 42 80 71 C2 A5 DF|"",depth 8; metadata:impact_flag red,ruleset community; reference:url,www.virustotal.com/en/file/6b6b91cd104f4a6d32b5187131d9053911607672076e6ed26ed51369e5329cad/analysis/1462889491/; classtype:trojan-activity; sid:38886; rev:4; )"
3347,39080,MALWARE-CNC Win.Trojan.NetWiredRC variant connection setup,review,unsupported_payload_operator,usa operador de payload ainda nao suportado automaticamente pelo adaptador,"alert tcp $HOME_NET any -> $EXTERNAL_NET any ( msg:""MALWARE-CNC Win.Trojan.NetWiredRC variant connection setup""; flow:to_server,established; content:""|3B 00 00 00 05|"",depth 5; isdataat:!64; metadata:impact_flag red,ruleset community; reference:url,www.virustotal.com/en/file/5db3b9ce06e334cb61279dd936a40be75df6732228bb692a7a84b1299eb09071/analysis/1464362377/; classtype:trojan-activity; sid:39080; rev:2; )"
3357,39526,FILE-OFFICE RTF document incorrect file magic attempt,review,unsupported_payload_operator,usa operador de payload ainda nao suportado automaticamente pelo adaptador,"alert tcp $EXTERNAL_NET $FILE_DATA_PORTS -> $HOME_NET any ( msg:""FILE-OFFICE RTF document incorrect file magic attempt""; flow:to_client,established; flowbits:isset,file.rtf; file_data; content:""|7B 5C|rt|0D 3C|"",depth 6; metadata:policy balanced-ips drop,policy max-detect-ips drop,policy security-ips drop,ruleset community; service:ftp-data,http,imap,pop3; reference:cve,2015-1641; reference:url,technet.microsoft.com/en-us/security/bulletin/ms15-033; classtype:attempted-user; sid:39526; rev:2; )"
3358,39527,FILE-OFFICE RTF document incorrect file magic attempt,review,unsupported_payload_operator,usa operador de payload ainda nao suportado automaticamente pelo adaptador,"alert tcp $EXTERNAL_NET any -> $SMTP_SERVERS 25 ( msg:""FILE-OFFICE RTF document incorrect file magic attempt""; flow:to_server,established; flowbits:isset,file.rtf; file_data; content:""|7B 5C|rt|0D 3C|"",depth 6; metadata:policy balanced-ips drop,policy max-detect-ips drop,policy security-ips drop,ruleset community; service:smtp; reference:cve,2015-1641; reference:url,technet.microsoft.com/en-us/security/bulletin/ms15-033; classtype:attempted-user; sid:39527; rev:2; )"
3361,39573,MALWARE-CNC Win.Backdoor.NanoBot variant outbound connection,review,unsupported_payload_operator,usa operador de payload ainda nao suportado automaticamente pelo adaptador,"alert tcp $HOME_NET any -> $EXTERNAL_NET any ( msg:""MALWARE-CNC Win.Backdoor.NanoBot variant outbound connection""; flow:to_server,established; isdataat:11; isdataat:!12; content:""|08 00 00 00 27 C7 CC 6B C2 FD 13 0E|"",depth 12; metadata:impact_flag red,ruleset community; reference:url,www.virustotal.com/en/file/d74fcf6b8f2f1c3a1ed742feb3f323f7826e9fc79a3d642082cee46770a4697a/analysis/1461003042/; classtype:trojan-activity; sid:39573; rev:4; )"
3362,39574,MALWARE-CNC Win.Backdoor.NanoBot variant outbound connection,review,unsupported_payload_operator,usa operador de payload ainda nao suportado automaticamente pelo adaptador,"alert tcp $HOME_NET any -> $EXTERNAL_NET any ( msg:""MALWARE-CNC Win.Backdoor.NanoBot variant outbound connection""; flow:to_server,established; isdataat:11; isdataat:!12; content:""|08 00 00 00 D7 75 FF F7 C7 62 B9 82|"",depth 12; metadata:impact_flag red,ruleset community; reference:url,www.virustotal.com/en/file/d74fcf6b8f2f1c3a1ed742feb3f323f7826e9fc79a3d642082cee46770a4697a/analysis/1461003042/; classtype:trojan-activity; sid:39574; rev:4; )"
3364,39576,MALWARE-CNC Win.Backdoor.NanoBot variant outbound connection,review,unsupported_payload_operator,usa operador de payload ainda nao suportado automaticamente pelo adaptador,"alert tcp $HOME_NET any -> $EXTERNAL_NET [9000:] ( msg:""MALWARE-CNC Win.Backdoor.NanoBot variant outbound connection""; flow:to_server,established; isdataat:35; isdataat:!36; content:""|20 00 00 00 AD|"",depth 5; metadata:impact_flag red,ruleset community; reference:url,www.virustotal.com/en/file/d74fcf6b8f2f1c3a1ed742feb3f323f7826e9fc79a3d642082cee46770a4697a/analysis/1461003042/; classtype:trojan-activity; sid:39576; rev:5; )"
3365,39577,MALWARE-CNC Win.Backdoor.NanoBot variant outbound connection,review,unsupported_payload_operator,usa operador de payload ainda nao suportado automaticamente pelo adaptador,"alert tcp $HOME_NET any -> $EXTERNAL_NET any ( msg:""MALWARE-CNC Win.Backdoor.NanoBot variant outbound connection""; flow:to_server,established; isdataat:11; isdataat:!12; content:""|08 00 00 00 86 CC 02 89 8F F7 A6 67|"",depth 12; metadata:impact_flag red,ruleset community; reference:url,www.virustotal.com/en/file/0a19499dec07ca2ade3aefdf910e13231d63d7a2e238776272b4fffd0ff3a527/analysis/1467727738/; classtype:trojan-activity; sid:39577; rev:4; )"
3366,39578,MALWARE-CNC Win.Backdoor.NanoBot variant inbound connection,review,unsupported_payload_operator,usa operador de payload ainda nao suportado automaticamente pelo adaptador,"alert tcp $EXTERNAL_NET any -> $HOME_NET any ( msg:""MALWARE-CNC Win.Backdoor.NanoBot variant inbound connection""; flow:to_client,established; isdataat:35; isdataat:!36; content:""|20 00 00 00 FE A5 0D 55 BB 10 A4 09 7A D9 86 FF 6C 81 E6 97 7C 91 BC DA EE 89 08 2A|"",depth 28; metadata:impact_flag red,ruleset community; reference:url,www.virustotal.com/en/file/0a19499dec07ca2ade3aefdf910e13231d63d7a2e238776272b4fffd0ff3a527/analysis/1467727738/; classtype:trojan-activity; sid:39578; rev:4; )"
3367,39579,MALWARE-CNC Win.Backdoor.NanoBot variant outbound connection,review,unsupported_payload_operator,usa operador de payload ainda nao suportado automaticamente pelo adaptador,"alert tcp $HOME_NET any -> $EXTERNAL_NET any ( msg:""MALWARE-CNC Win.Backdoor.NanoBot variant outbound connection""; flow:to_server,established; isdataat:59; isdataat:!60; content:""|38 00 00 00 FE A5 0D 55 BB 10 A4 09 7A D9 86 FF 6C 81 E6 97 7C 91 BC DA EE 89 08 2A|"",depth 28; metadata:impact_flag red,ruleset community; reference:url,www.virustotal.com/en/file/0a19499dec07ca2ade3aefdf910e13231d63d7a2e238776272b4fffd0ff3a527/analysis/1467727738/; classtype:trojan-activity; sid:39579; rev:4; )"
3368,39580,MALWARE-CNC Win.Backdoor.NanoBot variant outbound connection,review,unsupported_payload_operator,usa operador de payload ainda nao suportado automaticamente pelo adaptador,"alert tcp $HOME_NET any -> $EXTERNAL_NET any ( msg:""MALWARE-CNC Win.Backdoor.NanoBot variant outbound connection""; flow:to_server,established; isdataat:67; isdataat:!68; content:""|40 00 00 00 FE A5 0D 55 BB 10 A4 09 7A D9 86 FF 6C 81 E6 97 7C 91 BC DA EE 89 08 2A|"",depth 28; metadata:impact_flag red,ruleset community; reference:url,www.virustotal.com/en/file/0a19499dec07ca2ade3aefdf910e13231d63d7a2e238776272b4fffd0ff3a527/analysis/1467727738/; classtype:trojan-activity; sid:39580; rev:4; )"
3369,39581,MALWARE-CNC Win.Trojan.NanoBot/Perseus initial outbound connection,review,unsupported_payload_operator,usa operador de payload ainda nao suportado automaticamente pelo adaptador,"alert tcp $HOME_NET any -> $EXTERNAL_NET any ( msg:""MALWARE-CNC Win.Trojan.NanoBot/Perseus initial outbound connection""; flow:to_server,established; isdataat:59; isdataat:!60; content:""|38 00 00 00 F5 13 89 53|"",depth 8; metadata:impact_flag red,ruleset community; reference:url,www.virustotal.com/en/file/4b16d1e205f198222bd2b2bb8dbd55886a9e2b79de484eec0d8cce5db376d3c8/analysis/; classtype:trojan-activity; sid:39581; rev:4; )"
3370,39582,MALWARE-CNC Win.Trojan.NanoBot/Perseus server heartbeat request attempt,review,unsupported_payload_operator,usa operador de payload ainda nao suportado automaticamente pelo adaptador,"alert tcp $EXTERNAL_NET any -> $HOME_NET any ( msg:""MALWARE-CNC Win.Trojan.NanoBot/Perseus server heartbeat request attempt""; flow:to_client,established; isdataat:35; isdataat:!36; content:""|20 00 00 00 2B FF 4B F4|"",depth 8; metadata:impact_flag red,ruleset community; reference:url,www.virustotal.com/en/file/4b16d1e205f198222bd2b2bb8dbd55886a9e2b79de484eec0d8cce5db376d3c8/analysis/; classtype:trojan-activity; sid:39582; rev:3; )"
3371,39583,MALWARE-CNC Win.Trojan.NanoBot/Perseus client heartbeat response attempt,review,unsupported_payload_operator,usa operador de payload ainda nao suportado automaticamente pelo adaptador,"alert tcp $HOME_NET any -> $EXTERNAL_NET any ( msg:""MALWARE-CNC Win.Trojan.NanoBot/Perseus client heartbeat response attempt""; flow:to_server,established; isdataat:51; isdataat:!52; content:""|30 00 00 00 2B FF 4B F4|"",depth 8; metadata:impact_flag red,ruleset community; reference:url,www.virustotal.com/en/file/4b16d1e205f198222bd2b2bb8dbd55886a9e2b79de484eec0d8cce5db376d3c8/analysis/; classtype:trojan-activity; sid:39583; rev:3; )"
3382,40035,FILE-IDENTIFY XLSB file magic detected,review,unsupported_payload_operator,usa operador de payload ainda nao suportado automaticamente pelo adaptador,"alert tcp $EXTERNAL_NET $FILE_DATA_PORTS -> $HOME_NET any ( msg:""FILE-IDENTIFY XLSB file magic detected""; flow:to_client,established; file_data; content:""PK|03 04|"",depth 4; flowbits:set,file.zip; flowbits:set,file.xlsb; flowbits:noalert; metadata:policy balanced-ips alert,policy connectivity-ips alert,policy max-detect-ips alert,policy security-ips alert,ruleset community; service:ftp-data,http,imap,pop3; classtype:misc-activity; sid:40035; rev:10; )"
3383,40036,FILE-IDENTIFY XLSB file magic detected,review,unsupported_payload_operator,usa operador de payload ainda nao suportado automaticamente pelo adaptador,"alert tcp $EXTERNAL_NET any -> $SMTP_SERVERS 25 ( msg:""FILE-IDENTIFY XLSB file magic detected""; flow:to_server,established; file_data; content:""PK|03 04|"",depth 4; flowbits:set,file.zip; flowbits:set,file.xlsb; flowbits:noalert; metadata:policy balanced-ips alert,policy connectivity-ips alert,policy max-detect-ips alert,policy security-ips alert,ruleset community; service:smtp; classtype:misc-activity; sid:40036; rev:10; )"
3386,40220,SERVER-OTHER Cisco IOS Group-Prime memory disclosure exfiltration attempt,review,size_dependent_rule,usa operador de payload ainda nao suportado automaticamente pelo adaptador; usa dsize/stream_size; a lavagem altera tamanho e pode exigir ajuste proprio,"alert udp $HOME_NET [500,848,4500,4848] -> $EXTERNAL_NET any ( msg:""SERVER-OTHER Cisco IOS Group-Prime memory disclosure exfiltration attempt""; flow:to_client; dsize:>2000; content:""|0B 10 05 00|"",depth 8,offset 16; byte_test:4,>,2000,4,relative; metadata:policy balanced-ips drop,policy max-detect-ips drop,policy security-ips drop,ruleset community; reference:cve,2016-6415; reference:url,attack.mitre.org/techniques/T1020; reference:url,tools.cisco.com/security/center/content/CiscoSecurityAdvisory/cisco-sa-20160916-ikev1; classtype:attempted-recon; sid:40220; rev:6; )"
3403,40832,MALWARE-CNC Win.Backdoor.Houdini variant keylogger inbound init command attempt,review,unsupported_payload_operator,usa operador de payload ainda nao suportado automaticamente pelo adaptador,"alert tcp $EXTERNAL_NET any -> $HOME_NET any ( msg:""MALWARE-CNC Win.Backdoor.Houdini variant keylogger inbound init command attempt""; flow:to_client,established; isdataat:22; isdataat:!23; content:""silence_keylogger|0D 0A|"",depth 19,offset 4; metadata:impact_flag red,ruleset community; reference:url,attack.mitre.org/techniques/T1056; classtype:trojan-activity; sid:40832; rev:5; )"
3405,40834,MALWARE-CNC Win.Backdoor.Houdini variant screenshot inbound silence command attempt,review,unsupported_payload_operator,usa operador de payload ainda nao suportado automaticamente pelo adaptador,"alert tcp $EXTERNAL_NET any -> $HOME_NET any ( msg:""MALWARE-CNC Win.Backdoor.Houdini variant screenshot inbound silence command attempt""; flow:to_client; isdataat:23; isdataat:!24; content:""silence_screenshot|0D 0A|"",depth 20,offset 4; metadata:impact_flag red,ruleset community; classtype:trojan-activity; sid:40834; rev:3; )"
3412,40866,PROTOCOL-OTHER TP-Link TDDP SET_CONFIG type buffer overflow attempt,review,size_dependent_rule,usa operador de payload ainda nao suportado automaticamente pelo adaptador; usa dsize/stream_size; a lavagem altera tamanho e pode exigir ajuste proprio,"alert udp $EXTERNAL_NET any -> $HOME_NET 1040 ( msg:""PROTOCOL-OTHER TP-Link TDDP SET_CONFIG type buffer overflow attempt""; flow:to_server; dsize:>336; content:""|01 01 00|"",depth 3; byte_test:4,>=,0x0264,4,big; metadata:policy max-detect-ips drop,policy security-ips drop,ruleset community; reference:url,www.coresecurity.com/advisories/tp-link-tddp-multiple-vulnerabilities; classtype:attempted-user; sid:40866; rev:3; )"
3417,40991,MALWARE-CNC Linux.DDoS.D93 outbound connection,review,unsupported_payload_operator,usa operador de payload ainda nao suportado automaticamente pelo adaptador,"alert tcp $HOME_NET any -> $EXTERNAL_NET 31337 ( msg:""MALWARE-CNC Linux.DDoS.D93 outbound connection""; flow:to_server; content:""|4E 0F 42 07 27|"",depth 5; isdataat:24; isdataat:!25; metadata:impact_flag red,ruleset community; service:http; reference:url,www.virustotal.com/en/file/2c017c94d9f40cba9a20e92c7c636e98de15c599bf004fa06508d701ab9e3068/analysis/; classtype:trojan-activity; sid:40991; rev:3; )"
3418,41095,SERVER-WEBAPP Netgear WNR2000 authentication bypass attempt,review,normalized_buffer_rule,usa buffer normalizado/camada de aplicacao; offset pode nao corresponder ao pacote bruto,"alert tcp $EXTERNAL_NET any -> $HOME_NET $HTTP_PORTS ( msg:""SERVER-WEBAPP Netgear WNR2000 authentication bypass attempt""; flow:to_server,established; http_uri; content:""/apply_noauth.cgi"",depth 17,nocase; metadata:policy max-detect-ips drop,policy security-ips drop,ruleset community; service:http; reference:cve,2016-10176; reference:url,seclists.org/fulldisclosure/2016/Dec/72; classtype:attempted-admin; sid:41095; rev:5; )"
3428,41374,MALWARE-CNC Win.Trojan.NetWiredRC variant registration message,review,unsupported_payload_operator,usa operador de payload ainda nao suportado automaticamente pelo adaptador,"alert tcp $HOME_NET any -> $EXTERNAL_NET any ( msg:""MALWARE-CNC Win.Trojan.NetWiredRC variant registration message""; flow:to_server,established; content:""|41 00 00 00 83|"",depth 5; isdataat:!79; metadata:impact_flag red,ruleset community; reference:url,virustotal.com/en/file/6f179a4dc1c0393b6f2dac5aaa9c20b120ced4e82ba257bb45e693472c56a88b/analysis/1484683135/; classtype:trojan-activity; sid:41374; rev:3; )"
3429,41375,MALWARE-CNC Win.Trojan.NetWiredRC variant check logs,review,unsupported_payload_operator,usa operador de payload ainda nao suportado automaticamente pelo adaptador,"alert tcp $HOME_NET any -> $EXTERNAL_NET any ( msg:""MALWARE-CNC Win.Trojan.NetWiredRC variant check logs""; flow:to_server,established; content:""|38 00 00 00 85|"",depth 5; isdataat:!79; metadata:impact_flag red,ruleset community; reference:url,virustotal.com/en/file/6f179a4dc1c0393b6f2dac5aaa9c20b120ced4e82ba257bb45e693472c56a88b/analysis/1484683135/; classtype:trojan-activity; sid:41375; rev:3; )"
3430,41376,MALWARE-CNC Win.Trojan.NetWiredRC variant keepalive,review,unsupported_payload_operator,usa operador de payload ainda nao suportado automaticamente pelo adaptador,"alert tcp $HOME_NET any -> $EXTERNAL_NET any ( msg:""MALWARE-CNC Win.Trojan.NetWiredRC variant keepalive""; flow:to_server,established; content:""|01 00 00 00 81|"",depth 5; isdataat:4; isdataat:!5; metadata:impact_flag red,ruleset community; reference:url,virustotal.com/en/file/6f179a4dc1c0393b6f2dac5aaa9c20b120ced4e82ba257bb45e693472c56a88b/analysis/1484683135/; classtype:trojan-activity; sid:41376; rev:3; )"
3459,41978,OS-WINDOWS Microsoft Windows SMB remote code execution attempt,review,unsupported_payload_operator,usa operador de payload ainda nao suportado automaticamente pelo adaptador,"alert tcp any any -> $HOME_NET 445 ( msg:""OS-WINDOWS Microsoft Windows SMB remote code execution attempt""; flow:to_server,established; content:""|FF|SMB3|00 00 00 00|"",depth 9,offset 4; byte_extract:2,26,TotalDataCount,relative,little; byte_test:2,>,TotalDataCount,20,relative,little; metadata:policy balanced-ips drop,policy connectivity-ips drop,policy max-detect-ips drop,policy security-ips drop,ruleset community; service:netbios-ssn; reference:cve,2017-0144; reference:cve,2017-0146; reference:url,blog.talosintelligence.com/2017/05/wannacry.html; reference:url,isc.sans.edu/forums/diary/ETERNALBLUE+Possible+Window+SMB+Buffer+Overflow+0Day/22304/; reference:url,technet.microsoft.com/en-us/security/bulletin/MS17-010; classtype:attempted-admin; sid:41978; rev:5; )"
3465,42225,MALWARE-CNC Win.Trojan.RedLeaves outbound connection,review,unsupported_payload_operator,usa operador de payload ainda nao suportado automaticamente pelo adaptador,"alert tcp $HOME_NET any -> $EXTERNAL_NET [995,80,53,443] ( msg:""MALWARE-CNC Win.Trojan.RedLeaves outbound connection""; flow:to_server,established; isdataat:11; isdataat:!12; content:""|7A 8D 9B DC|"",depth 4,offset 4; metadata:impact_flag red,ruleset community; reference:url,github.com/nccgroup/Cyber-Defence/blob/master/Technical%20Notes/Red%20Leaves/Red%20Leaves%20technical%20note%20v1.0.pdf; classtype:trojan-activity; sid:42225; rev:5; )"
3536,44763,MALWARE-CNC Win.Trojan.KopiLuwak variant outbound request detected,review,normalized_buffer_rule,usa buffer normalizado/camada de aplicacao; offset pode nao corresponder ao pacote bruto,"alert tcp $HOME_NET any -> $EXTERNAL_NET $HTTP_PORTS ( msg:""MALWARE-CNC Win.Trojan.KopiLuwak variant outbound request detected""; flow:to_server,established; http_client_body; content:""%D0%8BTl%DC"",depth 11; metadata:impact_flag red,ruleset community; service:http; reference:url,www.proofpoint.com/us/threat-insight/post/turla-apt-actor-refreshes-kopiluwak-javascript-backdoor-use-g20-themed-attack; classtype:trojan-activity; sid:44763; rev:2; )"
3585,46076,NETBIOS MikroTik RouterOS buffer overflow attempt,review,unsupported_payload_operator,usa operador de payload ainda nao suportado automaticamente pelo adaptador,"alert tcp $EXTERNAL_NET any -> $HOME_NET [139,445] ( msg:""NETBIOS MikroTik RouterOS buffer overflow attempt""; flow:to_server,established; content:""|81 00|"",depth 2; byte_test:2,>,75,0,relative; byte_extract:2,0,len,relative; isdataat:!len,relative; isdataat:len; metadata:policy max-detect-ips drop,policy security-ips drop,ruleset community; service:netbios-ssn; reference:bugtraq,103427; reference:cve,2018-7445; classtype:attempted-user; sid:46076; rev:2; )"
3593,46121,PROTOCOL-OTHER use of undocumented ScMM test interface in Cisco small business devices detected,review,unsupported_payload_operator,usa operador de payload ainda nao suportado automaticamente pelo adaptador,"alert tcp $EXTERNAL_NET 32764 -> $HOME_NET any ( msg:""PROTOCOL-OTHER use of undocumented ScMM test interface in Cisco small business devices detected""; flow:to_client,established; isdataat:6; content:""MMcS"",depth 4; metadata:policy max-detect-ips drop,ruleset community; reference:cve,2014-0659; classtype:misc-activity; sid:46121; rev:3; )"
3594,46122,PROTOCOL-OTHER use of undocumented ScMM test interface in Cisco small business devices detected,review,unsupported_payload_operator,usa operador de payload ainda nao suportado automaticamente pelo adaptador,"alert tcp $EXTERNAL_NET 32764 -> $HOME_NET any ( msg:""PROTOCOL-OTHER use of undocumented ScMM test interface in Cisco small business devices detected""; flow:to_client,established; isdataat:6; content:""ScMM"",depth 4; metadata:policy max-detect-ips drop,ruleset community; reference:cve,2014-0659; classtype:misc-activity; sid:46122; rev:3; )"
3595,46123,PROTOCOL-OTHER use of undocumented ScMM test interface in Cisco small business devices detected,review,unsupported_payload_operator,usa operador de payload ainda nao suportado automaticamente pelo adaptador,"alert tcp $EXTERNAL_NET any -> $HOME_NET 32764 ( msg:""PROTOCOL-OTHER use of undocumented ScMM test interface in Cisco small business devices detected""; flow:to_server,established; isdataat:6; content:""MMcS"",depth 4; metadata:policy max-detect-ips drop,ruleset community; reference:cve,2014-0659; classtype:misc-activity; sid:46123; rev:3; )"
3596,46124,PROTOCOL-OTHER use of undocumented ScMM test interface in Cisco small business devices detected,review,unsupported_payload_operator,usa operador de payload ainda nao suportado automaticamente pelo adaptador,"alert tcp $EXTERNAL_NET any -> $HOME_NET 32764 ( msg:""PROTOCOL-OTHER use of undocumented ScMM test interface in Cisco small business devices detected""; flow:to_server,established; isdataat:6; content:""ScMM"",depth 4; metadata:policy max-detect-ips drop,ruleset community; reference:cve,2014-0659; classtype:misc-activity; sid:46124; rev:3; )"
3773,48984,PROTOCOL-SCADA PCOM Identification ASCII request ,review,unsupported_payload_operator,usa operador de payload ainda nao suportado automaticamente pelo adaptador,"alert tcp $EXTERNAL_NET any -> $HOME_NET 20256 ( msg:""PROTOCOL-SCADA PCOM Identification ASCII request ""; flow:to_server,established; byte_test:1,=,101,2; content:""ID"",depth 2,offset 9; metadata:policy max-detect-ips drop,ruleset community; reference:url,unitronicsplc.com; classtype:attempted-recon; sid:48984; rev:2; )"
3774,48985,PROTOCOL-SCADA PCOM Init Device ASCII request ,review,unsupported_payload_operator,usa operador de payload ainda nao suportado automaticamente pelo adaptador,"alert tcp $EXTERNAL_NET any -> $HOME_NET 20256 ( msg:""PROTOCOL-SCADA PCOM Init Device ASCII request ""; flow:to_server,established; byte_test:1,=,101,2; content:""CCI"",depth 3,offset 9; metadata:policy max-detect-ips drop,ruleset community; reference:url,unitronicsplc.com; classtype:attempted-dos; sid:48985; rev:2; )"
3775,48986,PROTOCOL-SCADA PCOM Set UnitID ASCII request ,review,unsupported_payload_operator,usa operador de payload ainda nao suportado automaticamente pelo adaptador,"alert tcp $EXTERNAL_NET any -> $HOME_NET 20256 ( msg:""PROTOCOL-SCADA PCOM Set UnitID ASCII request ""; flow:to_server,established; byte_test:1,=,101,2; content:""US"",depth 2,offset 9; metadata:policy max-detect-ips drop,ruleset community; reference:url,unitronicsplc.com; classtype:attempted-recon; sid:48986; rev:2; )"
3776,48987,PROTOCOL-SCADA PCOM Get UnitID ASCII request ,review,unsupported_payload_operator,usa operador de payload ainda nao suportado automaticamente pelo adaptador,"alert tcp $EXTERNAL_NET any -> $HOME_NET 20256 ( msg:""PROTOCOL-SCADA PCOM Get UnitID ASCII request ""; flow:to_server,established; byte_test:1,=,101,2; content:""UG"",depth 2,offset 9; metadata:policy max-detect-ips drop,ruleset community; reference:url,unitronicsplc.com; classtype:attempted-recon; sid:48987; rev:2; )"
3777,48988,PROTOCOL-SCADA PCOM Read Inputs ASCII request ,review,unsupported_payload_operator,usa operador de payload ainda nao suportado automaticamente pelo adaptador,"alert tcp $EXTERNAL_NET any -> $HOME_NET 20256 ( msg:""PROTOCOL-SCADA PCOM Read Inputs ASCII request ""; flow:to_server,established; byte_test:1,=,101,2; content:""RE"",depth 2,offset 9; metadata:policy max-detect-ips drop,ruleset community; reference:url,unitronicsplc.com; classtype:attempted-recon; sid:48988; rev:2; )"
3778,48989,PROTOCOL-SCADA PCOM Set RTC ASCII request ,review,unsupported_payload_operator,usa operador de payload ainda nao suportado automaticamente pelo adaptador,"alert tcp $EXTERNAL_NET any -> $HOME_NET 20256 ( msg:""PROTOCOL-SCADA PCOM Set RTC ASCII request ""; flow:to_server,established; byte_test:1,=,101,2; content:""SC"",depth 2,offset 9; metadata:policy max-detect-ips drop,ruleset community; reference:url,unitronicsplc.com; classtype:attempted-recon; sid:48989; rev:2; )"
3779,48990,PROTOCOL-SCADA PCOM Read Ouputs ASCII request ,review,unsupported_payload_operator,usa operador de payload ainda nao suportado automaticamente pelo adaptador,"alert tcp $EXTERNAL_NET any -> $HOME_NET 20256 ( msg:""PROTOCOL-SCADA PCOM Read Ouputs ASCII request ""; flow:to_server,established; byte_test:1,=,101,2; content:""RA"",depth 2,offset 9; metadata:policy max-detect-ips drop,ruleset community; reference:url,unitronicsplc.com; classtype:attempted-recon; sid:48990; rev:2; )"
3780,48991,PROTOCOL-SCADA PCOM Read System Bits ASCII request ,review,unsupported_payload_operator,usa operador de payload ainda nao suportado automaticamente pelo adaptador,"alert tcp $EXTERNAL_NET any -> $HOME_NET 20256 ( msg:""PROTOCOL-SCADA PCOM Read System Bits ASCII request ""; flow:to_server,established; byte_test:1,=,101,2; content:""GS"",depth 2,offset 9; metadata:policy max-detect-ips drop,ruleset community; reference:url,unitronicsplc.com; classtype:attempted-recon; sid:48991; rev:2; )"
3781,48992,PROTOCOL-SCADA PCOM Read Memory Integers ASCII request ,review,unsupported_payload_operator,usa operador de payload ainda nao suportado automaticamente pelo adaptador,"alert tcp $EXTERNAL_NET any -> $HOME_NET 20256 ( msg:""PROTOCOL-SCADA PCOM Read Memory Integers ASCII request ""; flow:to_server,established; byte_test:1,=,101,2; content:""RW"",depth 2,offset 9; metadata:policy max-detect-ips drop,ruleset community; reference:url,unitronicsplc.com; classtype:attempted-recon; sid:48992; rev:2; )"
3782,48993,PROTOCOL-SCADA PCOM Read Memory Longs ASCII request ,review,unsupported_payload_operator,usa operador de payload ainda nao suportado automaticamente pelo adaptador,"alert tcp $EXTERNAL_NET any -> $HOME_NET 20256 ( msg:""PROTOCOL-SCADA PCOM Read Memory Longs ASCII request ""; flow:to_server,established; byte_test:1,=,101,2; content:""RNL"",depth 3,offset 9; metadata:policy max-detect-ips drop,ruleset community; reference:url,unitronicsplc.com; classtype:attempted-recon; sid:48993; rev:2; )"
3783,48994,PROTOCOL-SCADA PCOM Write System Integers ASCII request ,review,unsupported_payload_operator,usa operador de payload ainda nao suportado automaticamente pelo adaptador,"alert tcp $EXTERNAL_NET any -> $HOME_NET 20256 ( msg:""PROTOCOL-SCADA PCOM Write System Integers ASCII request ""; flow:to_server,established; byte_test:1,=,101,2; content:""SF"",depth 2,offset 9; metadata:policy max-detect-ips drop,ruleset community; reference:url,unitronicsplc.com; classtype:attempted-recon; sid:48994; rev:2; )"
3784,48995,PROTOCOL-SCADA PCOM Write System Bits ASCII request ,review,unsupported_payload_operator,usa operador de payload ainda nao suportado automaticamente pelo adaptador,"alert tcp $EXTERNAL_NET any -> $HOME_NET 20256 ( msg:""PROTOCOL-SCADA PCOM Write System Bits ASCII request ""; flow:to_server,established; byte_test:1,=,101,2; content:""SS"",depth 2,offset 9; metadata:policy max-detect-ips drop,ruleset community; reference:url,unitronicsplc.com; classtype:attempted-recon; sid:48995; rev:2; )"
3785,48996,PROTOCOL-SCADA PCOM Read System Longs ASCII request ,review,unsupported_payload_operator,usa operador de payload ainda nao suportado automaticamente pelo adaptador,"alert tcp $EXTERNAL_NET any -> $HOME_NET 20256 ( msg:""PROTOCOL-SCADA PCOM Read System Longs ASCII request ""; flow:to_server,established; byte_test:1,=,101,2; content:""RNH"",depth 3,offset 9; metadata:policy max-detect-ips drop,ruleset community; reference:url,unitronicsplc.com; classtype:attempted-recon; sid:48996; rev:2; )"
3786,48997,PROTOCOL-SCADA PCOM Read System Integers ASCII request ,review,unsupported_payload_operator,usa operador de payload ainda nao suportado automaticamente pelo adaptador,"alert tcp $EXTERNAL_NET any -> $HOME_NET 20256 ( msg:""PROTOCOL-SCADA PCOM Read System Integers ASCII request ""; flow:to_server,established; byte_test:1,=,101,2; content:""GF"",depth 2,offset 9; metadata:policy max-detect-ips drop,ruleset community; reference:url,unitronicsplc.com; classtype:attempted-recon; sid:48997; rev:2; )"
3787,48998,PROTOCOL-SCADA PCOM Read Memory Bits ASCII request ,review,unsupported_payload_operator,usa operador de payload ainda nao suportado automaticamente pelo adaptador,"alert tcp $EXTERNAL_NET any -> $HOME_NET 20256 ( msg:""PROTOCOL-SCADA PCOM Read Memory Bits ASCII request ""; flow:to_server,established; byte_test:1,=,101,2; content:""RB"",depth 2,offset 9; metadata:policy max-detect-ips drop,ruleset community; reference:url,unitronicsplc.com; classtype:attempted-recon; sid:48998; rev:2; )"
3788,48999,PROTOCOL-SCADA PCOM Write Ouputs ASCII request ,review,unsupported_payload_operator,usa operador de payload ainda nao suportado automaticamente pelo adaptador,"alert tcp $EXTERNAL_NET any -> $HOME_NET 20256 ( msg:""PROTOCOL-SCADA PCOM Write Ouputs ASCII request ""; flow:to_server,established; byte_test:1,=,101,2; content:""SA"",depth 2,offset 9; metadata:policy max-detect-ips drop,ruleset community; reference:url,unitronicsplc.com; classtype:attempted-recon; sid:48999; rev:2; )"
3789,49000,PROTOCOL-SCADA PCOM Stop Device ASCII request ,review,unsupported_payload_operator,usa operador de payload ainda nao suportado automaticamente pelo adaptador,"alert tcp $EXTERNAL_NET any -> $HOME_NET 20256 ( msg:""PROTOCOL-SCADA PCOM Stop Device ASCII request ""; flow:to_server,established; byte_test:1,=,101,2; content:""CCS"",depth 3,offset 9; metadata:policy max-detect-ips drop,ruleset community; reference:url,unitronicsplc.com; classtype:attempted-dos; sid:49000; rev:2; )"
3790,49001,PROTOCOL-SCADA PCOM Start Device ASCII request ,review,unsupported_payload_operator,usa operador de payload ainda nao suportado automaticamente pelo adaptador,"alert tcp $EXTERNAL_NET any -> $HOME_NET 20256 ( msg:""PROTOCOL-SCADA PCOM Start Device ASCII request ""; flow:to_server,established; byte_test:1,=,101,2; content:""CCR"",depth 3,offset 9; metadata:policy max-detect-ips drop,ruleset community; reference:url,unitronicsplc.com; classtype:attempted-dos; sid:49001; rev:2; )"
3791,49002,PROTOCOL-SCADA PCOM Write System Longs ASCII request ,review,unsupported_payload_operator,usa operador de payload ainda nao suportado automaticamente pelo adaptador,"alert tcp $EXTERNAL_NET any -> $HOME_NET 20256 ( msg:""PROTOCOL-SCADA PCOM Write System Longs ASCII request ""; flow:to_server,established; byte_test:1,=,101,2; content:""SNH"",depth 3,offset 9; metadata:policy max-detect-ips drop,ruleset community; reference:url,unitronicsplc.com; classtype:attempted-recon; sid:49002; rev:2; )"
3792,49003,PROTOCOL-SCADA PCOM Get RTC ASCII request ,review,unsupported_payload_operator,usa operador de payload ainda nao suportado automaticamente pelo adaptador,"alert tcp $EXTERNAL_NET any -> $HOME_NET 20256 ( msg:""PROTOCOL-SCADA PCOM Get RTC ASCII request ""; flow:to_server,established; byte_test:1,=,101,2; content:""RC"",depth 2,offset 9; metadata:policy max-detect-ips drop,ruleset community; reference:url,unitronicsplc.com; classtype:attempted-recon; sid:49003; rev:2; )"
3793,49004,PROTOCOL-SCADA PCOM Write Memory Bits ASCII request ,review,unsupported_payload_operator,usa operador de payload ainda nao suportado automaticamente pelo adaptador,"alert tcp $EXTERNAL_NET any -> $HOME_NET 20256 ( msg:""PROTOCOL-SCADA PCOM Write Memory Bits ASCII request ""; flow:to_server,established; byte_test:1,=,101,2; content:""SB"",depth 2,offset 9; metadata:policy max-detect-ips drop,ruleset community; reference:url,unitronicsplc.com; classtype:attempted-recon; sid:49004; rev:2; )"
3794,49005,PROTOCOL-SCADA PCOM Reset Device ASCII request ,review,unsupported_payload_operator,usa operador de payload ainda nao suportado automaticamente pelo adaptador,"alert tcp $EXTERNAL_NET any -> $HOME_NET 20256 ( msg:""PROTOCOL-SCADA PCOM Reset Device ASCII request ""; flow:to_server,established; byte_test:1,=,101,2; content:""CCE"",depth 3,offset 9; metadata:policy max-detect-ips drop,ruleset community; reference:url,unitronicsplc.com; classtype:attempted-dos; sid:49005; rev:2; )"
3795,49006,PROTOCOL-SCADA PCOM Write Memory Longs ASCII request ,review,unsupported_payload_operator,usa operador de payload ainda nao suportado automaticamente pelo adaptador,"alert tcp $EXTERNAL_NET any -> $HOME_NET 20256 ( msg:""PROTOCOL-SCADA PCOM Write Memory Longs ASCII request ""; flow:to_server,established; byte_test:1,=,101,2; content:""SNL"",depth 3,offset 9; metadata:policy max-detect-ips drop,ruleset community; reference:url,unitronicsplc.com; classtype:attempted-recon; sid:49006; rev:2; )"
3796,49007,PROTOCOL-SCADA PCOM Write Memory Integers ASCII request ,review,unsupported_payload_operator,usa operador de payload ainda nao suportado automaticamente pelo adaptador,"alert tcp $EXTERNAL_NET any -> $HOME_NET 20256 ( msg:""PROTOCOL-SCADA PCOM Write Memory Integers ASCII request ""; flow:to_server,established; byte_test:1,=,101,2; content:""SW"",depth 2,offset 9; metadata:policy max-detect-ips drop,ruleset community; reference:url,unitronicsplc.com; classtype:attempted-recon; sid:49007; rev:2; )"
3797,49008,PROTOCOL-SCADA PCOM Read Operands binary request,review,unsupported_payload_operator,usa operador de payload ainda nao suportado automaticamente pelo adaptador,"alert tcp $EXTERNAL_NET any -> $HOME_NET 20256 ( msg:""PROTOCOL-SCADA PCOM Read Operands binary request""; flow:to_server,established; byte_test:1,=,102,2; content:""|4D|"",depth 1,offset 18; metadata:policy max-detect-ips drop,ruleset community; reference:url,unitronicsplc.com; classtype:attempted-recon; sid:49008; rev:2; )"
3798,49009,PROTOCOL-SCADA PCOM Set UnitID ASCII reply,review,unsupported_payload_operator,usa operador de payload ainda nao suportado automaticamente pelo adaptador,"alert tcp $HOME_NET 20256 -> $EXTERNAL_NET any ( msg:""PROTOCOL-SCADA PCOM Set UnitID ASCII reply""; flow:to_client,established; byte_test:1,=,101,2; content:""US"",depth 2,offset 10; metadata:policy max-detect-ips drop,ruleset community; reference:url,unitronicsplc.com; classtype:attempted-recon; sid:49009; rev:2; )"
3799,49010,PROTOCOL-SCADA PCOM Get RTC ASCII reply,review,unsupported_payload_operator,usa operador de payload ainda nao suportado automaticamente pelo adaptador,"alert tcp $HOME_NET 20256 -> $EXTERNAL_NET any ( msg:""PROTOCOL-SCADA PCOM Get RTC ASCII reply""; flow:to_client,established; byte_test:1,=,101,2; content:""RC"",depth 2,offset 10; metadata:policy max-detect-ips drop,ruleset community; reference:url,unitronicsplc.com; classtype:attempted-recon; sid:49010; rev:2; )"
3800,49011,PROTOCOL-SCADA PCOM Identification ASCII reply,review,unsupported_payload_operator,usa operador de payload ainda nao suportado automaticamente pelo adaptador,"alert tcp $HOME_NET 20256 -> $EXTERNAL_NET any ( msg:""PROTOCOL-SCADA PCOM Identification ASCII reply""; flow:to_client,established; byte_test:1,=,101,2; content:""ID"",depth 2,offset 10; metadata:policy max-detect-ips drop,ruleset community; reference:url,unitronicsplc.com; classtype:attempted-recon; sid:49011; rev:2; )"
3801,49012,PROTOCOL-SCADA PCOM Write Data Table binary request,review,unsupported_payload_operator,usa operador de payload ainda nao suportado automaticamente pelo adaptador,"alert tcp $EXTERNAL_NET any -> $HOME_NET 20256 ( msg:""PROTOCOL-SCADA PCOM Write Data Table binary request""; flow:to_server,established; byte_test:1,=,102,2; content:""|44|"",depth 1,offset 18; metadata:policy max-detect-ips drop,ruleset community; reference:url,unitronicsplc.com; classtype:attempted-recon; sid:49012; rev:2; )"
3802,49013,PROTOCOL-SCADA PCOM Get UnitID ASCII reply,review,unsupported_payload_operator,usa operador de payload ainda nao suportado automaticamente pelo adaptador,"alert tcp $HOME_NET 20256 -> $EXTERNAL_NET any ( msg:""PROTOCOL-SCADA PCOM Get UnitID ASCII reply""; flow:to_client,established; byte_test:1,=,101,2; content:""UG"",depth 2,offset 10; metadata:policy max-detect-ips drop,ruleset community; reference:url,unitronicsplc.com; classtype:attempted-recon; sid:49013; rev:2; )"
3803,49014,PROTOCOL-SCADA PCOM Read Data Table binary request,review,unsupported_payload_operator,usa operador de payload ainda nao suportado automaticamente pelo adaptador,"alert tcp $EXTERNAL_NET any -> $HOME_NET 20256 ( msg:""PROTOCOL-SCADA PCOM Read Data Table binary request""; flow:to_server,established; byte_test:1,=,102,2; content:""|04|"",depth 1,offset 18; metadata:policy max-detect-ips drop,ruleset community; reference:url,unitronicsplc.com; classtype:attempted-recon; sid:49014; rev:2; )"
3804,49015,PROTOCOL-SCADA PCOM Get PLC Name binary request,review,unsupported_payload_operator,usa operador de payload ainda nao suportado automaticamente pelo adaptador,"alert tcp $EXTERNAL_NET any -> $HOME_NET 20256 ( msg:""PROTOCOL-SCADA PCOM Get PLC Name binary request""; flow:to_server,established; byte_test:1,=,102,2; content:""|0C|"",depth 1,offset 18; metadata:policy max-detect-ips drop,ruleset community; reference:url,unitronicsplc.com; classtype:attempted-recon; sid:49015; rev:2; )"
3805,49016,PROTOCOL-SCADA PCOM Set RTC ASCII reply,review,unsupported_payload_operator,usa operador de payload ainda nao suportado automaticamente pelo adaptador,"alert tcp $HOME_NET 20256 -> $EXTERNAL_NET any ( msg:""PROTOCOL-SCADA PCOM Set RTC ASCII reply""; flow:to_client,established; byte_test:1,=,101,2; content:""SC"",depth 2,offset 10; metadata:policy max-detect-ips drop,ruleset community; reference:url,unitronicsplc.com; classtype:attempted-recon; sid:49016; rev:2; )"
3806,49017,PROTOCOL-SCADA PCOM Read Inputs ASCII reply,review,unsupported_payload_operator,usa operador de payload ainda nao suportado automaticamente pelo adaptador,"alert tcp $HOME_NET 20256 -> $EXTERNAL_NET any ( msg:""PROTOCOL-SCADA PCOM Read Inputs ASCII reply""; flow:to_client,established; byte_test:1,=,101,2; content:""RE"",depth 2,offset 10; metadata:policy max-detect-ips drop,ruleset community; reference:url,unitronicsplc.com; classtype:attempted-recon; sid:49017; rev:2; )"
3807,49018,PROTOCOL-SCADA PCOM Read System Bits ASCII reply,review,unsupported_payload_operator,usa operador de payload ainda nao suportado automaticamente pelo adaptador,"alert tcp $HOME_NET 20256 -> $EXTERNAL_NET any ( msg:""PROTOCOL-SCADA PCOM Read System Bits ASCII reply""; flow:to_client,established; byte_test:1,=,101,2; content:""GS"",depth 2,offset 10; metadata:policy max-detect-ips drop,ruleset community; reference:url,unitronicsplc.com; classtype:attempted-recon; sid:49018; rev:2; )"
3808,49019,PROTOCOL-SCADA PCOM Read Longs ASCII reply,review,unsupported_payload_operator,usa operador de payload ainda nao suportado automaticamente pelo adaptador,"alert tcp $HOME_NET 20256 -> $EXTERNAL_NET any ( msg:""PROTOCOL-SCADA PCOM Read Longs ASCII reply""; flow:to_client,established; byte_test:1,=,101,2; content:""RN"",depth 2,offset 10; metadata:policy max-detect-ips drop,ruleset community; reference:url,unitronicsplc.com; classtype:attempted-recon; sid:49019; rev:2; )"
3809,49020,PROTOCOL-SCADA PCOM Read System Integers ASCII reply,review,unsupported_payload_operator,usa operador de payload ainda nao suportado automaticamente pelo adaptador,"alert tcp $HOME_NET 20256 -> $EXTERNAL_NET any ( msg:""PROTOCOL-SCADA PCOM Read System Integers ASCII reply""; flow:to_client,established; byte_test:1,=,101,2; content:""GF"",depth 2,offset 10; metadata:policy max-detect-ips drop,ruleset community; reference:url,unitronicsplc.com; classtype:attempted-recon; sid:49020; rev:2; )"
3810,49021,PROTOCOL-SCADA PCOM Read Ouputs ASCII reply,review,unsupported_payload_operator,usa operador de payload ainda nao suportado automaticamente pelo adaptador,"alert tcp $HOME_NET 20256 -> $EXTERNAL_NET any ( msg:""PROTOCOL-SCADA PCOM Read Ouputs ASCII reply""; flow:to_client,established; byte_test:1,=,101,2; content:""RA"",depth 2,offset 10; metadata:policy max-detect-ips drop,ruleset community; reference:url,unitronicsplc.com; classtype:attempted-recon; sid:49021; rev:2; )"
3811,49022,PROTOCOL-SCADA PCOM Read Memory Bits ASCII reply,review,unsupported_payload_operator,usa operador de payload ainda nao suportado automaticamente pelo adaptador,"alert tcp $HOME_NET 20256 -> $EXTERNAL_NET any ( msg:""PROTOCOL-SCADA PCOM Read Memory Bits ASCII reply""; flow:to_client,established; byte_test:1,=,101,2; content:""RB"",depth 2,offset 10; metadata:policy max-detect-ips drop,ruleset community; reference:url,unitronicsplc.com; classtype:attempted-recon; sid:49022; rev:2; )"
3812,49023,PROTOCOL-SCADA PCOM Read Memory Integers ASCII reply,review,unsupported_payload_operator,usa operador de payload ainda nao suportado automaticamente pelo adaptador,"alert tcp $HOME_NET 20256 -> $EXTERNAL_NET any ( msg:""PROTOCOL-SCADA PCOM Read Memory Integers ASCII reply""; flow:to_client,established; byte_test:1,=,101,2; content:""RW"",depth 2,offset 10; metadata:policy max-detect-ips drop,ruleset community; reference:url,unitronicsplc.com; classtype:attempted-recon; sid:49023; rev:2; )"
3813,49024,PROTOCOL-SCADA PCOM Write Memory Bits ASCII reply,review,unsupported_payload_operator,usa operador de payload ainda nao suportado automaticamente pelo adaptador,"alert tcp $HOME_NET 20256 -> $EXTERNAL_NET any ( msg:""PROTOCOL-SCADA PCOM Write Memory Bits ASCII reply""; flow:to_client,established; byte_test:1,=,101,2; content:""SB"",depth 2,offset 10; metadata:policy max-detect-ips drop,ruleset community; reference:url,unitronicsplc.com; classtype:attempted-recon; sid:49024; rev:2; )"
3814,49025,PROTOCOL-SCADA PCOM Write System Integers ASCII reply,review,unsupported_payload_operator,usa operador de payload ainda nao suportado automaticamente pelo adaptador,"alert tcp $HOME_NET 20256 -> $EXTERNAL_NET any ( msg:""PROTOCOL-SCADA PCOM Write System Integers ASCII reply""; flow:to_client,established; byte_test:1,=,101,2; content:""SF"",depth 2,offset 10; metadata:policy max-detect-ips drop,ruleset community; reference:url,unitronicsplc.com; classtype:attempted-recon; sid:49025; rev:2; )"
3815,49026,PROTOCOL-SCADA PCOM Write System Bits ASCII reply,review,unsupported_payload_operator,usa operador de payload ainda nao suportado automaticamente pelo adaptador,"alert tcp $HOME_NET 20256 -> $EXTERNAL_NET any ( msg:""PROTOCOL-SCADA PCOM Write System Bits ASCII reply""; flow:to_client,established; byte_test:1,=,101,2; content:""SS"",depth 2,offset 10; metadata:policy max-detect-ips drop,ruleset community; reference:url,unitronicsplc.com; classtype:attempted-recon; sid:49026; rev:2; )"
3816,49027,PROTOCOL-SCADA PCOM Write Ouputs ASCII reply,review,unsupported_payload_operator,usa operador de payload ainda nao suportado automaticamente pelo adaptador,"alert tcp $HOME_NET 20256 -> $EXTERNAL_NET any ( msg:""PROTOCOL-SCADA PCOM Write Ouputs ASCII reply""; flow:to_client,established; byte_test:1,=,101,2; content:""SA"",depth 2,offset 10; metadata:policy max-detect-ips drop,ruleset community; reference:url,unitronicsplc.com; classtype:attempted-recon; sid:49027; rev:2; )"
3817,49028,PROTOCOL-SCADA PCOM Write Memory Integers ASCII reply,review,unsupported_payload_operator,usa operador de payload ainda nao suportado automaticamente pelo adaptador,"alert tcp $HOME_NET 20256 -> $EXTERNAL_NET any ( msg:""PROTOCOL-SCADA PCOM Write Memory Integers ASCII reply""; flow:to_client,established; byte_test:1,=,101,2; content:""SW"",depth 2,offset 10; metadata:policy max-detect-ips drop,ruleset community; reference:url,unitronicsplc.com; classtype:attempted-recon; sid:49028; rev:2; )"
3818,49029,PROTOCOL-SCADA PCOM Write Longs ASCII reply,review,unsupported_payload_operator,usa operador de payload ainda nao suportado automaticamente pelo adaptador,"alert tcp $HOME_NET 20256 -> $EXTERNAL_NET any ( msg:""PROTOCOL-SCADA PCOM Write Longs ASCII reply""; flow:to_client,established; byte_test:1,=,101,2; content:""SN"",depth 2,offset 10; metadata:policy max-detect-ips drop,ruleset community; reference:url,unitronicsplc.com; classtype:attempted-recon; sid:49029; rev:2; )"
3819,49030,PROTOCOL-SCADA PCOM Read Operands binary reply,review,unsupported_payload_operator,usa operador de payload ainda nao suportado automaticamente pelo adaptador,"alert tcp $HOME_NET 20256 -> $EXTERNAL_NET any ( msg:""PROTOCOL-SCADA PCOM Read Operands binary reply""; flow:to_client,established; byte_test:1,=,102,2; content:""|CD|"",depth 1,offset 18; metadata:policy max-detect-ips drop,ruleset community; reference:url,unitronicsplc.com; classtype:attempted-recon; sid:49030; rev:2; )"
3820,49031,PROTOCOL-SCADA PCOM Get PLC Name binary reply,review,unsupported_payload_operator,usa operador de payload ainda nao suportado automaticamente pelo adaptador,"alert tcp $HOME_NET 20256 -> $EXTERNAL_NET any ( msg:""PROTOCOL-SCADA PCOM Get PLC Name binary reply""; flow:to_client,established; byte_test:1,=,102,2; content:""|8C|"",depth 1,offset 18; metadata:policy max-detect-ips drop,ruleset community; reference:url,unitronicsplc.com; classtype:attempted-recon; sid:49031; rev:2; )"
3821,49032,PROTOCOL-SCADA PCOM Write Data Table binary reply,review,unsupported_payload_operator,usa operador de payload ainda nao suportado automaticamente pelo adaptador,"alert tcp $HOME_NET 20256 -> $EXTERNAL_NET any ( msg:""PROTOCOL-SCADA PCOM Write Data Table binary reply""; flow:to_client,established; byte_test:1,=,102,2; content:""|C4|"",depth 1,offset 18; metadata:policy max-detect-ips drop,ruleset community; reference:url,unitronicsplc.com; classtype:attempted-recon; sid:49032; rev:2; )"
3822,49033,PROTOCOL-SCADA PCOM Read Data Table binary reply,review,unsupported_payload_operator,usa operador de payload ainda nao suportado automaticamente pelo adaptador,"alert tcp $HOME_NET 20256 -> $EXTERNAL_NET any ( msg:""PROTOCOL-SCADA PCOM Read Data Table binary reply""; flow:to_client,established; byte_test:1,=,102,2; content:""|84|"",depth 1,offset 18; metadata:policy max-detect-ips drop,ruleset community; reference:url,unitronicsplc.com; classtype:attempted-recon; sid:49033; rev:2; )"
3890,52548,MALWARE-CNC Win.Trojan.XpertRAT inbound connection,review,unsupported_payload_operator,usa operador de payload ainda nao suportado automaticamente pelo adaptador,"alert tcp $EXTERNAL_NET any -> $HOME_NET any ( msg:""MALWARE-CNC Win.Trojan.XpertRAT inbound connection""; flow:to_client,established; isdataat:!12; content:""|7C 30 7C A1 40 23 40 21|"",depth 8,offset 3; metadata:impact_flag red,policy balanced-ips drop,policy max-detect-ips drop,policy security-ips drop,ruleset community; reference:url,www.virustotal.com/gui/file/064d1d9a20f737679bb7ce912854c7ab29f78a0716ee8bc8dc69ade02acdca5a/detection; classtype:trojan-activity; sid:52548; rev:1; )"
3891,52549,MALWARE-CNC Win.Trojan.XpertRAT outbound connection,review,unsupported_payload_operator,usa operador de payload ainda nao suportado automaticamente pelo adaptador,"alert tcp $HOME_NET any -> $EXTERNAL_NET any ( msg:""MALWARE-CNC Win.Trojan.XpertRAT outbound connection""; flow:to_server,established; isdataat:!11; content:""|7C|root|7C|"",depth 6,offset 3; metadata:impact_flag red,policy balanced-ips drop,policy max-detect-ips drop,policy security-ips drop,ruleset community; reference:url,www.virustotal.com/gui/file/064d1d9a20f737679bb7ce912854c7ab29f78a0716ee8bc8dc69ade02acdca5a/detection; classtype:trojan-activity; sid:52549; rev:1; )"
